taskId,lengthMI
1,425362
2,148023
3,993711
4,20471
5,437396
6,106832
7,528373
8,59334
9,780973
10,16917
11,412811
12,31446
13,616313
14,352224
15,127511
16,399415
17,25060
18,140573
19,87617
20,30001
21,28329
22,74443
23,45436
24,392982
25,111442
26,711289
27,31879
28,88878
29,32574
30,331993
31,87938
32,322089
33,520483
34,65239
35,282357
36,383132
37,332872
38,142951
39,98158
40,78821
41,641231
42,267453
43,403368
44,209206
45,243419
46,91800
47,131229
48,424795
49,653766
50,67956
51,418227
52,634511
53,136820
54,217244
55,54893
56,979791
57,205299
58,444327
59,264702
60,84412
61,41204
62,341808
63,95660
64,306588
65,103491
66,104668
67,243602
68,603204
69,40264
70,109221
71,20517
72,44847
73,80366
74,204022
75,386163
76,78866
77,27117
78,255106
79,104183
80,219906
81,285631
82,313953
83,78538
84,10713
85,10051
86,114881
87,578259
88,23629
89,79354
90,506666
91,52226
92,143176
93,15429
94,293874
95,147843
96,361832
97,784227
98,123807
99,69773
100,289845
101,148636
102,54688
103,78889
104,249381
105,363922
106,20307
107,143070
108,942141
109,43062
110,57025
111,403915
112,25593
113,300975
114,519690
115,642525
116,104499
117,147162
118,276315
119,20101
120,868468
121,74105
122,287563
123,241046
124,402408
125,19522
126,327660
127,50716
128,278093
129,396109
130,59735
131,359786
132,399158
133,435734
134,554982
135,349940
136,593996
137,293801
138,131313
139,91140
140,99940
141,255264
142,51743
143,33243
144,131038
145,126001
146,129688
147,244552
148,147971
149,701210
150,102535
151,64580
152,58729
153,53449
154,92181
155,144325
156,399211
157,252050
158,255014
159,129369
160,54929
161,298352
162,375866
163,397967
164,30559
165,523646
166,103762
167,82639
168,357380
169,269054
170,384718
171,301126
172,334649
173,25651
174,52681
175,106869
176,347055
177,940146
178,345737
179,137018
180,653761
181,350351
182,235086
183,255990
184,93965
185,663265
186,63640
187,124113
188,92254
189,788365
190,380474
191,77119
192,796000
193,50668
194,297172
195,20643
196,58086
197,435373
198,232071
199,776333
200,885612
201,113113
202,43041
203,350818
204,442527
205,17509
206,366248
207,619702
208,36832
209,84319
210,587778
211,123555
212,144028
213,732681
214,387303
215,46694
216,99814
217,308393
218,113612
219,827338
220,230499
221,50885
222,78086
223,44892
224,58366
225,442371
226,59595
227,836885
228,136832
229,377511
230,71285
231,145586
232,147674
233,369478
234,64002
235,85660
236,43681
237,220877
238,21226
239,278449
240,331408
241,43794
242,29266
243,352621
244,319462
245,40793
246,73883
247,86506
248,296178
249,448313
250,49527
251,989520
252,134251
253,263712
254,82350
255,272488
256,63661
257,52580
258,43165
259,334951
260,40929
261,103109
262,101535
263,889350
264,15413
265,286863
266,147143
267,337090
268,127771
269,137575
270,139640
271,130526
272,365903
273,385897
274,123127
275,36506
276,959917
277,39269
278,76441
279,45709
280,395916
281,791610
282,85429
283,100644
284,249875
285,432357
286,815606
287,780303
288,61908
289,282357
290,100724
291,245647
292,125306
293,231881
294,40381
295,83110
296,696708
297,224679
298,129574
299,109197
300,112483
301,108119
302,333270
303,524122
304,591522
305,124935
306,360267
307,293990
308,561596
309,104648
310,85942
311,77611
312,229250
313,118958
314,41346
315,102248
316,77599
317,27475
318,871661
319,98561
320,26492
321,13180
322,313745
323,72384
324,105052
325,252122
326,42748
327,16379
328,75641
329,34223
330,34083
331,358202
332,811520
333,129241
334,317126
335,16493
336,72522
337,222526
338,78241
339,381085
340,999099
341,772507
342,38698
343,13280
344,47644
345,965789
346,82666
347,966681
348,87437
349,888058
350,30137
351,75920
352,930059
353,221275
354,215563
355,50404
356,74796
357,347592
358,116186
359,271055
360,140537
361,77297
362,851800
363,261130
364,45793
365,889973
366,124376
367,123410
368,133671
369,119467
370,937852
371,273832
372,401687
373,38279
374,23338
375,30923
376,11435
377,977967
378,288413
379,223236
380,135694
381,111596
382,119446
383,607659
384,335136
385,380652
386,106989
387,89642
388,410866
389,53146
390,20243
391,521916
392,147036
393,295581
394,553900
395,779963
396,841912
397,107931
398,315516
399,414896
400,47829
401,330711
402,273369
403,71310
404,72106
405,638139
406,253891
407,65259
408,270019
409,24703
410,106116
411,44060
412,439402
413,80622
414,336391
415,440483
416,545126
417,306865
418,834566
419,405614
420,390628
421,332700
422,145847
423,395369
424,805795
425,735000
426,606792
427,317333
428,338816
429,300887
430,61452
431,215481
432,11813
433,229049
434,734326
435,89878
436,110476
437,710817
438,40599
439,283741
440,75324
441,877333
442,396781
443,115660
444,67067
445,25831
446,86236
447,86166
448,109402
449,879663
450,847420
451,211356
452,110297
453,57906
454,516686
455,296726
456,962025
457,287143
458,275284
459,82574
460,64990
461,522819
462,130183
463,303022
464,713803
465,661665
466,362668
467,144716
468,98654
469,23656
470,844342
471,684642
472,372151
473,35767
474,329168
475,210874
476,719335
477,122468
478,297493
479,53906
480,31198
481,231641
482,28981
483,737565
484,15259
485,83171
486,138523
487,144933
488,295178
489,68365
490,691565
491,106505
492,132574
493,430250
494,136366
495,403579
496,13034
497,361230
498,422943
499,756986
500,367790
501,287617
502,711643
503,80180
504,20729
505,289251
506,804784
507,59440
508,209622
509,929627
510,76695
511,430617
512,149745
513,341870
514,275116
515,62000
516,243917
517,56217
518,98701
519,95547
520,23790
521,100870
522,78036
523,35509
524,230035
525,261941
526,695829
527,130866
528,393841
529,551102
530,282059
531,334952
532,217553
533,348773
534,378484
535,230094
536,17602
537,108453
538,143638
539,333900
540,48221
541,689186
542,46801
543,225887
544,436831
545,765786
546,380816
547,121716
548,989440
549,49390
550,406045
551,38548
552,563990
553,62602
554,432762
555,37466
556,144700
557,142754
558,305593
559,97584
560,69200
561,12555
562,74630
563,86755
564,227072
565,65380
566,356913
567,891525
568,354862
569,424895
570,132637
571,408132
572,341900
573,526524
574,87591
575,313042
576,222622
577,365195
578,72113
579,300849
580,146517
581,433307
582,212509
583,243844
584,112848
585,19133
586,96236
587,377690
588,43188
589,715067
590,344482
591,68882
592,866773
593,121888
594,71616
595,205861
596,63710
597,44552
598,50340
599,448518
600,812742
601,362816
602,707520
603,101917
604,447076
605,437918
606,119521
607,603621
608,248788
609,342686
610,272136
611,38371
612,363325
613,831973
614,19616
615,274333
616,105210
617,24696
618,273964
619,47377
620,18648
621,291955
622,252285
623,350497
624,121063
625,110169
626,284894
627,251606
628,224043
629,288909
630,578543
631,148289
632,215644
633,76239
634,352765
635,686247
636,330778
637,51988
638,271793
639,208140
640,992939
641,358011
642,31445
643,289548
644,114243
645,73607
646,558122
647,74660
648,751676
649,345646
650,416133
651,874384
652,26198
653,77703
654,857856
655,284749
656,271425
657,105642
658,722492
659,938186
660,56008
661,69103
662,278837
663,81301
664,669472
665,317732
666,119579
667,21011
668,290799
669,46678
670,93789
671,121725
672,306393
673,875724
674,641267
675,440310
676,80513
677,103668
678,247162
679,315614
680,122302
681,216799
682,99015
683,32974
684,961037
685,282222
686,125848
687,65656
688,118262
689,16303
690,332901
691,232967
692,281975
693,305235
694,386064
695,93413
696,781031
697,230626
698,402314
699,297008
700,592081
701,111066
702,110329
703,290232
704,998370
705,238294
706,87347
707,123826
708,447481
709,409471
710,55208
711,393828
712,328518
713,297680
714,356194
715,69683
716,28086
717,19181
718,133997
719,960775
720,147040
721,288003
722,573121
723,34100
724,893118
725,295564
726,94956
727,60095
728,404987
729,214778
730,705924
731,604793
732,306828
733,19054
734,65157
735,58598
736,445681
737,32420
738,115149
739,251528
740,674392
741,71170
742,132975
743,57674
744,37700
745,70067
746,126050
747,233822
748,397915
749,44607
750,27387
751,253544
752,19324
753,30207
754,134390
755,20964
756,230629
757,34272
758,332260
759,880182
760,74736
761,411659
762,70862
763,764742
764,790435
765,439412
766,68267
767,433098
768,114854
769,443801
770,929877
771,376376
772,23006
773,103787
774,124520
775,671701
776,278665
777,133671
778,81336
779,289700
780,362911
781,800081
782,143108
783,329770
784,961747
785,383202
786,846006
787,348667
788,390874
789,639889
790,133351
791,702144
792,691121
793,391705
794,231625
795,248088
796,74576
797,28434
798,133683
799,355895
800,206053
801,74736
802,283672
803,140203
804,691723
805,262347
806,148527
807,997824
808,81302
809,18584
810,76203
811,706828
812,305030
813,902543
814,614149
815,122232
816,71663
817,147205
818,24802
819,427465
820,712527
821,793215
822,214639
823,276873
824,274145
825,93799
826,68993
827,841267
828,79205
829,240603
830,322921
831,209981
832,245469
833,432058
834,296981
835,56690
836,655656
837,244511
838,703325
839,279164
840,134807
841,364583
842,59198
843,100584
844,18139
845,269494
846,87852
847,765142
848,896799
849,220422
850,343787
851,71349
852,696719
853,239753
854,390955
855,106066
856,13926
857,65878
858,610211
859,136745
860,449152
861,262887
862,123940
863,373571
864,82961
865,136404
866,267173
867,993030
868,589206
869,332473
870,84294
871,957378
872,54389
873,334712
874,133917
875,40471
876,529020
877,975758
878,87146
879,314398
880,111577
881,58690
882,111296
883,94129
884,122913
885,13526
886,271786
887,113056
888,120049
889,49960
890,104194
891,442056
892,314146
893,504026
894,345292
895,393592
896,86767
897,430373
898,336160
899,59744
900,889450
901,615772
902,87179
903,117583
904,367336
905,329387
906,38377
907,938558
908,862371
909,528142
910,232249
911,300424
912,125727
913,445974
914,358308
915,95031
916,140908
917,438964
918,397004
919,706919
920,72729
921,253811
922,314273
923,144709
924,907960
925,42122
926,145010
927,431001
928,264523
929,276342
930,295772
931,22274
932,105260
933,128086
934,834002
935,503828
936,29632
937,570311
938,551405
939,387771
940,728482
941,136286
942,120026
943,513726
944,404024
945,132137
946,27758
947,43080
948,74947
949,261589
950,90691
951,254494
952,127709
953,117589
954,215597
955,114013
956,387676
957,105623
958,927458
959,13414
960,68051
961,971646
962,126519
963,120539
964,752696
965,285310
966,62009
967,107299
968,327892
969,733513
970,56955
971,230137
972,207122
973,102252
974,133074
975,356928
976,911742
977,288443
978,212140
979,808553
980,118265
981,324447
982,65137
983,145862
984,13004
985,139985
986,19760
987,109691
988,143382
989,421781
990,573177
991,146547
992,126633
993,536360
994,24365
995,123215
996,39708
997,135548
998,111458
999,94980
1000,309084
1001,412428
1002,420711
1003,38434
1004,417354
1005,234703
1006,954288
1007,136639
1008,103766
1009,503891
1010,86346
1011,11555
1012,255041
1013,299554
1014,847508
1015,93678
1016,88280
1017,415771
1018,70644
1019,93783
1020,67498
1021,946186
1022,12161
1023,76713
1024,365148
1025,530530
1026,411982
1027,203806
1028,62710
1029,829790
1030,361039
1031,12152
1032,110790
1033,379223
1034,43780
1035,967079
1036,58636
1037,90696
1038,121749
1039,875290
1040,237148
1041,70868
1042,58744
1043,92985
1044,304795
1045,325980
1046,964347
1047,137685
1048,124225
1049,108864
1050,116573
1051,259840
1052,106815
1053,18810
1054,38485
1055,123224
1056,364417
1057,36168
1058,311681
1059,345801
1060,318108
1061,334509
1062,245304
1063,734140
1064,94196
1065,288322
1066,375458
1067,114751
1068,524450
1069,67483
1070,34779
1071,14212
1072,276915
1073,15168
1074,17474
1075,615432
1076,83393
1077,12892
1078,909556
1079,64985
1080,41926
1081,284664
1082,349491
1083,60656
1084,41020
1085,414441
1086,274370
1087,353789
1088,77119
1089,305331
1090,49679
1091,118028
1092,31545
1093,147286
1094,901666
1095,90013
1096,208671
1097,105392
1098,357959
1099,60417
1100,215113
1101,19200
1102,102449
1103,60455
1104,864915
1105,399861
1106,701912
1107,634975
1108,81339
1109,91891
1110,100610
1111,441875
1112,92247
1113,242467
1114,108602
1115,290955
1116,89497
1117,95658
1118,202886
1119,370635
1120,143955
1121,252256
1122,207403
1123,108808
1124,333947
1125,389279
1126,104536
1127,884929
1128,442478
1129,521311
1130,878062
1131,336574
1132,44986
1133,866372
1134,232827
1135,423263
1136,124022
1137,20067
1138,89819
1139,53595
1140,725517
1141,211299
1142,332974
1143,398362
1144,280712
1145,429691
1146,57500
1147,23373
1148,379822
1149,279363
1150,316997
1151,111154
1152,294473
1153,624851
1154,431330
1155,239611
1156,318812
1157,113596
1158,435083
1159,564105
1160,358645
1161,147030
1162,309564
1163,139639
1164,336908
1165,31078
1166,510903
1167,23314
1168,18197
1169,58921
1170,70480
1171,448684
1172,401844
1173,44039
1174,855630
1175,15402
1176,119317
1177,65324
1178,770655
1179,360146
1180,292021
1181,702702
1182,77012
1183,31402
1184,117664
1185,49092
1186,530103
1187,56371
1188,129409
1189,371363
1190,10240
1191,228234
1192,403714
1193,203273
1194,144650
1195,113956
1196,613932
1197,64211
1198,348477
1199,84246
1200,284546
1201,17554
1202,414855
1203,119046
1204,108203
1205,398729
1206,911924
1207,102813
1208,326850
1209,270264
1210,67314
1211,548672
1212,36712
1213,83682
1214,406540
1215,133020
1216,588100
1217,129129
1218,101685
1219,99000
1220,413546
1221,203729
1222,122515
1223,293267
1224,234203
1225,715779
1226,123608
1227,100249
1228,36582
1229,355296
1230,255267
1231,820251
1232,594794
1233,54169
1234,448480
1235,861735
1236,38208
1237,132139
1238,36588
1239,37984
1240,764518
1241,137648
1242,63813
1243,680061
1244,232430
1245,56450
1246,86316
1247,20328
1248,142474
1249,229199
1250,57899
1251,76468
1252,45061
1253,349024
1254,556379
1255,83020
1256,286919
1257,216045
1258,143646
1259,75453
1260,43492
1261,430646
1262,103715
1263,83730
1264,222616
1265,115472
1266,764911
1267,267479
1268,350587
1269,446130
1270,223164
1271,768642
1272,358504
1273,18019
1274,84235
1275,425109
1276,368511
1277,45809
1278,38476
1279,440416
1280,11126
1281,95234
1282,72741
1283,205952
1284,105245
1285,83402
1286,121877
1287,429146
1288,93591
1289,216556
1290,561085
1291,12001
1292,61673
1293,14823
1294,63040
1295,865124
1296,113776
1297,264370
1298,448877
1299,13202
1300,853381
1301,389573
1302,529744
1303,107838
1304,826820
1305,375867
1306,403836
1307,774133
1308,29762
1309,273936
1310,35680
1311,349273
1312,31544
1313,12816
1314,48329
1315,202994
1316,432739
1317,951852
1318,26483
1319,71974
1320,379575
1321,107925
1322,545066
1323,409287
1324,210352
1325,576999
1326,386149
1327,12039
1328,58487
1329,392387
1330,208659
1331,84389
1332,226644
1333,110843
1334,571628
1335,356329
1336,385873
1337,408327
1338,65102
1339,48262
1340,439478
1341,121152
1342,440841
1343,100602
1344,54884
1345,148084
1346,293956
1347,325867
1348,254809
1349,357143
1350,447414
1351,273021
1352,81335
1353,25877
1354,440178
1355,12600
1356,317049
1357,378458
1358,65736
1359,236460
1360,135347
1361,19008
1362,371859
1363,217503
1364,316006
1365,20898
1366,38493
1367,977879
1368,366170
1369,252043
1370,134009
1371,145267
1372,435450
1373,254662
1374,299593
1375,34157
1376,935438
1377,131334
1378,128752
1379,369686
1380,76226
1381,582260
1382,49655
1383,114440
1384,203782
1385,231653
1386,72103
1387,976342
1388,134990
1389,32852
1390,78401
1391,368636
1392,722157
1393,332748
1394,367976
1395,305109
1396,398239
1397,325045
1398,246948
1399,904387
1400,532548
1401,237268
1402,830407
1403,40771
1404,91519
1405,436364
1406,200476
1407,302210
1408,132430
1409,331358
1410,94473
1411,96210
1412,806253
1413,282444
1414,23367
1415,143807
1416,122957
1417,11099
1418,29209
1419,231600
1420,131948
1421,387347
1422,441006
1423,110329
1424,65592
1425,143582
1426,103113
1427,363080
1428,113613
1429,424949
1430,303195
1431,88928
1432,116493
1433,54505
1434,229241
1435,25460
1436,280499
1437,209616
1438,41768
1439,336928
1440,64542
1441,25823
1442,363327
1443,19987
1444,126376
1445,20696
1446,208279
1447,111382
1448,47106
1449,46039
1450,123396
1451,425188
1452,87379
1453,51811
1454,129369
1455,383710
1456,396601
1457,51344
1458,346091
1459,136669
1460,416569
1461,39911
1462,411412
1463,99912
1464,12321
1465,324662
1466,144834
1467,989561
1468,409505
1469,14422
1470,873561
1471,759104
1472,385966
1473,411831
1474,297748
1475,265545
1476,132874
1477,267894
1478,747015
1479,271662
1480,415021
1481,297095
1482,105412
1483,646038
1484,440629
1485,149690
1486,335995
1487,659920
1488,87736
1489,76367
1490,131605
1491,33459
1492,139883
1493,35821
1494,63935
1495,50445
1496,126002
1497,63023
1498,324985
1499,39800
1500,280776
1501,109367
1502,384566
1503,117520
1504,124224
1505,897441
1506,132020
1507,100491
1508,57056
1509,77034
1510,142776
1511,223154
1512,70676
1513,109089
1514,108555
1515,115465
1516,49415
1517,243804
1518,19838
1519,985794
1520,409521
1521,30892
1522,116331
1523,215582
1524,578657
1525,29854
1526,571709
1527,288274
1528,38584
1529,56226
1530,136186
1531,13617
1532,391738
1533,945105
1534,579668
1535,16244
1536,54281
1537,363053
1538,223396
1539,108624
1540,427059
1541,384808
1542,254993
1543,92129
1544,739440
1545,23709
1546,128046
1547,977621
1548,232102
1549,21521
1550,64265
1551,133272
1552,260514
1553,80043
1554,791403
1555,355968
1556,336433
1557,891840
1558,863080
1559,217491
1560,72146
1561,247727
1562,79362
1563,43699
1564,259360
1565,250925
1566,14739
1567,34734
1568,217272
1569,83782
1570,270070
1571,110911
1572,373535
1573,676399
1574,883674
1575,447423
1576,69365
1577,121672
1578,60401
1579,89478
1580,127681
1581,368628
1582,828616
1583,377194
1584,27963
1585,11195
1586,14134
1587,21394
1588,27195
1589,439348
1590,82092
1591,127834
1592,69160
1593,16432
1594,16453
1595,19779
1596,240472
1597,132611
1598,865547
1599,413806
1600,51000
1601,379859
1602,32511
1603,341185
1604,736852
1605,829795
1606,441298
1607,540228
1608,137582
1609,591764
1610,22812
1611,15724
1612,115776
1613,298196
1614,83748
1615,62017
1616,423297
1617,619137
1618,309318
1619,99561
1620,259702
1621,71745
1622,436986
1623,12617
1624,417637
1625,202181
1626,14752
1627,948289
1628,352076
1629,81129
1630,261837
1631,68082
1632,133485
1633,325829
1634,45203
1635,317984
1636,993901
1637,405256
1638,692741
1639,444135
1640,219812
1641,87160
1642,866129
1643,296645
1644,78896
1645,436175
1646,705742
1647,909120
1648,624753
1649,809081
1650,19994
1651,46486
1652,128374
1653,862339
1654,400320
1655,370268
1656,101694
1657,501149
1658,968881
1659,17899
1660,341655
1661,929702
1662,321792
1663,96116
1664,844060
1665,426859
1666,234246
1667,125575
1668,40736
1669,94157
1670,219699
1671,428929
1672,410970
1673,135486
1674,26173
1675,439845
1676,615842
1677,22002
1678,887768
1679,123923
1680,81093
1681,611213
1682,66882
1683,310987
1684,118876
1685,120826
1686,75839
1687,304909
1688,18533
1689,335150
1690,82192
1691,96574
1692,257491
1693,356805
1694,86248
1695,305388
1696,400248
1697,324193
1698,115253
1699,141246
1700,368891
1701,30684
1702,129774
1703,15205
1704,589915
1705,107500
1706,323648
1707,43316
1708,999716
1709,66077
1710,67850
1711,379915
1712,130063
1713,338027
1714,66941
1715,202251
1716,14777
1717,424899
1718,262677
1719,26419
1720,536487
1721,327425
1722,221594
1723,33263
1724,48626
1725,42021
1726,147839
1727,396793
1728,126213
1729,238436
1730,365313
1731,126155
1732,366803
1733,118343
1734,89399
1735,32797
1736,700826
1737,372889
1738,125355
1739,94896
1740,436401
1741,21789
1742,112231
1743,48591
1744,362143
1745,279080
1746,123248
1747,418931
1748,18267
1749,60696
1750,355014
1751,382549
1752,101840
1753,974525
1754,123471
1755,91120
1756,30675
1757,91500
1758,561907
1759,70697
1760,246432
1761,929735
1762,671405
1763,12155
1764,92860
1765,113436
1766,64240
1767,344624
1768,311261
1769,366453
1770,15687
1771,28936
1772,356691
1773,111282
1774,13480
1775,295145
1776,367985
1777,253373
1778,66269
1779,922962
1780,205826
1781,56150
1782,329686
1783,534564
1784,15147
1785,126581
1786,146043
1787,124106
1788,283870
1789,422004
1790,53750
1791,358038
1792,290071
1793,76501
1794,316852
1795,640184
1796,39976
1797,207380
1798,23128
1799,124120
1800,30736
1801,614280
1802,58342
1803,60820
1804,50184
1805,20904
1806,884675
1807,132331
1808,310399
1809,109767
1810,277215
1811,63841
1812,24781
1813,342718
1814,98397
1815,91288
1816,147909
1817,925342
1818,629066
1819,372086
1820,364419
1821,302601
1822,607621
1823,446385
1824,39329
1825,83165
1826,35289
1827,316026
1828,142595
1829,235433
1830,287094
1831,715095
1832,333157
1833,348919
1834,320922
1835,20802
1836,29506
1837,130590
1838,945523
1839,54294
1840,76558
1841,126835
1842,267028
1843,300268
1844,118321
1845,45553
1846,834060
1847,27962
1848,223734
1849,247506
1850,210838
1851,101612
1852,335517
1853,264541
1854,22941
1855,39211
1856,42715
1857,441741
1858,296001
1859,620572
1860,233417
1861,130586
1862,444878
1863,120425
1864,21934
1865,61909
1866,206932
1867,223899
1868,100534
1869,330763
1870,17516
1871,886225
1872,90708
1873,433277
1874,138048
1875,14257
1876,216478
1877,381946
1878,361419
1879,393512
1880,532992
1881,658111
1882,366982
1883,347280
1884,53001
1885,241547
1886,21407
1887,137407
1888,929501
1889,149506
1890,204048
1891,425576
1892,281920
1893,16373
1894,265694
1895,128278
1896,15431
1897,281629
1898,364212
1899,523879
1900,400835
1901,207215
1902,434665
1903,92644
1904,228590
1905,319137
1906,215281
1907,303629
1908,935999
1909,52451
1910,33632
1911,88306
1912,446143
1913,115614
1914,110867
1915,342701
1916,310840
1917,638325
1918,76927
1919,293284
1920,379681
1921,122625
1922,667155
1923,233978
1924,90534
1925,301038
1926,38330
1927,430669
1928,101490
1929,36007
1930,71486
1931,31830
1932,68269
1933,821288
1934,83671
1935,245950
1936,276578
1937,126009
1938,444852
1939,77682
1940,253667
1941,14811
1942,855722
1943,643206
1944,94713
1945,131869
1946,279749
1947,830549
1948,423575
1949,138838
1950,12424
1951,668726
1952,140823
1953,292615
1954,248781
1955,402269
1956,847979
1957,49322
1958,123717
1959,79703
1960,324559
1961,66409
1962,228221
1963,12307
1964,296490
1965,853572
1966,688398
1967,123886
1968,79801
1969,14193
1970,105415
1971,384166
1972,332688
1973,749891
1974,135718
1975,51945
1976,357807
1977,363165
1978,298019
1979,371594
1980,57322
1981,65657
1982,238810
1983,889950
1984,299339
1985,43801
1986,284082
1987,874458
1988,341047
1989,70825
1990,299392
1991,444691
1992,382950
1993,142322
1994,61424
1995,295278
1996,447080
1997,69631
1998,137704
1999,683933
2000,72668
2001,344795
2002,38158
2003,13398
2004,976222
2005,791875
2006,119833
2007,47314
2008,149606
2009,78936
2010,144425
2011,204744
2012,75556
2013,116404
2014,58969
2015,847994
2016,524749
2017,278267
2018,364446
2019,330959
2020,64639
2021,405012
2022,408922
2023,78259
2024,63777
2025,20304
2026,27405
2027,969057
2028,577670
2029,100157
2030,374196
2031,572393
2032,94192
2033,39999
2034,132448
2035,282069
2036,347142
2037,46056
2038,570040
2039,144311
2040,237236
2041,982917
2042,304212
2043,679224
2044,637847
2045,347885
2046,671078
2047,940552
2048,33098
2049,95533
2050,80389
2051,41466
2052,200459
2053,61847
2054,928806
2055,360427
2056,99259
2057,27457
2058,124730
2059,23104
2060,878317
2061,98091
2062,859480
2063,98552
2064,690231
2065,107134
2066,355617
2067,335957
2068,902908
2069,60490
2070,111909
2071,209018
2072,55574
2073,353745
2074,123403
2075,81792
2076,56085
2077,894725
2078,309527
2079,377934
2080,98383
2081,217973
2082,434817
2083,261592
2084,27494
2085,118768
2086,282287
2087,56905
2088,554051
2089,272836
2090,370851
2091,876393
2092,420154
2093,129526
2094,836085
2095,50749
2096,74330
2097,344537
2098,42258
2099,46466
2100,327502
2101,295506
2102,793367
2103,405424
2104,127634
2105,112057
2106,230803
2107,244936
2108,17981
2109,58427
2110,120481
2111,431689
2112,257627
2113,662570
2114,15756
2115,19574
2116,103170
2117,635720
2118,84507
2119,329769
2120,231665
2121,301059
2122,205709
2123,24168
2124,228941
2125,393777
2126,618133
2127,56684
2128,16764
2129,11499
2130,98310
2131,335852
2132,306833
2133,43792
2134,53668
2135,544776
2136,60665
2137,27549
2138,339204
2139,381990
2140,207040
2141,232278
2142,368445
2143,302158
2144,430125
2145,76309
2146,242345
2147,209200
2148,148642
2149,66972
2150,72434
2151,147798
2152,205073
2153,109827
2154,325522
2155,64037
2156,407971
2157,354363
2158,289685
2159,80973
2160,243302
2161,79898
2162,245916
2163,110061
2164,296402
2165,19849
2166,284203
2167,127956
2168,37453
2169,432815
2170,123305
2171,146967
2172,258389
2173,832270
2174,119032
2175,441179
2176,26278
2177,937630
2178,45493
2179,236278
2180,39183
2181,127466
2182,13952
2183,29776
2184,65085
2185,366933
2186,69384
2187,107591
2188,74584
2189,238220
2190,85037
2191,132400
2192,979092
2193,107601
2194,439552
2195,28850
2196,93373
2197,448464
2198,39957
2199,23207
2200,783246
2201,291185
2202,60201
2203,147930
2204,291824
2205,138269
2206,320123
2207,227114
2208,145964
2209,431024
2210,20174
2211,124186
2212,313140
2213,226802
2214,79531
2215,400524
2216,67301
2217,374931
2218,11691
2219,114796
2220,395057
2221,320663
2222,223625
2223,348735
2224,136871
2225,246123
2226,11937
2227,445708
2228,432973
2229,137575
2230,948211
2231,362672
2232,135439
2233,82235
2234,114028
2235,124470
2236,25108
2237,533958
2238,27629
2239,920347
2240,364530
2241,126433
2242,85165
2243,370148
2244,579981
2245,68242
2246,95385
2247,440380
2248,19912
2249,200807
2250,106607
2251,364936
2252,36578
2253,404608
2254,318054
2255,376601
2256,245127
2257,44931
2258,105418
2259,15536
2260,253723
2261,269404
2262,509416
2263,422661
2264,222009
2265,27986
2266,128028
2267,285162
2268,65951
2269,652258
2270,657084
2271,715429
2272,101126
2273,67144
2274,984205
2275,290907
2276,59560
2277,304096
2278,974496
2279,90947
2280,325543
2281,279116
2282,291198
2283,384163
2284,449427
2285,631774
2286,749840
2287,426347
2288,134002
2289,103762
2290,411285
2291,75377
2292,745671
2293,133905
2294,244719
2295,86691
2296,401965
2297,63265
2298,240502
2299,149503
2300,112711
2301,796565
2302,34859
2303,37756
2304,10752
2305,128132
2306,691433
2307,46515
2308,139537
2309,148158
2310,37796
2311,59834
2312,42198
2313,108405
2314,108947
2315,626528
2316,374726
2317,797123
2318,105386
2319,56074
2320,287309
2321,323314
2322,41137
2323,347611
2324,278980
2325,100130
2326,254601
2327,78815
2328,390928
2329,366496
2330,25078
2331,92002
2332,307314
2333,732214
2334,102815
2335,51064
2336,99704
2337,322470
2338,117882
2339,55086
2340,137798
2341,203687
2342,713991
2343,83513
2344,75028
2345,283119
2346,70393
2347,42458
2348,264338
2349,520463
2350,76744
2351,668246
2352,66336
2353,124802
2354,100509
2355,369919
2356,14540
2357,60910
2358,326182
2359,754169
2360,148338
2361,688119
2362,48293
2363,212218
2364,138137
2365,121142
2366,403247
2367,77035
2368,810409
2369,99631
2370,688900
2371,126505
2372,119979
2373,244397
2374,62192
2375,97296
2376,295204
2377,631479
2378,790158
2379,41673
2380,64182
2381,217353
2382,91464
2383,50530
2384,102649
2385,91617
2386,58587
2387,382511
2388,527530
2389,84912
2390,252965
2391,21612
2392,26684
2393,840400
2394,110760
2395,44614
2396,11558
2397,345734
2398,16616
2399,137565
2400,308808
2401,53723
2402,148310
2403,36933
2404,380819
2405,111385
2406,378960
2407,48946
2408,66037
2409,255267
2410,122380
2411,225255
2412,916588
2413,240545
2414,39451
2415,56803
2416,402599
2417,56126
2418,257886
2419,260951
2420,30945
2421,25483
2422,350440
2423,244920
2424,370422
2425,654436
2426,627321
2427,872201
2428,39158
2429,113659
2430,72115
2431,430412
2432,270181
2433,207147
2434,250694
2435,108189
2436,424515
2437,263985
2438,292124
2439,446520
2440,76017
2441,63731
2442,99104
2443,123939
2444,363419
2445,93947
2446,62455
2447,245646
2448,419753
2449,10330
2450,583246
2451,202846
2452,110065
2453,50019
2454,52782
2455,13310
2456,684276
2457,56277
2458,110243
2459,346841
2460,437820
2461,415907
2462,509827
2463,121667
2464,285593
2465,349420
2466,380967
2467,57115
2468,388873
2469,327038
2470,115281
2471,135399
2472,288004
2473,32350
2474,120516
2475,37499
2476,325042
2477,260324
2478,33445
2479,134985
2480,83827
2481,110988
2482,46216
2483,134963
2484,18860
2485,49343
2486,351241
2487,941008
2488,280479
2489,969024
2490,45302
2491,221964
2492,138684
2493,12754
2494,203340
2495,340964
2496,20478
2497,423916
2498,98706
2499,84958
2500,51427
2501,565589
2502,21015
2503,347056
2504,422233
2505,442466
2506,710320
2507,113013
2508,424841
2509,53003
2510,210687
2511,825593
2512,662654
2513,341045
2514,29107
2515,93702
2516,108476
2517,27080
2518,378302
2519,411315
2520,68025
2521,41775
2522,350813
2523,94502
2524,276663
2525,83738
2526,241247
2527,881854
2528,77711
2529,100622
2530,104724
2531,146744
2532,59790
2533,317937
2534,358291
2535,414684
2536,52099
2537,14159
2538,305440
2539,59789
2540,84800
2541,32241
2542,23606
2543,338388
2544,14805
2545,58714
2546,42342
2547,734799
2548,354969
2549,305415
2550,17921
2551,804197
2552,84293
2553,444387
2554,295645
2555,659716
2556,24754
2557,112919
2558,149718
2559,620207
2560,301598
2561,39021
2562,85717
2563,60649
2564,134357
2565,677090
2566,17511
2567,79650
2568,729089
2569,232428
2570,849032
2571,37634
2572,83574
2573,220236
2574,59187
2575,64037
2576,422129
2577,67445
2578,214371
2579,265815
2580,87755
2581,580541
2582,338889
2583,626127
2584,128720
2585,308973
2586,289447
2587,207191
2588,692606
2589,123252
2590,24044
2591,138566
2592,897010
2593,285391
2594,569506
2595,597790
2596,44419
2597,130631
2598,95848
2599,217804
2600,582904
2601,68364
2602,72979
2603,66225
2604,109747
2605,18693
2606,515444
2607,66888
2608,937975
2609,297687
2610,748186
2611,432191
2612,50844
2613,735418
2614,136849
2615,512359
2616,26555
2617,23335
2618,112500
2619,957325
2620,90554
2621,753442
2622,66800
2623,91781
2624,448018
2625,11183
2626,134561
2627,342053
2628,74433
2629,26440
2630,325230
2631,376067
2632,72018
2633,34641
2634,73510
2635,134489
2636,433650
2637,344112
2638,411982
2639,27570
2640,204984
2641,11648
2642,537351
2643,297911
2644,140354
2645,67710
2646,130500
2647,27075
2648,437181
2649,319315
2650,306433
2651,665558
2652,872938
2653,144926
2654,76489
2655,367055
2656,13069
2657,235000
2658,149824
2659,968003
2660,331058
2661,19260
2662,225813
2663,414987
2664,122735
2665,95523
2666,285863
2667,235661
2668,278163
2669,682386
2670,270541
2671,222143
2672,102436
2673,130437
2674,261827
2675,56810
2676,34813
2677,389622
2678,327521
2679,75764
2680,220872
2681,137843
2682,289199
2683,91816
2684,134400
2685,76028
2686,394238
2687,13602
2688,130688
2689,711599
2690,113636
2691,951413
2692,368231
2693,45701
2694,49931
2695,27044
2696,86375
2697,97573
2698,946011
2699,148214
2700,332495
2701,40208
2702,130711
2703,364037
2704,112814
2705,584315
2706,839028
2707,146849
2708,354211
2709,888070
2710,88954
2711,80641
2712,105854
2713,662552
2714,111207
2715,109988
2716,37795
2717,46558
2718,442581
2719,110519
2720,382319
2721,21370
2722,384533
2723,10182
2724,832435
2725,96116
2726,367917
2727,146439
2728,203859
2729,351374
2730,646037
2731,62134
2732,556855
2733,114622
2734,311708
2735,119978
2736,214694
2737,349033
2738,330278
2739,130543
2740,200174
2741,503072
2742,98559
2743,143711
2744,95912
2745,201839
2746,49515
2747,48488
2748,59743
2749,641332
2750,35805
2751,398420
2752,289998
2753,101657
2754,623575
2755,76373
2756,18875
2757,260653
2758,432130
2759,346499
2760,136905
2761,37874
2762,71260
2763,238204
2764,379014
2765,246904
2766,326537
2767,123700
2768,95416
2769,11410
2770,108307
2771,97582
2772,83494
2773,16327
2774,81096
2775,97237
2776,856183
2777,703785
2778,98881
2779,26369
2780,401021
2781,148275
2782,650126
2783,19812
2784,50804
2785,891467
2786,308567
2787,213778
2788,82495
2789,35205
2790,16163
2791,92258
2792,332816
2793,224665
2794,251237
2795,417460
2796,65372
2797,239166
2798,66412
2799,615229
2800,401632
2801,266773
2802,249949
2803,121122
2804,25738
2805,55773
2806,72249
2807,241291
2808,21830
2809,137124
2810,325977
2811,241948
2812,15178
2813,554945
2814,42575
2815,138013
2816,571507
2817,147929
2818,364965
2819,115116
2820,16259
2821,598760
2822,95402
2823,413986
2824,226225
2825,405433
2826,112814
2827,333151
2828,949090
2829,72620
2830,104343
2831,318894
2832,397220
2833,149216
2834,281621
2835,337776
2836,373432
2837,951656
2838,310518
2839,132285
2840,294200
2841,94965
2842,12363
2843,253390
2844,937179
2845,311646
2846,252669
2847,13474
2848,948674
2849,71874
2850,116255
2851,97002
2852,277281
2853,90363
2854,24438
2855,51199
2856,13652
2857,78934
2858,109546
2859,299837
2860,434731
2861,401621
2862,53506
2863,376072
2864,108279
2865,61939
2866,11414
2867,331952
2868,78415
2869,41590
2870,83453
2871,314331
2872,18437
2873,23925
2874,148169
2875,369992
2876,114432
2877,99573
2878,18273
2879,606022
2880,35442
2881,118654
2882,55156
2883,88708
2884,426470
2885,419656
2886,33256
2887,353340
2888,239613
2889,355616
2890,823148
2891,116209
2892,77577
2893,379170
2894,15849
2895,344098
2896,443976
2897,137259
2898,20505
2899,789775
2900,643713
2901,139645
2902,13312
2903,125410
2904,109603
2905,46319
2906,248493
2907,67920
2908,986097
2909,978831
2910,77170
2911,590160
2912,86899
2913,126790
2914,147025
2915,21847
2916,820396
2917,387936
2918,422255
2919,228229
2920,227939
2921,423198
2922,579515
2923,377655
2924,13604
2925,34773
2926,95789
2927,15028
2928,94998
2929,258695
2930,83289
2931,89654
2932,112445
2933,349640
2934,130154
2935,930858
2936,273414
2937,205017
2938,103260
2939,315931
2940,211371
2941,20573
2942,56603
2943,53227
2944,390054
2945,75498
2946,104376
2947,224435
2948,905958
2949,106098
2950,545237
2951,74801
2952,83247
2953,967236
2954,45958
2955,142761
2956,132767
2957,77802
2958,19586
2959,546191
2960,71584
2961,417587
2962,908344
2963,30549
2964,93482
2965,91271
2966,124351
2967,40432
2968,71355
2969,31783
2970,440215
2971,130731
2972,137595
2973,130024
2974,138521
2975,716307
2976,18831
2977,278679
2978,143683
2979,106511
2980,78714
2981,123330
2982,349737
2983,321133
2984,57402
2985,555048
2986,96427
2987,85420
2988,309698
2989,12082
2990,516866
2991,94288
2992,72633
2993,12028
2994,31862
2995,333300
2996,19779
2997,112711
2998,409542
2999,220336
3000,111620
3001,18726
3002,72465
3003,66940
3004,44988
3005,234183
3006,263890
3007,97426
3008,738014
3009,345002
3010,262044
3011,137026
3012,122531
3013,102817
3014,84755
3015,432985
3016,546838
3017,51304
3018,417330
3019,852147
3020,744550
3021,502624
3022,149273
3023,212297
3024,203251
3025,281017
3026,391245
3027,51862
3028,15118
3029,256367
3030,51007
3031,145375
3032,983820
3033,334992
3034,91481
3035,71575
3036,115944
3037,79795
3038,61516
3039,443888
3040,19525
3041,404398
3042,30067
3043,85700
3044,606579
3045,992589
3046,346850
3047,48222
3048,248840
3049,829312
3050,418524
3051,351007
3052,315458
3053,56712
3054,91280
3055,55819
3056,39632
3057,373818
3058,584510
3059,236733
3060,60008
3061,277610
3062,47030
3063,323021
3064,321633
3065,343211
3066,38189
3067,98470
3068,69430
3069,18365
3070,780451
3071,62771
3072,620102
3073,855635
3074,104233
3075,425292
3076,899234
3077,78883
3078,276171
3079,75926
3080,38411
3081,72370
3082,10939
3083,26062
3084,382137
3085,52173
3086,128136
3087,82843
3088,22728
3089,211212
3090,319550
3091,846406
3092,31059
3093,555630
3094,407663
3095,32456
3096,65791
3097,555588
3098,120823
3099,116646
3100,125360
3101,45133
3102,108638
3103,275208
3104,201734
3105,129848
3106,348713
3107,351019
3108,85288
3109,102159
3110,291523
3111,882564
3112,25310
3113,115951
3114,71205
3115,806162
3116,419905
3117,67863
3118,85946
3119,842003
3120,976179
3121,545687
3122,366931
3123,261724
3124,218497
3125,300024
3126,58230
3127,29969
3128,946911
3129,129324
3130,118599
3131,748857
3132,296371
3133,93648
3134,82084
3135,345451
3136,638628
3137,85516
3138,835970
3139,287463
3140,92442
3141,79836
3142,416990
3143,73410
3144,355621
3145,56392
3146,67646
3147,115426
3148,502742
3149,32481
3150,305207
3151,97792
3152,98585
3153,29108
3154,414839
3155,93312
3156,351513
3157,63177
3158,857954
3159,528919
3160,82554
3161,13076
3162,398384
3163,35086
3164,105185
3165,750378
3166,408715
3167,37724
3168,568009
3169,83142
3170,977428
3171,108728
3172,89879
3173,58985
3174,350990
3175,103865
3176,723163
3177,281783
3178,84785
3179,263678
3180,146905
3181,122061
3182,322710
3183,106952
3184,396337
3185,411537
3186,94370
3187,395044
3188,55692
3189,732675
3190,373167
3191,115642
3192,73607
3193,577765
3194,147624
3195,93688
3196,108014
3197,12721
3198,428930
3199,17357
3200,27524
3201,124978
3202,18752
3203,133804
3204,128148
3205,101042
3206,286584
3207,34368
3208,88722
3209,24309
3210,16567
3211,839002
3212,865567
3213,234543
3214,278334
3215,85421
3216,32555
3217,515942
3218,239045
3219,941553
3220,37664
3221,216183
3222,570894
3223,546131
3224,400673
3225,133091
3226,630736
3227,889250
3228,235536
3229,101107
3230,107749
3231,388636
3232,331252
3233,78343
3234,74892
3235,765092
3236,121083
3237,111181
3238,231792
3239,27007
3240,327621
3241,449066
3242,228102
3243,39072
3244,335835
3245,53155
3246,639651
3247,430228
3248,422494
3249,70486
3250,117642
3251,122590
3252,128511
3253,290139
3254,665361
3255,111126
3256,415794
3257,372851
3258,94952
3259,390285
3260,371633
3261,227932
3262,23138
3263,300130
3264,358853
3265,65000
3266,389339
3267,323955
3268,25185
3269,338734
3270,329900
3271,926583
3272,367712
3273,227923
3274,223590
3275,70726
3276,279421
3277,777768
3278,422774
3279,736131
3280,390521
3281,323260
3282,440285
3283,16228
3284,128329
3285,22755
3286,604314
3287,934760
3288,68266
3289,114139
3290,57427
3291,295352
3292,269859
3293,26854
3294,47261
3295,288909
3296,214278
3297,200941
3298,438931
3299,97570
3300,18998
3301,91349
3302,138676
3303,836742
3304,86234
3305,223729
3306,409732
3307,28615
3308,130913
3309,12318
3310,521859
3311,742595
3312,327264
3313,575306
3314,401558
3315,321702
3316,148948
3317,56433
3318,106266
3319,228285
3320,501951
3321,97211
3322,66037
3323,17312
3324,303493
3325,34789
3326,137669
3327,14885
3328,443231
3329,242311
3330,116920
3331,85042
3332,901706
3333,731417
3334,406188
3335,98478
3336,14908
3337,429401
3338,439003
3339,16970
3340,244577
3341,325195
3342,52850
3343,373152
3344,21931
3345,95549
3346,39598
3347,34809
3348,797484
3349,48600
3350,430997
3351,242075
3352,605766
3353,28330
3354,99392
3355,86299
3356,67601
3357,286409
3358,335616
3359,371108
3360,70061
3361,135841
3362,930549
3363,299485
3364,354229
3365,131915
3366,230101
3367,52649
3368,382411
3369,364481
3370,24069
3371,104893
3372,381876
3373,635895
3374,250544
3375,16883
3376,437223
3377,233128
3378,37899
3379,24854
3380,114779
3381,204056
3382,93932
3383,833577
3384,142799
3385,19412
3386,22091
3387,392697
3388,108360
3389,14866
3390,117079
3391,240681
3392,96257
3393,30245
3394,35699
3395,110362
3396,41580
3397,47198
3398,59843
3399,343773
3400,35250
3401,49453
3402,45490
3403,15732
3404,111802
3405,914310
3406,78944
3407,328129
3408,285894
3409,122862
3410,247233
3411,148542
3412,96655
3413,663447
3414,38371
3415,435040
3416,112202
3417,202402
3418,260882
3419,88635
3420,227196
3421,394783
3422,88841
3423,380472
3424,31119
3425,91507
3426,601995
3427,557337
3428,530590
3429,369874
3430,14045
3431,303985
3432,592737
3433,69389
3434,10507
3435,76457
3436,69431
3437,106173
3438,73697
3439,406133
3440,91096
3441,57249
3442,48821
3443,212650
3444,111412
3445,721695
3446,277456
3447,399333
3448,439421
3449,547744
3450,289450
3451,73269
3452,27283
3453,205183
3454,91162
3455,120445
3456,289223
3457,298059
3458,39909
3459,25502
3460,773886
3461,79557
3462,932439
3463,103791
3464,217658
3465,242576
3466,125948
3467,301852
3468,63109
3469,240092
3470,33336
3471,50962
3472,53910
3473,125867
3474,82846
3475,122040
3476,253815
3477,922304
3478,416661
3479,654743
3480,250349
3481,901576
3482,376589
3483,314812
3484,37034
3485,134612
3486,299112
3487,873411
3488,86478
3489,520789
3490,94486
3491,425803
3492,63603
3493,43066
3494,23951
3495,407816
3496,442539
3497,127154
3498,293632
3499,235374
3500,114341
3501,29830
3502,119855
3503,785400
3504,126677
3505,87619
3506,607140
3507,404786
3508,31894
3509,516957
3510,75685
3511,347374
3512,740129
3513,112624
3514,419241
3515,416522
3516,149822
3517,446875
3518,403981
3519,110259
3520,52086
3521,19029
3522,236338
3523,31040
3524,124632
3525,282785
3526,389998
3527,125751
3528,25155
3529,388293
3530,870590
3531,358682
3532,87139
3533,133753
3534,913706
3535,71779
3536,283857
3537,388468
3538,244240
3539,85368
3540,401972
3541,660204
3542,361299
3543,90295
3544,86147
3545,64447
3546,212316
3547,10116
3548,384245
3549,241079
3550,29992
3551,283976
3552,115334
3553,921983
3554,48267
3555,387853
3556,142132
3557,137626
3558,436245
3559,121624
3560,21240
3561,15999
3562,389793
3563,640716
3564,147401
3565,891055
3566,314004
3567,348841
3568,252015
3569,66175
3570,207241
3571,205232
3572,426626
3573,94022
3574,567712
3575,122326
3576,31526
3577,439811
3578,268999
3579,12672
3580,66206
3581,652087
3582,75099
3583,336265
3584,416534
3585,298222
3586,61083
3587,357141
3588,440853
3589,91918
3590,25019
3591,939402
3592,28767
3593,702293
3594,636635
3595,107131
3596,102281
3597,238468
3598,388875
3599,68085
3600,278096
3601,148938
3602,76491
3603,385781
3604,973430
3605,29243
3606,34469
3607,250601
3608,291067
3609,23768
3610,391064
3611,371228
3612,18958
3613,552122
3614,433728
3615,681828
3616,110768
3617,567690
3618,13096
3619,81049
3620,320418
3621,254516
3622,56815
3623,445915
3624,312740
3625,135103
3626,305806
3627,77630
3628,139571
3629,12961
3630,204000
3631,388363
3632,46880
3633,281259
3634,346203
3635,62573
3636,315676
3637,58449
3638,393412
3639,933676
3640,122581
3641,109073
3642,578376
3643,238020
3644,31805
3645,928242
3646,17103
3647,837055
3648,396444
3649,106319
3650,676552
3651,374741
3652,119531
3653,110366
3654,357472
3655,345490
3656,69830
3657,108398
3658,431254
3659,210214
3660,230472
3661,134778
3662,203514
3663,110464
3664,855731
3665,49181
3666,218767
3667,341092
3668,53142
3669,342625
3670,449774
3671,127468
3672,439416
3673,379255
3674,906527
3675,386331
3676,114815
3677,42044
3678,141275
3679,501224
3680,253122
3681,820482
3682,263266
3683,940008
3684,25435
3685,123325
3686,248663
3687,77580
3688,143803
3689,436085
3690,288024
3691,54847
3692,131946
3693,85349
3694,273460
3695,312037
3696,811599
3697,94273
3698,794999
3699,378203
3700,141457
3701,933608
3702,45861
3703,134453
3704,72418
3705,932941
3706,222706
3707,113822
3708,127125
3709,211686
3710,357295
3711,51941
3712,24746
3713,284873
3714,371411
3715,937609
3716,438094
3717,125665
3718,854084
3719,353776
3720,108836
3721,715162
3722,68334
3723,96452
3724,289559
3725,395964
3726,312105
3727,136197
3728,88831
3729,105470
3730,147608
3731,116701
3732,373440
3733,892955
3734,784527
3735,274820
3736,53087
3737,77843
3738,356777
3739,31175
3740,96320
3741,20342
3742,58752
3743,111151
3744,123132
3745,103094
3746,144982
3747,71306
3748,54694
3749,77384
3750,804865
3751,123364
3752,301657
3753,73637
3754,625461
3755,288124
3756,95760
3757,49099
3758,66138
3759,98255
3760,443629
3761,284313
3762,349360
3763,443266
3764,20536
3765,31105
3766,130747
3767,100208
3768,270439
3769,268906
3770,96734
3771,79923
3772,117806
3773,398471
3774,120400
3775,707807
3776,246023
3777,124265
3778,516419
3779,14399
3780,13659
3781,827127
3782,63160
3783,344982
3784,27662
3785,786760
3786,844126
3787,129100
3788,397049
3789,50034
3790,106059
3791,341540
3792,74558
3793,93080
3794,86823
3795,108966
3796,14423
3797,920821
3798,260702
3799,90044
3800,22139
3801,547417
3802,25063
3803,351809
3804,114184
3805,595712
3806,298986
3807,272975
3808,424392
3809,545344
3810,114734
3811,352605
3812,146406
3813,33901
3814,405208
3815,136402
3816,87584
3817,64286
3818,336139
3819,231046
3820,72381
3821,73982
3822,865550
3823,121857
3824,19522
3825,316326
3826,502384
3827,38963
3828,259375
3829,90563
3830,49113
3831,345906
3832,375817
3833,112579
3834,45546
3835,62205
3836,208262
3837,333357
3838,100913
3839,123992
3840,373700
3841,103233
3842,239940
3843,66284
3844,70526
3845,91768
3846,57509
3847,200243
3848,270669
3849,55223
3850,135926
3851,363190
3852,126586
3853,96590
3854,29179
3855,60343
3856,88818
3857,113359
3858,316886
3859,294849
3860,293898
3861,106217
3862,271433
3863,404487
3864,101717
3865,847806
3866,356355
3867,338291
3868,314739
3869,31051
3870,671203
3871,118719
3872,105961
3873,295153
3874,120926
3875,106206
3876,279292
3877,439105
3878,256596
3879,27228
3880,221836
3881,705802
3882,294397
3883,241343
3884,33316
3885,87087
3886,440021
3887,500263
3888,379454
3889,114941
3890,17609
3891,787610
3892,304399
3893,427915
3894,94119
3895,407431
3896,50632
3897,148187
3898,318679
3899,86228
3900,73503
3901,608748
3902,131005
3903,21935
3904,97317
3905,757893
3906,431552
3907,91456
3908,737802
3909,820045
3910,141477
3911,281410
3912,39225
3913,536764
3914,70167
3915,305325
3916,428467
3917,392252
3918,448252
3919,146818
3920,347375
3921,584747
3922,119068
3923,292694
3924,136789
3925,240983
3926,417607
3927,62116
3928,215522
3929,944443
3930,12970
3931,32998
3932,57512
3933,85057
3934,320358
3935,770132
3936,36550
3937,788133
3938,133060
3939,909088
3940,982702
3941,214675
3942,691027
3943,263535
3944,358405
3945,135697
3946,807164
3947,995698
3948,218229
3949,52831
3950,523028
3951,126137
3952,122210
3953,119570
3954,126661
3955,58915
3956,258358
3957,54990
3958,55934
3959,589210
3960,123537
3961,385663
3962,112544
3963,70499
3964,95487
3965,278705
3966,96565
3967,354103
3968,47865
3969,217947
3970,271674
3971,83635
3972,57121
3973,78387
3974,36359
3975,431045
3976,62652
3977,305956
3978,132967
3979,209836
3980,73626
3981,322902
3982,257101
3983,240647
3984,125500
3985,47687
3986,416934
3987,133555
3988,431900
3989,201105
3990,538359
3991,113863
3992,522596
3993,382683
3994,94747
3995,59162
3996,40080
3997,143102
3998,29469
3999,44249
4000,43831
4001,51761
4002,63898
4003,203428
4004,428163
4005,409874
4006,10100
4007,80390
4008,116251
4009,430574
4010,409704
4011,24409
4012,440780
4013,383846
4014,42112
4015,307093
4016,46419
4017,148063
4018,268346
4019,137549
4020,964433
4021,289526
4022,292393
4023,23770
4024,611162
4025,102071
4026,72629
4027,844559
4028,126767
4029,123503
4030,97994
4031,348313
4032,262078
4033,26681
4034,272619
4035,86992
4036,20061
4037,718466
4038,388337
4039,22555
4040,107280
4041,244202
4042,216014
4043,418812
4044,132989
4045,52985
4046,349914
4047,376710
4048,26418
4049,114804
4050,315689
4051,111709
4052,132267
4053,408274
4054,945831
4055,351720
4056,515241
4057,382830
4058,32101
4059,879882
4060,33215
4061,11792
4062,368394
4063,412293
4064,78093
4065,386611
4066,49469
4067,30226
4068,83990
4069,122324
4070,438122
4071,324628
4072,145478
4073,47090
4074,59674
4075,148040
4076,29116
4077,229499
4078,14564
4079,78208
4080,23755
4081,805454
4082,31165
4083,115313
4084,62322
4085,441768
4086,210233
4087,382755
4088,103739
4089,286067
4090,202335
4091,38566
4092,38667
4093,39003
4094,30207
4095,149886
4096,77744
4097,83105
4098,21413
4099,56146
4100,807023
4101,308693
4102,144125
4103,15334
4104,328430
4105,57527
4106,206394
4107,891355
4108,95512
4109,80367
4110,822724
4111,72878
4112,419405
4113,100725
4114,99324
4115,55478
4116,52092
4117,582962
4118,252384
4119,124823
4120,28547
4121,129689
4122,140006
4123,117994
4124,83310
4125,60063
4126,318865
4127,95567
4128,691107
4129,374890
4130,29059
4131,435370
4132,339629
4133,796142
4134,47058
4135,273426
4136,851411
4137,67370
4138,36014
4139,227998
4140,65101
4141,149918
4142,265139
4143,261018
4144,295971
4145,113147
4146,22314
4147,76540
4148,18938
4149,77904
4150,216268
4151,945375
4152,321612
4153,292205
4154,118935
4155,24125
4156,87652
4157,83170
4158,142630
4159,807731
4160,254332
4161,41395
4162,135797
4163,136165
4164,885834
4165,536461
4166,395823
4167,427063
4168,96774
4169,27211
4170,12974
4171,24111
4172,219317
4173,28521
4174,106137
4175,269109
4176,21309
4177,57169
4178,906093
4179,109420
4180,135074
4181,67467
4182,126459
4183,301877
4184,238547
4185,82787
4186,818559
4187,325666
4188,131896
4189,99169
4190,145442
4191,22023
4192,38145
4193,328899
4194,25217
4195,149456
4196,231063
4197,449031
4198,230480
4199,60903
4200,672834
4201,336254
4202,20506
4203,141271
4204,517785
4205,247963
4206,10036
4207,321222
4208,262127
4209,268172
4210,86959
4211,398230
4212,26938
4213,360087
4214,90097
4215,532367
4216,248806
4217,45243
4218,21626
4219,113458
4220,733278
4221,273078
4222,287853
4223,205299
4224,200561
4225,261971
4226,218740
4227,365297
4228,42097
4229,91746
4230,131422
4231,116648
4232,43425
4233,971188
4234,332285
4235,363479
4236,376187
4237,12322
4238,406636
4239,561790
4240,47098
4241,81930
4242,874293
4243,83537
4244,315318
4245,932966
4246,316834
4247,89453
4248,92193
4249,799378
4250,318161
4251,122785
4252,15639
4253,82692
4254,94626
4255,231569
4256,207050
4257,28424
4258,438847
4259,116414
4260,111251
4261,435538
4262,131232
4263,94875
4264,254021
4265,88802
4266,742719
4267,136707
4268,131081
4269,118384
4270,96936
4271,86076
4272,421777
4273,439193
4274,128602
4275,332053
4276,51011
4277,87420
4278,224852
4279,67823
4280,80925
4281,316885
4282,41259
4283,378248
4284,637148
4285,89506
4286,601287
4287,93069
4288,376434
4289,107255
4290,209733
4291,61317
4292,86630
4293,920918
4294,80763
4295,345793
4296,14845
4297,708551
4298,44590
4299,115257
4300,138947
4301,113971
4302,437590
4303,146253
4304,765979
4305,38876
4306,338829
4307,205863
4308,141613
4309,111228
4310,382989
4311,367920
4312,352784
4313,304512
4314,23184
4315,47458
4316,558371
4317,372389
4318,418429
4319,420818
4320,116754
4321,531863
4322,13742
4323,772763
4324,257232
4325,325073
4326,448943
4327,671303
4328,90136
4329,18357
4330,93954
4331,71829
4332,35864
4333,545891
4334,118383
4335,52169
4336,339530
4337,289046
4338,29004
4339,96041
4340,438358
4341,112839
4342,92814
4343,884251
4344,279950
4345,311216
4346,75473
4347,413234
4348,18775
4349,138484
4350,939566
4351,80944
4352,327089
4353,872662
4354,53867
4355,28833
4356,240606
4357,290611
4358,101055
4359,269952
4360,25393
4361,292630
4362,22961
4363,36552
4364,238741
4365,102990
4366,862869
4367,927965
4368,773435
4369,117949
4370,842594
4371,217078
4372,297889
4373,18991
4374,574445
4375,266074
4376,223690
4377,389614
4378,815218
4379,252804
4380,70951
4381,128934
4382,51242
4383,401399
4384,229082
4385,703613
4386,266994
4387,762412
4388,422711
4389,133491
4390,241914
4391,279113
4392,95598
4393,283988
4394,54820
4395,440048
4396,121933
4397,115944
4398,696779
4399,36286
4400,91686
4401,131410
4402,68193
4403,547895
4404,225545
4405,22349
4406,300066
4407,818461
4408,380615
4409,89300
4410,17669
4411,256050
4412,103448
4413,69749
4414,50824
4415,112764
4416,136582
4417,364910
4418,82210
4419,310679
4420,64169
4421,52428
4422,137677
4423,370474
4424,10815
4425,407533
4426,38409
4427,261964
4428,409070
4429,136225
4430,94351
4431,412510
4432,334597
4433,423508
4434,141005
4435,233446
4436,200847
4437,931711
4438,237140
4439,215635
4440,348718
4441,413692
4442,369966
4443,373661
4444,345603
4445,110435
4446,68619
4447,99579
4448,96153
4449,127105
4450,254772
4451,382694
4452,56818
4453,71688
4454,248769
4455,373605
4456,75576
4457,698097
4458,634487
4459,130241
4460,12020
4461,361922
4462,107312
4463,35250
4464,674280
4465,110132
4466,765902
4467,27636
4468,61085
4469,137222
4470,642325
4471,37563
4472,447686
4473,33670
4474,596470
4475,231878
4476,104565
4477,374140
4478,133581
4479,16402
4480,375161
4481,118714
4482,679306
4483,28072
4484,302326
4485,74765
4486,88019
4487,335622
4488,108244
4489,206885
4490,967542
4491,373062
4492,298933
4493,57849
4494,123779
4495,21451
4496,274661
4497,92613
4498,312313
4499,276042
4500,222317
4501,148071
4502,19604
4503,978224
4504,59959
4505,697928
4506,53488
4507,81574
4508,298782
4509,206998
4510,126192
4511,70265
4512,799468
4513,94683
4514,507383
4515,214129
4516,88551
4517,103896
4518,16820
4519,216498
4520,254280
4521,437270
4522,120323
4523,330284
4524,99003
4525,137380
4526,34767
4527,401041
4528,275567
4529,143661
4530,243449
4531,442400
4532,448308
4533,941240
4534,705469
4535,274956
4536,92497
4537,86123
4538,18423
4539,224739
4540,712173
4541,411304
4542,356865
4543,11429
4544,12635
4545,81959
4546,100843
4547,64873
4548,51156
4549,49427
4550,81485
4551,334376
4552,353925
4553,699232
4554,416446
4555,118360
4556,266263
4557,359570
4558,292655
4559,862637
4560,35657
4561,250820
4562,109778
4563,48376
4564,222213
4565,36572
4566,238470
4567,11243
4568,278642
4569,83460
4570,18488
4571,36566
4572,144643
4573,84588
4574,30211
4575,82764
4576,40763
4577,86306
4578,692219
4579,45775
4580,437059
4581,252140
4582,129911
4583,72092
4584,131772
4585,703683
4586,434715
4587,278966
4588,145888
4589,143713
4590,354854
4591,28504
4592,143972
4593,75697
4594,132641
4595,200372
4596,131079
4597,543729
4598,59365
4599,317514
4600,33958
4601,140961
4602,401057
4603,137394
4604,10398
4605,326874
4606,208254
4607,149118
4608,51044
4609,61680
4610,272091
4611,397492
4612,990667
4613,127912
4614,59492
4615,47198
4616,351039
4617,91579
4618,397865
4619,42147
4620,419236
4621,39574
4622,20185
4623,10337
4624,25586
4625,66943
4626,88094
4627,287156
4628,89489
4629,27212
4630,339123
4631,727787
4632,545177
4633,127379
4634,434374
4635,448578
4636,355356
4637,449942
4638,11440
4639,773914
4640,310997
4641,19606
4642,826125
4643,141835
4644,624630
4645,408051
4646,136502
4647,46703
4648,62801
4649,943957
4650,80391
4651,798618
4652,125823
4653,315460
4654,21931
4655,396315
4656,944208
4657,146019
4658,204376
4659,376706
4660,77671
4661,149055
4662,545183
4663,136662
4664,90909
4665,86064
4666,85964
4667,341825
4668,625321
4669,408686
4670,234704
4671,32435
4672,48028
4673,138549
4674,48303
4675,43901
4676,271936
4677,934081
4678,281186
4679,44817
4680,440516
4681,69385
4682,111959
4683,49340
4684,103111
4685,44638
4686,324455
4687,245748
4688,89158
4689,250672
4690,240257
4691,72026
4692,254416
4693,55646
4694,57006
4695,108714
4696,149305
4697,297039
4698,68599
4699,139410
4700,145012
4701,39908
4702,227062
4703,73380
4704,17192
4705,241588
4706,113192
4707,347281
4708,796759
4709,730569
4710,358085
4711,294998
4712,97969
4713,39636
4714,445213
4715,852401
4716,82091
4717,293788
4718,429793
4719,140498
4720,383998
4721,10473
4722,125096
4723,105359
4724,146974
4725,315255
4726,203036
4727,318460
4728,409920
4729,760306
4730,60750
4731,278280
4732,389600
4733,323727
4734,329126
4735,317952
4736,12186
4737,124306
4738,107414
4739,13901
4740,136778
4741,862379
4742,280075
4743,140334
4744,305711
4745,145925
4746,137700
4747,98950
4748,216029
4749,108021
4750,10950
4751,346163
4752,92818
4753,139147
4754,16093
4755,541544
4756,414023
4757,42350
4758,314554
4759,57444
4760,206970
4761,105091
4762,73127
4763,110059
4764,126441
4765,443902
4766,237751
4767,735126
4768,817536
4769,302032
4770,238135
4771,333106
4772,78087
4773,239125
4774,821186
4775,20904
4776,73148
4777,136525
4778,796895
4779,981730
4780,921833
4781,136934
4782,387083
4783,50505
4784,250614
4785,140988
4786,289588
4787,815149
4788,226371
4789,114100
4790,428276
4791,110835
4792,243735
4793,987334
4794,280218
4795,97487
4796,933877
4797,104155
4798,47793
4799,106339
4800,950025
4801,899181
4802,385243
4803,893422
4804,300773
4805,304738
4806,135075
4807,369948
4808,32175
4809,76494
4810,399666
4811,77935
4812,81356
4813,644694
4814,113998
4815,90203
4816,121899
4817,41716
4818,19968
4819,301201
4820,713315
4821,240405
4822,898823
4823,227806
4824,419170
4825,835502
4826,73188
4827,408879
4828,278901
4829,225887
4830,420887
4831,28780
4832,94239
4833,435724
4834,503477
4835,145306
4836,123265
4837,230258
4838,845254
4839,18342
4840,352856
4841,37055
4842,49494
4843,105684
4844,231152
4845,333661
4846,77479
4847,26979
4848,17569
4849,145559
4850,334874
4851,61877
4852,261555
4853,77940
4854,448908
4855,414917
4856,148700
4857,441730
4858,72213
4859,40170
4860,103985
4861,19628
4862,208815
4863,683425
4864,95862
4865,104836
4866,106569
4867,329785
4868,256161
4869,349820
4870,627229
4871,119954
4872,119074
4873,696302
4874,18846
4875,81208
4876,71377
4877,325421
4878,98392
4879,340251
4880,60622
4881,552216
4882,313672
4883,238651
4884,149836
4885,666438
4886,233760
4887,142894
4888,958835
4889,888494
4890,276598
4891,78923
4892,879563
4893,307976
4894,220771
4895,48631
4896,585702
4897,324681
4898,200845
4899,142510
4900,124645
4901,107870
4902,372701
4903,73238
4904,123967
4905,11887
4906,376498
4907,240100
4908,33781
4909,10549
4910,53636
4911,43635
4912,230139
4913,232608
4914,230883
4915,914233
4916,302032
4917,861078
4918,131707
4919,890324
4920,133546
4921,328228
4922,864705
4923,516541
4924,203171
4925,136194
4926,445192
4927,130882
4928,32010
4929,58466
4930,138470
4931,91926
4932,106670
4933,87824
4934,635588
4935,730376
4936,56732
4937,296034
4938,94112
4939,417188
4940,643924
4941,92627
4942,63204
4943,11431
4944,507470
4945,418695
4946,387332
4947,106495
4948,392048
4949,412908
4950,239659
4951,143408
4952,40179
4953,932386
4954,62123
4955,97632
4956,878179
4957,123642
4958,339767
4959,206257
4960,294438
4961,295697
4962,71544
4963,64336
4964,30884
4965,294138
4966,857271
4967,122514
4968,108284
4969,500901
4970,44355
4971,104534
4972,50951
4973,55636
4974,109561
4975,10890
4976,273786
4977,270070
4978,109844
4979,210246
4980,612353
4981,940884
4982,775526
4983,16244
4984,98786
4985,91520
4986,235521
4987,265300
4988,78099
4989,426178
4990,122983
4991,665617
4992,411784
4993,394116
4994,135261
4995,852870
4996,449224
4997,610252
4998,75581
4999,127847
5000,53376
5001,53957
5002,83681
5003,39996
5004,79521
5005,343666
5006,77014
5007,307396
5008,18302
5009,35946
5010,129729
5011,146619
5012,17872
5013,110278
5014,315969
5015,65312
5016,330895
5017,45846
5018,318770
5019,137770
5020,31330
5021,25493
5022,238290
5023,123217
5024,216955
5025,320338
5026,604065
5027,19417
5028,123278
5029,395255
5030,148633
5031,22290
5032,129971
5033,324919
5034,149998
5035,747140
5036,276647
5037,119037
5038,718184
5039,281892
5040,767257
5041,226280
5042,388965
5043,31755
5044,143763
5045,119664
5046,732427
5047,942896
5048,254571
5049,549392
5050,354563
5051,279686
5052,309519
5053,56159
5054,386701
5055,380352
5056,277967
5057,12664
5058,36024
5059,440486
5060,254018
5061,583240
5062,13971
5063,993575
5064,816494
5065,262663
5066,34386
5067,369781
5068,326035
5069,43803
5070,37914
5071,293993
5072,289523
5073,11810
5074,204280
5075,795928
5076,53457
5077,908397
5078,87482
5079,111002
5080,49672
5081,863305
5082,137458
5083,881983
5084,521582
5085,253246
5086,384815
5087,59282
5088,136303
5089,46370
5090,121469
5091,96836
5092,245988
5093,105427
5094,136506
5095,107889
5096,121832
5097,338170
5098,120479
5099,131686
5100,83799
5101,426791
5102,83575
5103,364924
5104,130237
5105,560673
5106,335941
5107,307334
5108,742902
5109,359397
5110,721017
5111,39585
5112,121396
5113,970131
5114,18887
5115,130395
5116,982080
5117,971967
5118,89117
5119,119620
5120,323423
5121,250956
5122,312683
5123,398815
5124,274057
5125,352190
5126,120643
5127,132988
5128,366891
5129,316695
5130,224688
5131,420671
5132,875520
5133,235878
5134,93509
5135,73579
5136,284555
5137,365883
5138,406153
5139,111514
5140,24585
5141,140871
5142,127213
5143,337631
5144,356275
5145,326590
5146,72123
5147,55758
5148,118609
5149,12734
5150,41287
5151,369491
5152,59671
5153,881282
5154,271446
5155,335934
5156,14880
5157,148473
5158,998818
5159,73830
5160,446537
5161,427621
5162,31276
5163,209236
5164,117820
5165,83111
5166,274770
5167,201603
5168,287934
5169,837229
5170,39929
5171,257698
5172,663610
5173,523491
5174,380277
5175,94165
5176,110208
5177,434665
5178,59429
5179,887221
5180,137705
5181,207886
5182,779605
5183,215721
5184,362095
5185,85580
5186,72103
5187,11052
5188,18616
5189,66544
5190,45117
5191,305046
5192,254077
5193,719540
5194,218489
5195,140147
5196,369693
5197,800204
5198,80913
5199,54333
5200,447516
5201,886089
5202,39671
5203,34322
5204,234243
5205,871731
5206,98536
5207,104321
5208,291847
5209,269823
5210,53430
5211,77696
5212,142747
5213,72688
5214,336045
5215,553673
5216,109850
5217,353315
5218,59498
5219,248675
5220,324752
5221,115810
5222,146150
5223,93834
5224,124237
5225,206715
5226,286836
5227,254985
5228,288148
5229,375467
5230,60352
5231,138695
5232,240088
5233,969527
5234,114655
5235,209526
5236,808555
5237,10770
5238,436955
5239,277038
5240,758207
5241,133205
5242,283010
5243,593569
5244,133284
5245,65063
5246,88195
5247,136813
5248,286289
5249,54136
5250,506757
5251,880453
5252,253047
5253,525003
5254,781882
5255,309886
5256,82865
5257,128774
5258,23091
5259,704986
5260,864903
5261,849148
5262,86754
5263,366004
5264,131447
5265,651510
5266,314518
5267,673137
5268,42785
5269,123064
5270,32858
5271,213818
5272,204335
5273,245878
5274,253686
5275,129237
5276,704678
5277,307942
5278,835962
5279,46235
5280,20976
5281,12037
5282,47933
5283,397629
5284,22537
5285,34590
5286,371404
5287,120818
5288,97326
5289,529847
5290,59534
5291,356468
5292,223110
5293,397640
5294,92902
5295,79659
5296,79338
5297,138637
5298,145991
5299,309993
5300,229714
5301,135823
5302,243784
5303,264482
5304,139354
5305,326131
5306,124121
5307,314588
5308,40641
5309,58520
5310,431194
5311,73608
5312,733371
5313,135617
5314,24599
5315,344486
5316,281072
5317,106162
5318,85615
5319,371672
5320,264935
5321,91146
5322,61918
5323,299781
5324,673792
5325,50591
5326,561330
5327,44227
5328,221949
5329,86904
5330,246685
5331,630798
5332,58606
5333,91705
5334,88605
5335,408069
5336,117877
5337,123572
5338,665966
5339,396064
5340,629609
5341,961087
5342,95333
5343,16847
5344,61073
5345,114750
5346,136574
5347,302220
5348,107385
5349,91791
5350,237906
5351,26900
5352,370861
5353,131934
5354,417420
5355,723900
5356,654313
5357,65911
5358,32914
5359,297148
5360,98280
5361,72524
5362,87889
5363,567717
5364,41057
5365,80544
5366,130858
5367,524509
5368,413302
5369,326599
5370,793439
5371,35722
5372,513712
5373,381327
5374,337963
5375,362235
5376,39306
5377,383046
5378,115617
5379,285380
5380,128994
5381,223956
5382,362032
5383,126844
5384,87325
5385,111052
5386,284781
5387,314453
5388,444132
5389,149258
5390,303247
5391,129591
5392,56456
5393,28677
5394,61292
5395,86849
5396,87469
5397,304870
5398,416443
5399,54054
5400,327762
5401,39221
5402,276531
5403,292391
5404,412173
5405,421564
5406,64878
5407,106876
5408,650183
5409,587564
5410,378469
5411,446963
5412,345569
5413,74214
5414,771201
5415,23398
5416,251865
5417,206680
5418,656483
5419,130981
5420,124948
5421,702971
5422,83296
5423,396854
5424,136531
5425,35796
5426,12561
5427,140745
5428,970695
5429,447440
5430,939819
5431,438200
5432,67046
5433,333500
5434,300356
5435,37198
5436,239416
5437,420020
5438,416476
5439,41904
5440,220645
5441,58364
5442,23595
5443,51281
5444,26418
5445,374957
5446,203326
5447,739552
5448,143683
5449,89530
5450,101172
5451,98498
5452,18684
5453,249633
5454,63854
5455,57212
5456,128142
5457,10946
5458,277535
5459,72694
5460,17839
5461,87676
5462,205558
5463,446315
5464,123595
5465,132699
5466,45194
5467,715652
5468,119154
5469,53103
5470,22122
5471,375053
5472,69707
5473,258818
5474,115822
5475,55618
5476,297659
5477,68483
5478,36184
5479,362195
5480,58539
5481,399296
5482,124999
5483,209668
5484,143086
5485,143639
5486,300833
5487,71173
5488,378990
5489,811411
5490,110482
5491,115711
5492,138637
5493,138346
5494,79844
5495,137888
5496,132993
5497,36571
5498,445681
5499,339084
5500,39675
5501,104927
5502,406325
5503,111825
5504,137351
5505,57826
5506,60450
5507,15819
5508,282578
5509,340857
5510,68569
5511,29445
5512,74755
5513,96192
5514,244945
5515,73493
5516,17066
5517,213504
5518,119955
5519,792682
5520,715835
5521,724964
5522,104630
5523,904101
5524,246109
5525,230211
5526,133777
5527,324922
5528,433145
5529,392205
5530,115212
5531,332124
5532,136702
5533,593754
5534,120993
5535,133720
5536,549011
5537,72682
5538,840209
5539,21425
5540,234435
5541,41049
5542,342962
5543,233763
5544,247642
5545,31925
5546,45353
5547,26869
5548,82681
5549,314020
5550,404207
5551,97918
5552,84421
5553,220596
5554,414975
5555,357277
5556,69005
5557,259218
5558,66407
5559,337038
5560,873296
5561,207582
5562,206107
5563,90028
5564,771846
5565,325745
5566,138889
5567,77373
5568,406785
5569,702148
5570,131357
5571,772782
5572,784556
5573,298195
5574,275798
5575,45772
5576,81250
5577,782950
5578,12395
5579,434693
5580,297301
5581,320080
5582,572519
5583,85366
5584,75307
5585,20159
5586,316588
5587,222589
5588,696979
5589,235085
5590,39668
5591,843228
5592,125374
5593,51234
5594,130403
5595,977762
5596,56000
5597,335554
5598,360583
5599,59053
5600,741682
5601,137497
5602,112558
5603,118399
5604,40326
5605,118186
5606,285096
5607,283121
5608,117366
5609,119676
5610,245868
5611,622044
5612,924762
5613,346994
5614,18405
5615,37881
5616,419657
5617,109704
5618,79271
5619,107499
5620,57959
5621,51121
5622,370197
5623,236682
5624,105260
5625,89278
5626,247482
5627,394300
5628,264292
5629,45735
5630,34460
5631,97007
5632,49922
5633,51471
5634,208488
5635,565568
5636,397423
5637,333910
5638,117100
5639,596671
5640,983075
5641,55391
5642,76540
5643,92604
5644,83717
5645,581600
5646,393937
5647,35716
5648,420751
5649,403361
5650,14027
5651,61087
5652,47214
5653,83882
5654,104269
5655,773457
5656,27348
5657,54277
5658,24023
5659,113897
5660,702586
5661,301416
5662,121877
5663,326498
5664,89007
5665,52199
5666,115290
5667,119662
5668,65477
5669,25990
5670,273357
5671,71865
5672,15883
5673,215004
5674,955601
5675,84097
5676,882771
5677,51204
5678,377803
5679,85170
5680,58798
5681,322618
5682,82396
5683,39096
5684,38192
5685,125153
5686,126043
5687,104080
5688,85210
5689,46732
5690,228084
5691,142365
5692,39079
5693,59255
5694,235653
5695,20884
5696,211821
5697,130294
5698,293465
5699,77610
5700,125366
5701,445342
5702,339538
5703,619810
5704,236190
5705,200042
5706,543051
5707,65271
5708,427954
5709,87705
5710,392968
5711,339211
5712,244861
5713,141658
5714,17732
5715,278209
5716,326815
5717,222250
5718,128070
5719,627633
5720,239618
5721,237708
5722,75088
5723,101472
5724,385151
5725,125939
5726,314828
5727,527086
5728,234063
5729,132687
5730,34283
5731,287122
5732,125036
5733,70385
5734,64456
5735,543470
5736,138907
5737,536535
5738,313090
5739,21368
5740,347998
5741,892884
5742,357702
5743,343913
5744,798149
5745,612358
5746,366576
5747,83427
5748,235781
5749,975030
5750,115100
5751,116341
5752,60770
5753,334378
5754,65228
5755,21785
5756,10223
5757,863138
5758,137622
5759,90861
5760,247641
5761,507142
5762,323353
5763,100432
5764,63218
5765,290230
5766,23197
5767,94622
5768,398454
5769,137033
5770,350270
5771,125628
5772,448819
5773,132473
5774,11398
5775,113748
5776,68445
5777,17060
5778,345639
5779,41564
5780,143210
5781,83050
5782,38574
5783,579284
5784,141976
5785,89681
5786,68377
5787,247426
5788,247910
5789,419122
5790,129183
5791,998195
5792,123106
5793,317724
5794,13632
5795,89803
5796,11933
5797,17117
5798,113915
5799,278536
5800,44494
5801,806620
5802,771669
5803,447608
5804,577325
5805,334902
5806,144614
5807,399377
5808,285066
5809,87198
5810,331629
5811,26503
5812,141463
5813,248690
5814,389275
5815,379487
5816,297714
5817,391159
5818,95252
5819,71104
5820,149455
5821,407194
5822,550565
5823,100494
5824,24772
5825,116595
5826,223550
5827,13570
5828,15867
5829,973432
5830,310548
5831,710374
5832,24117
5833,340895
5834,447865
5835,410397
5836,41946
5837,25129
5838,237227
5839,933722
5840,255555
5841,217394
5842,448064
5843,10626
5844,88080
5845,303821
5846,236249
5847,394181
5848,244984
5849,121472
5850,134429
5851,92169
5852,131246
5853,817101
5854,258928
5855,98476
5856,200385
5857,749853
5858,140690
5859,67177
5860,417400
5861,310281
5862,97599
5863,348219
5864,122095
5865,34544
5866,360060
5867,283202
5868,119236
5869,51960
5870,27959
5871,42555
5872,60727
5873,968087
5874,83729
5875,342471
5876,148073
5877,733317
5878,89245
5879,83983
5880,211123
5881,47914
5882,51718
5883,77307
5884,51923
5885,97655
5886,130818
5887,95038
5888,79462
5889,244926
5890,443139
5891,64223
5892,47703
5893,826678
5894,281996
5895,114207
5896,845912
5897,845311
5898,72750
5899,421340
5900,18790
5901,201751
5902,98153
5903,26094
5904,119525
5905,45421
5906,11481
5907,32665
5908,67552
5909,625155
5910,440665
5911,400623
5912,46695
5913,327795
5914,641230
5915,404037
5916,230631
5917,38190
5918,136753
5919,339523
5920,438230
5921,978228
5922,557393
5923,105834
5924,830976
5925,39700
5926,75665
5927,403839
5928,651928
5929,979094
5930,429726
5931,33740
5932,648267
5933,219139
5934,919109
5935,314657
5936,81102
5937,104321
5938,435072
5939,343175
5940,53109
5941,216823
5942,52387
5943,128337
5944,140853
5945,57211
5946,986829
5947,140328
5948,117922
5949,94228
5950,133353
5951,345440
5952,63194
5953,69845
5954,12731
5955,130039
5956,299553
5957,518081
5958,233736
5959,338462
5960,815627
5961,40022
5962,63487
5963,134060
5964,438073
5965,222599
5966,368877
5967,377609
5968,412470
5969,35899
5970,109192
5971,124818
5972,861379
5973,65899
5974,130532
5975,24207
5976,267385
5977,128613
5978,75788
5979,91743
5980,342700
5981,107248
5982,35949
5983,103769
5984,377814
5985,67951
5986,295807
5987,21144
5988,519880
5989,228863
5990,130279
5991,648326
5992,68051
5993,932425
5994,268722
5995,336827
5996,208045
5997,30610
5998,540358
5999,94213
6000,106000
6001,421967
6002,421450
6003,432224
6004,338307
6005,106593
6006,79964
6007,149359
6008,930470
6009,599561
6010,26475
6011,384017
6012,510274
6013,115748
6014,292910
6015,322096
6016,22303
6017,113882
6018,40918
6019,139111
6020,360128
6021,273162
6022,425899
6023,115110
6024,305520
6025,632548
6026,69274
6027,46145
6028,675438
6029,360905
6030,272983
6031,139993
6032,385115
6033,394728
6034,80245
6035,109664
6036,126179
6037,27669
6038,143129
6039,109701
6040,145949
6041,695848
6042,120985
6043,56474
6044,217886
6045,623646
6046,716474
6047,32388
6048,234810
6049,206010
6050,236738
6051,28927
6052,13904
6053,522116
6054,770072
6055,393673
6056,382561
6057,325599
6058,55288
6059,324483
6060,908436
6061,17752
6062,27832
6063,667403
6064,131544
6065,332884
6066,55675
6067,337842
6068,998627
6069,709715
6070,224167
6071,147033
6072,123595
6073,16423
6074,35415
6075,21304
6076,67351
6077,350952
6078,220758
6079,16172
6080,47009
6081,719901
6082,364264
6083,307115
6084,21767
6085,46650
6086,56435
6087,32329
6088,502866
6089,34740
6090,69132
6091,950542
6092,378428
6093,110611
6094,266663
6095,545871
6096,56636
6097,48810
6098,237682
6099,245066
6100,37363
6101,346679
6102,45125
6103,411454
6104,405991
6105,36039
6106,215574
6107,259395
6108,113099
6109,202308
6110,518836
6111,82693
6112,428263
6113,329443
6114,302207
6115,263309
6116,206794
6117,14653
6118,303354
6119,705125
6120,893154
6121,35484
6122,65959
6123,15422
6124,445315
6125,352826
6126,84483
6127,133191
6128,22744
6129,64144
6130,19719
6131,315848
6132,85752
6133,383036
6134,310115
6135,317040
6136,144759
6137,12937
6138,346603
6139,63875
6140,212582
6141,35230
6142,51426
6143,390884
6144,416821
6145,138292
6146,325842
6147,91655
6148,373168
6149,69379
6150,118384
6151,331796
6152,116697
6153,321889
6154,312223
6155,37974
6156,324233
6157,567038
6158,33745
6159,89866
6160,217595
6161,45208
6162,390151
6163,589356
6164,302162
6165,125923
6166,106097
6167,134129
6168,146364
6169,862829
6170,339904
6171,39860
6172,964029
6173,30570
6174,68978
6175,85083
6176,761164
6177,38730
6178,883220
6179,848003
6180,124023
6181,46239
6182,85257
6183,120174
6184,214246
6185,138666
6186,339576
6187,34128
6188,289241
6189,134865
6190,28297
6191,503096
6192,73500
6193,19047
6194,117498
6195,399646
6196,377946
6197,79456
6198,49935
6199,123271
6200,105124
6201,255496
6202,861621
6203,52491
6204,122799
6205,517172
6206,125235
6207,439808
6208,242015
6209,100493
6210,14162
6211,438509
6212,276542
6213,136263
6214,260816
6215,330974
6216,754812
6217,141595
6218,896276
6219,206168
6220,239413
6221,76511
6222,59414
6223,119610
6224,439565
6225,94337
6226,890630
6227,47941
6228,246121
6229,397235
6230,545101
6231,64828
6232,263873
6233,144442
6234,14968
6235,136977
6236,46409
6237,128086
6238,209432
6239,51662
6240,47828
6241,146583
6242,67694
6243,346532
6244,85949
6245,15464
6246,232086
6247,955639
6248,438726
6249,70596
6250,90323
6251,134145
6252,48724
6253,620312
6254,520848
6255,207683
6256,26594
6257,10755
6258,429690
6259,122126
6260,365597
6261,985483
6262,398106
6263,204998
6264,328891
6265,375143
6266,143374
6267,111835
6268,50582
6269,258146
6270,202434
6271,870765
6272,115218
6273,35698
6274,94116
6275,75606
6276,99646
6277,314693
6278,67176
6279,113956
6280,80715
6281,77254
6282,440670
6283,865664
6284,31556
6285,546719
6286,143155
6287,37325
6288,341557
6289,339934
6290,11022
6291,98382
6292,290997
6293,274974
6294,250568
6295,545334
6296,595554
6297,51111
6298,377610
6299,108266
6300,93585
6301,51794
6302,62253
6303,246835
6304,48257
6305,51604
6306,28600
6307,136922
6308,870043
6309,408341
6310,88240
6311,253139
6312,915578
6313,30566
6314,970099
6315,31738
6316,90324
6317,266896
6318,103173
6319,909278
6320,656066
6321,76974
6322,130980
6323,912330
6324,585958
6325,123109
6326,332641
6327,120909
6328,39800
6329,315629
6330,94710
6331,395595
6332,131507
6333,60108
6334,383275
6335,12611
6336,82253
6337,240194
6338,104649
6339,68122
6340,50168
6341,80028
6342,93471
6343,374718
6344,72145
6345,46313
6346,106367
6347,32510
6348,436240
6349,226886
6350,133293
6351,660578
6352,13815
6353,841180
6354,90930
6355,522037
6356,428542
6357,220730
6358,103775
6359,421616
6360,448018
6361,91695
6362,48457
6363,379163
6364,17633
6365,111977
6366,436555
6367,421929
6368,74625
6369,40434
6370,53466
6371,750354
6372,277993
6373,621506
6374,60307
6375,335742
6376,987659
6377,36439
6378,935807
6379,434157
6380,345739
6381,412366
6382,105886
6383,119551
6384,55369
6385,91482
6386,120697
6387,283634
6388,100351
6389,16971
6390,76571
6391,744927
6392,375445
6393,733849
6394,445138
6395,126166
6396,101821
6397,81390
6398,300684
6399,324163
6400,836748
6401,50597
6402,123339
6403,71902
6404,856829
6405,20239
6406,397653
6407,407875
6408,74374
6409,815798
6410,959149
6411,819706
6412,447663
6413,66334
6414,127667
6415,111169
6416,518881
6417,130156
6418,146869
6419,426046
6420,139920
6421,115229
6422,211821
6423,413648
6424,339514
6425,570942
6426,134353
6427,122727
6428,149871
6429,61237
6430,53026
6431,294675
6432,91029
6433,681362
6434,430363
6435,218044
6436,769438
6437,11505
6438,40420
6439,588773
6440,807720
6441,64655
6442,52228
6443,34476
6444,29567
6445,564771
6446,216197
6447,133661
6448,81051
6449,44135
6450,112177
6451,426388
6452,228422
6453,232755
6454,202572
6455,574967
6456,225312
6457,98214
6458,287235
6459,316538
6460,330191
6461,276203
6462,440104
6463,105124
6464,114868
6465,60711
6466,362547
6467,88187
6468,46998
6469,131262
6470,358170
6471,80263
6472,27521
6473,238946
6474,124952
6475,147049
6476,388020
6477,814777
6478,277904
6479,11293
6480,130075
6481,52631
6482,208693
6483,40355
6484,812218
6485,402816
6486,399084
6487,621732
6488,319308
6489,112862
6490,35303
6491,87953
6492,16749
6493,74504
6494,15522
6495,141339
6496,245449
6497,141431
6498,85180
6499,35904
6500,538750
6501,12936
6502,444358
6503,403545
6504,429513
6505,50225
6506,941813
6507,121901
6508,345172
6509,329429
6510,17333
6511,98125
6512,49075
6513,255108
6514,339431
6515,41230
6516,616924
6517,132869
6518,139528
6519,320574
6520,110613
6521,124491
6522,142972
6523,761769
6524,220155
6525,132550
6526,420032
6527,131635
6528,790773
6529,44673
6530,141814
6531,233333
6532,579226
6533,252360
6534,68906
6535,448580
6536,73093
6537,93274
6538,396235
6539,76693
6540,106774
6541,39012
6542,88035
6543,409614
6544,655185
6545,341822
6546,430752
6547,93655
6548,287104
6549,364659
6550,50020
6551,76411
6552,13672
6553,791099
6554,45229
6555,274043
6556,217603
6557,269696
6558,116075
6559,235427
6560,99767
6561,112242
6562,55230
6563,631827
6564,440131
6565,51950
6566,99839
6567,90304
6568,447040
6569,26738
6570,995349
6571,111463
6572,385802
6573,372619
6574,34792
6575,219356
6576,229748
6577,224395
6578,149334
6579,220707
6580,272189
6581,753626
6582,68483
6583,131750
6584,16985
6585,413243
6586,148937
6587,19695
6588,852208
6589,417738
6590,33532
6591,241091
6592,55249
6593,947784
6594,83064
6595,948142
6596,78860
6597,218691
6598,555199
6599,82238
6600,421401
6601,428908
6602,68494
6603,137989
6604,267777
6605,54831
6606,355829
6607,428901
6608,119581
6609,330472
6610,240144
6611,48111
6612,89919
6613,91506
6614,895981
6615,29797
6616,33822
6617,289632
6618,103811
6619,220819
6620,246289
6621,24393
6622,25310
6623,415743
6624,235231
6625,24147
6626,520175
6627,92990
6628,349149
6629,12008
6630,292322
6631,449848
6632,934618
6633,407776
6634,110195
6635,129177
6636,145210
6637,347729
6638,625274
6639,126402
6640,342691
6641,50614
6642,351996
6643,64725
6644,36224
6645,814556
6646,22967
6647,683756
6648,119102
6649,755956
6650,827881
6651,66836
6652,81694
6653,728797
6654,60785
6655,74899
6656,71567
6657,667141
6658,55402
6659,434310
6660,259033
6661,218879
6662,657198
6663,37565
6664,279421
6665,272325
6666,86637
6667,340043
6668,143790
6669,429978
6670,284287
6671,996939
6672,256265
6673,62177
6674,95464
6675,20800
6676,944314
6677,116672
6678,79720
6679,202896
6680,88766
6681,36887
6682,76489
6683,109889
6684,390723
6685,42493
6686,393511
6687,636654
6688,104986
6689,448492
6690,16192
6691,658753
6692,885178
6693,76397
6694,76721
6695,18120
6696,335811
6697,535031
6698,131956
6699,19004
6700,22301
6701,70022
6702,683312
6703,210901
6704,43811
6705,15870
6706,122882
6707,32916
6708,75016
6709,261011
6710,144656
6711,376080
6712,394924
6713,83500
6714,222153
6715,217931
6716,293653
6717,54503
6718,333695
6719,74643
6720,377603
6721,367818
6722,688272
6723,853232
6724,259724
6725,75334
6726,52386
6727,22586
6728,20234
6729,22737
6730,40959
6731,583698
6732,39365
6733,862148
6734,277216
6735,418576
6736,237803
6737,363296
6738,77248
6739,74245
6740,206151
6741,47735
6742,323634
6743,512355
6744,336414
6745,832603
6746,34468
6747,858759
6748,712518
6749,991275
6750,74892
6751,920989
6752,19067
6753,965525
6754,271208
6755,72057
6756,360601
6757,28225
6758,71208
6759,234678
6760,965310
6761,36411
6762,148501
6763,42858
6764,72982
6765,370052
6766,425353
6767,67944
6768,400443
6769,713054
6770,411308
6771,83921
6772,270213
6773,386122
6774,72233
6775,49383
6776,25734
6777,90743
6778,67319
6779,409978
6780,137941
6781,362750
6782,50190
6783,363012
6784,613913
6785,23034
6786,900551
6787,12041
6788,255937
6789,236205
6790,10382
6791,242683
6792,429135
6793,949969
6794,108860
6795,443589
6796,749681
6797,40516
6798,432669
6799,301442
6800,359618
6801,41633
6802,55171
6803,318607
6804,125868
6805,217051
6806,394842
6807,51086
6808,30975
6809,124035
6810,114715
6811,60598
6812,210997
6813,106133
6814,139051
6815,57050
6816,431055
6817,11878
6818,52983
6819,408964
6820,387331
6821,90428
6822,133482
6823,17514
6824,422568
6825,44047
6826,280555
6827,40598
6828,423296
6829,544130
6830,81851
6831,247524
6832,446398
6833,672382
6834,406145
6835,860480
6836,69292
6837,138027
6838,61397
6839,243148
6840,13802
6841,276422
6842,376595
6843,859628
6844,80384
6845,586380
6846,115667
6847,662767
6848,65742
6849,416358
6850,124127
6851,208137
6852,397564
6853,100741
6854,449695
6855,57313
6856,17157
6857,324884
6858,78502
6859,108682
6860,272837
6861,101301
6862,294251
6863,77902
6864,281901
6865,49575
6866,14835
6867,895526
6868,48150
6869,203197
6870,46052
6871,24475
6872,23179
6873,232666
6874,360634
6875,100525
6876,114038
6877,107096
6878,962554
6879,124876
6880,107261
6881,430320
6882,45052
6883,40998
6884,200919
6885,85762
6886,93873
6887,15303
6888,40741
6889,448523
6890,410408
6891,414350
6892,116425
6893,102733
6894,29965
6895,33505
6896,92666
6897,332286
6898,106438
6899,22605
6900,52726
6901,964819
6902,144857
6903,27517
6904,440568
6905,276140
6906,518696
6907,143539
6908,47115
6909,26178
6910,94728
6911,342766
6912,141747
6913,56624
6914,382689
6915,50838
6916,303492
6917,31901
6918,333148
6919,67817
6920,229626
6921,938619
6922,638600
6923,89536
6924,213391
6925,211153
6926,351128
6927,17927
6928,305715
6929,286042
6930,130102
6931,371606
6932,315009
6933,128961
6934,113774
6935,137801
6936,120054
6937,339587
6938,394069
6939,53377
6940,424202
6941,61644
6942,270482
6943,364547
6944,356909
6945,428489
6946,128888
6947,593220
6948,847002
6949,136810
6950,84724
6951,114885
6952,101619
6953,136821
6954,43457
6955,146929
6956,135189
6957,369667
6958,11727
6959,845402
6960,76837
6961,334898
6962,256818
6963,23031
6964,982323
6965,289305
6966,132333
6967,339679
6968,86222
6969,230035
6970,70216
6971,205783
6972,218951
6973,41974
6974,15313
6975,268841
6976,422396
6977,959882
6978,438618
6979,370924
6980,72498
6981,322770
6982,80432
6983,29612
6984,37827
6985,41445
6986,449044
6987,46207
6988,45679
6989,35168
6990,59292
6991,25825
6992,372992
6993,265077
6994,63096
6995,212138
6996,354247
6997,254260
6998,143001
6999,288277
7000,55033
7001,79500
7002,334172
7003,405811
7004,28249
7005,23298
7006,408237
7007,81353
7008,120294
7009,407466
7010,70553
7011,588892
7012,77874
7013,842783
7014,120389
7015,47555
7016,417283
7017,236782
7018,139566
7019,64986
7020,359896
7021,369957
7022,813706
7023,825089
7024,89920
7025,117177
7026,218457
7027,649133
7028,533325
7029,31849
7030,236708
7031,89243
7032,347224
7033,263331
7034,133467
7035,820948
7036,88491
7037,394217
7038,119878
7039,27222
7040,347588
7041,28004
7042,148282
7043,74478
7044,228772
7045,26110
7046,316603
7047,593197
7048,402625
7049,141226
7050,120918
7051,143878
7052,61103
7053,804316
7054,235210
7055,373639
7056,75257
7057,39412
7058,84204
7059,62612
7060,224026
7061,822197
7062,327627
7063,41951
7064,321324
7065,898921
7066,890503
7067,298569
7068,54810
7069,635380
7070,725540
7071,56687
7072,213392
7073,22113
7074,139376
7075,80370
7076,708301
7077,209821
7078,355778
7079,549330
7080,76713
7081,92686
7082,207997
7083,424760
7084,920807
7085,318790
7086,393763
7087,77934
7088,130226
7089,69577
7090,376801
7091,296033
7092,136272
7093,369153
7094,43274
7095,428139
7096,224827
7097,32275
7098,289964
7099,880142
7100,548218
7101,86046
7102,25383
7103,349114
7104,851709
7105,335404
7106,306662
7107,258667
7108,83287
7109,233249
7110,358985
7111,235470
7112,137505
7113,353789
7114,14376
7115,663142
7116,927429
7117,824398
7118,268527
7119,134504
7120,99600
7121,108226
7122,92073
7123,118763
7124,62656
7125,87423
7126,143937
7127,757572
7128,387477
7129,117750
7130,127066
7131,441442
7132,93054
7133,53639
7134,210368
7135,64037
7136,558349
7137,840279
7138,410615
7139,282139
7140,136817
7141,47428
7142,313643
7143,33352
7144,13904
7145,403283
7146,67288
7147,49173
7148,128520
7149,235144
7150,83460
7151,245765
7152,298131
7153,341815
7154,73114
7155,234891
7156,64211
7157,830450
7158,11241
7159,15135
7160,266961
7161,261645
7162,122113
7163,88931
7164,123531
7165,125663
7166,904672
7167,443989
7168,38323
7169,404994
7170,144693
7171,147025
7172,101145
7173,50748
7174,133518
7175,82712
7176,423763
7177,18675
7178,51812
7179,759628
7180,37457
7181,63825
7182,409364
7183,126662
7184,367938
7185,343017
7186,33612
7187,145920
7188,530856
7189,627880
7190,864852
7191,60912
7192,269226
7193,586483
7194,79847
7195,253969
7196,55938
7197,100991
7198,85810
7199,40994
7200,77547
7201,36276
7202,52107
7203,370861
7204,386236
7205,123642
7206,928550
7207,125071
7208,11820
7209,23385
7210,356866
7211,52467
7212,80239
7213,204646
7214,41929
7215,639280
7216,271763
7217,19438
7218,318201
7219,315951
7220,532589
7221,260645
7222,112224
7223,16945
7224,76521
7225,939476
7226,227822
7227,736629
7228,91605
7229,310299
7230,252926
7231,57551
7232,687019
7233,108554
7234,294907
7235,13622
7236,59446
7237,146786
7238,383306
7239,877269
7240,798707
7241,50004
7242,65956
7243,33955
7244,130620
7245,103305
7246,849336
7247,377594
7248,345755
7249,148287
7250,43994
7251,271783
7252,133701
7253,143990
7254,588964
7255,224099
7256,138264
7257,41230
7258,14983
7259,88138
7260,31555
7261,867076
7262,138905
7263,372937
7264,75752
7265,390684
7266,201745
7267,73776
7268,24330
7269,264008
7270,88697
7271,918075
7272,930055
7273,69230
7274,988436
7275,380805
7276,577629
7277,859145
7278,759513
7279,413628
7280,110900
7281,98462
7282,120048
7283,61302
7284,24627
7285,436725
7286,539295
7287,112958
7288,272582
7289,62292
7290,241896
7291,30284
7292,210509
7293,110842
7294,244420
7295,88894
7296,404773
7297,203232
7298,88339
7299,19726
7300,60588
7301,255086
7302,293464
7303,251478
7304,272580
7305,324637
7306,60302
7307,66439
7308,662450
7309,25705
7310,326944
7311,115312
7312,144247
7313,722045
7314,229732
7315,103169
7316,107770
7317,115418
7318,87976
7319,39241
7320,38845
7321,347329
7322,35532
7323,29796
7324,143136
7325,207416
7326,245264
7327,436745
7328,39463
7329,29548
7330,265942
7331,65085
7332,83148
7333,281366
7334,74164
7335,66617
7336,433984
7337,742319
7338,75414
7339,48980
7340,101899
7341,26156
7342,278429
7343,85815
7344,140948
7345,121381
7346,262038
7347,441857
7348,274943
7349,106698
7350,569173
7351,87141
7352,735491
7353,10233
7354,124198
7355,317558
7356,89669
7357,328020
7358,24028
7359,660715
7360,312859
7361,100353
7362,319231
7363,581668
7364,49605
7365,372994
7366,100503
7367,31683
7368,105863
7369,26318
7370,711094
7371,405495
7372,18514
7373,24789
7374,374254
7375,259603
7376,436996
7377,117178
7378,725985
7379,101846
7380,744340
7381,357789
7382,207418
7383,61716
7384,62271
7385,65319
7386,30317
7387,128988
7388,129044
7389,204598
7390,59905
7391,308710
7392,825291
7393,98396
7394,145593
7395,24864
7396,139595
7397,134155
7398,92818
7399,236129
7400,336419
7401,104296
7402,125938
7403,373317
7404,288847
7405,288058
7406,123470
7407,82535
7408,259065
7409,139162
7410,780715
7411,324260
7412,217915
7413,119541
7414,66124
7415,813081
7416,440794
7417,994461
7418,131989
7419,90666
7420,51390
7421,245439
7422,426112
7423,221259
7424,324629
7425,91042
7426,38206
7427,380397
7428,350298
7429,108634
7430,17070
7431,902836
7432,432525
7433,880033
7434,17386
7435,329903
7436,86299
7437,121643
7438,740429
7439,324082
7440,265581
7441,24807
7442,260405
7443,68696
7444,60842
7445,75918
7446,366524
7447,68688
7448,56681
7449,40533
7450,93919
7451,651621
7452,42784
7453,599423
7454,756629
7455,425238
7456,86890
7457,232542
7458,353340
7459,215740
7460,352074
7461,437124
7462,241244
7463,23598
7464,140622
7465,543557
7466,754395
7467,369352
7468,24463
7469,409426
7470,78593
7471,81477
7472,996140
7473,38846
7474,268234
7475,51431
7476,316686
7477,961079
7478,391220
7479,116890
7480,425364
7481,328719
7482,26799
7483,125500
7484,24622
7485,95559
7486,211947
7487,230972
7488,325310
7489,131814
7490,135676
7491,329677
7492,368896
7493,39708
7494,385687
7495,271342
7496,807158
7497,263359
7498,967573
7499,20273
7500,45570
7501,226206
7502,129840
7503,136173
7504,244365
7505,142639
7506,916151
7507,381491
7508,87891
7509,16004
7510,72092
7511,62124
7512,845027
7513,544923
7514,372648
7515,129885
7516,383923
7517,22059
7518,874969
7519,297193
7520,319751
7521,226792
7522,271281
7523,348375
7524,260665
7525,102470
7526,334729
7527,111608
7528,270021
7529,763392
7530,839120
7531,962931
7532,263081
7533,44624
7534,26084
7535,121028
7536,98993
7537,367055
7538,393612
7539,403779
7540,32063
7541,600759
7542,85073
7543,71387
7544,95238
7545,109853
7546,54355
7547,124000
7548,357271
7549,37810
7550,82780
7551,80753
7552,53961
7553,101677
7554,406195
7555,372385
7556,113793
7557,123513
7558,85201
7559,360977
7560,116930
7561,97523
7562,146250
7563,86438
7564,366420
7565,377896
7566,94192
7567,419055
7568,333102
7569,225582
7570,137841
7571,144026
7572,70041
7573,202438
7574,44505
7575,68188
7576,383866
7577,79460
7578,14715
7579,349856
7580,43457
7581,39677
7582,249307
7583,43547
7584,125653
7585,353184
7586,366350
7587,421949
7588,132792
7589,54020
7590,42332
7591,429196
7592,109056
7593,79731
7594,256299
7595,229749
7596,101777
7597,83248
7598,112249
7599,36270
7600,365542
7601,32464
7602,52346
7603,96229
7604,71986
7605,225943
7606,714040
7607,399861
7608,798418
7609,104054
7610,36143
7611,62778
7612,45584
7613,929643
7614,127949
7615,223689
7616,226171
7617,30715
7618,57135
7619,112097
7620,427468
7621,868872
7622,952441
7623,413518
7624,410844
7625,226953
7626,272638
7627,77965
7628,264603
7629,217036
7630,48935
7631,946126
7632,112151
7633,109596
7634,759016
7635,226218
7636,733598
7637,139569
7638,131334
7639,137247
7640,312602
7641,294213
7642,109884
7643,60146
7644,419785
7645,27458
7646,12533
7647,22973
7648,120611
7649,269075
7650,207619
7651,998105
7652,141017
7653,285873
7654,428966
7655,444846
7656,48426
7657,252660
7658,389531
7659,430634
7660,103389
7661,418517
7662,102903
7663,18987
7664,98343
7665,60853
7666,141354
7667,292513
7668,623376
7669,80529
7670,88507
7671,366889
7672,341353
7673,308128
7674,69413
7675,790712
7676,26141
7677,13455
7678,19767
7679,338777
7680,59648
7681,100086
7682,420516
7683,79079
7684,33565
7685,936009
7686,987182
7687,123611
7688,389106
7689,569044
7690,615239
7691,431302
7692,327964
7693,297881
7694,257402
7695,75539
7696,383791
7697,44249
7698,13576
7699,117868
7700,270965
7701,258937
7702,200776
7703,63864
7704,326025
7705,231481
7706,49818
7707,107102
7708,521119
7709,64490
7710,703862
7711,133891
7712,63767
7713,52896
7714,625693
7715,407365
7716,254793
7717,55150
7718,306423
7719,361411
7720,989234
7721,344550
7722,351297
7723,148257
7724,235485
7725,887619
7726,83376
7727,285113
7728,582462
7729,396525
7730,95079
7731,414892
7732,230021
7733,366997
7734,74663
7735,85159
7736,300754
7737,148790
7738,107173
7739,112375
7740,549503
7741,821532
7742,120316
7743,58633
7744,130212
7745,82022
7746,10603
7747,598951
7748,689991
7749,383560
7750,84373
7751,283673
7752,411189
7753,59947
7754,59845
7755,295990
7756,136918
7757,103148
7758,345365
7759,242632
7760,20973
7761,325291
7762,239752
7763,583187
7764,808678
7765,48891
7766,46675
7767,86802
7768,45592
7769,92800
7770,885394
7771,425490
7772,682662
7773,793521
7774,796758
7775,129181
7776,70840
7777,745333
7778,121143
7779,32205
7780,425834
7781,145501
7782,114957
7783,19866
7784,115782
7785,40602
7786,124002
7787,143063
7788,309055
7789,145609
7790,38508
7791,77479
7792,437516
7793,117480
7794,21417
7795,146761
7796,43492
7797,627231
7798,19270
7799,90389
7800,593292
7801,274608
7802,98197
7803,61166
7804,410712
7805,35094
7806,26188
7807,112252
7808,111509
7809,253267
7810,57815
7811,68653
7812,49769
7813,78126
7814,509175
7815,33097
7816,134414
7817,804367
7818,724994
7819,416457
7820,431011
7821,359956
7822,43810
7823,95953
7824,926113
7825,352296
7826,993237
7827,228784
7828,56499
7829,49268
7830,578335
7831,49025
7832,114575
7833,20573
7834,103313
7835,12099
7836,868211
7837,54282
7838,917557
7839,331114
7840,91436
7841,37418
7842,379607
7843,807538
7844,770261
7845,29261
7846,14805
7847,126430
7848,77250
7849,73526
7850,576546
7851,308254
7852,66969
7853,315695
7854,132652
7855,80315
7856,113053
7857,318960
7858,443800
7859,111458
7860,66929
7861,656432
7862,110216
7863,96708
7864,590759
7865,46117
7866,408963
7867,46183
7868,867664
7869,96051
7870,108491
7871,116503
7872,62588
7873,267658
7874,356648
7875,23041
7876,323945
7877,140614
7878,85013
7879,145319
7880,553465
7881,142018
7882,757418
7883,930129
7884,16555
7885,126451
7886,424946
7887,730374
7888,378273
7889,13641
7890,960355
7891,524849
7892,304664
7893,682146
7894,25101
7895,813195
7896,110372
7897,283618
7898,433822
7899,899863
7900,51234
7901,595863
7902,69413
7903,112902
7904,639450
7905,61487
7906,105235
7907,372657
7908,529462
7909,407820
7910,345828
7911,964883
7912,145213
7913,53363
7914,25249
7915,210595
7916,67685
7917,333199
7918,998820
7919,440630
7920,57060
7921,953675
7922,114829
7923,40265
7924,212685
7925,49824
7926,32394
7927,246213
7928,127838
7929,111962
7930,133935
7931,304976
7932,957969
7933,723648
7934,383641
7935,51015
7936,772805
7937,648763
7938,843518
7939,82444
7940,80881
7941,329670
7942,410232
7943,55706
7944,239200
7945,95765
7946,393200
7947,57887
7948,389598
7949,762332
7950,14002
7951,305286
7952,420214
7953,85329
7954,110691
7955,506670
7956,149066
7957,85777
7958,72081
7959,124171
7960,92221
7961,344662
7962,202624
7963,389636
7964,70149
7965,922319
7966,371351
7967,805691
7968,121050
7969,84394
7970,140098
7971,113234
7972,881352
7973,247539
7974,414394
7975,397080
7976,144877
7977,329168
7978,422221
7979,292753
7980,655269
7981,110858
7982,52938
7983,146072
7984,97756
7985,134349
7986,853576
7987,104468
7988,256486
7989,501050
7990,87715
7991,314042
7992,402372
7993,330454
7994,660715
7995,223724
7996,268785
7997,106855
7998,431002
7999,147119
8000,270934
8001,147655
8002,722585
8003,287291
8004,105585
8005,282699
8006,674124
8007,115647
8008,28760
8009,537393
8010,103217
8011,392839
8012,86047
8013,117587
8014,420609
8015,45448
8016,29441
8017,46521
8018,77792
8019,829849
8020,274633
8021,378768
8022,65786
8023,44015
8024,75744
8025,736255
8026,398821
8027,232297
8028,119575
8029,139215
8030,146430
8031,91178
8032,602540
8033,397683
8034,53420
8035,145496
8036,56480
8037,79585
8038,76538
8039,263405
8040,32838
8041,754402
8042,68769
8043,149545
8044,731187
8045,408490
8046,911945
8047,246873
8048,86753
8049,20286
8050,149988
8051,308567
8052,353158
8053,106637
8054,316245
8055,272892
8056,428928
8057,702523
8058,828701
8059,390961
8060,73614
8061,419863
8062,759634
8063,47842
8064,143310
8065,224095
8066,138522
8067,94828
8068,47559
8069,23709
8070,232385
8071,370937
8072,343184
8073,148717
8074,413901
8075,23115
8076,134134
8077,63180
8078,324513
8079,116798
8080,126752
8081,99464
8082,102778
8083,45385
8084,108373
8085,370245
8086,26141
8087,76986
8088,32951
8089,233658
8090,102750
8091,133866
8092,44383
8093,222806
8094,370054
8095,682265
8096,67184
8097,407239
8098,46717
8099,313691
8100,125209
8101,244084
8102,39650
8103,348712
8104,37079
8105,69427
8106,287038
8107,741377
8108,111986
8109,142771
8110,129288
8111,123964
8112,24551
8113,142627
8114,355345
8115,141438
8116,82403
8117,145102
8118,415132
8119,611099
8120,244921
8121,23805
8122,62623
8123,29951
8124,411521
8125,18121
8126,275001
8127,303415
8128,256681
8129,321158
8130,254329
8131,103200
8132,690996
8133,595138
8134,137933
8135,75724
8136,311422
8137,256531
8138,611758
8139,113584
8140,268809
8141,141886
8142,107217
8143,400957
8144,132695
8145,72478
8146,16481
8147,103359
8148,375014
8149,231464
8150,100087
8151,266147
8152,239717
8153,234422
8154,73661
8155,112715
8156,144582
8157,515282
8158,255829
8159,446856
8160,227691
8161,137163
8162,124765
8163,565690
8164,366892
8165,121171
8166,449933
8167,326006
8168,355299
8169,24860
8170,520132
8171,62860
8172,75902
8173,301286
8174,988136
8175,351061
8176,680480
8177,125227
8178,67483
8179,114021
8180,132062
8181,126762
8182,26787
8183,726019
8184,123288
8185,269306
8186,140104
8187,591010
8188,93109
8189,120871
8190,90934
8191,73757
8192,548213
8193,20470
8194,337389
8195,47367
8196,12654
8197,96755
8198,22217
8199,695096
8200,32961
8201,412544
8202,935351
8203,813083
8204,598140
8205,902422
8206,536344
8207,269444
8208,113600
8209,892713
8210,885720
8211,296668
8212,427759
8213,814087
8214,434946
8215,82343
8216,357852
8217,754223
8218,77798
8219,26766
8220,280916
8221,71419
8222,214200
8223,884173
8224,916450
8225,417531
8226,352855
8227,120769
8228,104361
8229,214466
8230,140052
8231,23443
8232,143259
8233,225087
8234,91496
8235,607542
8236,338007
8237,123744
8238,18938
8239,130215
8240,312457
8241,128019
8242,17185
8243,327905
8244,42910
8245,848267
8246,207129
8247,414483
8248,38071
8249,89761
8250,113581
8251,534420
8252,795703
8253,32715
8254,598828
8255,43503
8256,415990
8257,418190
8258,253982
8259,754100
8260,212562
8261,15535
8262,107072
8263,823632
8264,788668
8265,568285
8266,26522
8267,238522
8268,234542
8269,221177
8270,204078
8271,28783
8272,74680
8273,222101
8274,279814
8275,81017
8276,220475
8277,102120
8278,131552
8279,55244
8280,72588
8281,863891
8282,333296
8283,41101
8284,146859
8285,207497
8286,366474
8287,281248
8288,954617
8289,28880
8290,130519
8291,544052
8292,13678
8293,124371
8294,261621
8295,137202
8296,814625
8297,102084
8298,119118
8299,328631
8300,284054
8301,522506
8302,47002
8303,306432
8304,89035
8305,444661
8306,20089
8307,12786
8308,120747
8309,58083
8310,394745
8311,447393
8312,141372
8313,88262
8314,599722
8315,256199
8316,77865
8317,883304
8318,767510
8319,301741
8320,30360
8321,440884
8322,95732
8323,128811
8324,41204
8325,386224
8326,716398
8327,61075
8328,146329
8329,781508
8330,80845
8331,252641
8332,347562
8333,103054
8334,106729
8335,685161
8336,100041
8337,558121
8338,757805
8339,112762
8340,221233
8341,90781
8342,250010
8343,142304
8344,32371
8345,865335
8346,129451
8347,977672
8348,909407
8349,767672
8350,342011
8351,90206
8352,321905
8353,851036
8354,296584
8355,85085
8356,49816
8357,531052
8358,678322
8359,136318
8360,208937
8361,383267
8362,239401
8363,119267
8364,844067
8365,622080
8366,11316
8367,108231
8368,144757
8369,515286
8370,411513
8371,238357
8372,59010
8373,439311
8374,145960
8375,217373
8376,398996
8377,395535
8378,834840
8379,276765
8380,834998
8381,859613
8382,749374
8383,299459
8384,417610
8385,327804
8386,42133
8387,226912
8388,32383
8389,104130
8390,102883
8391,92582
8392,21188
8393,123584
8394,897536
8395,241963
8396,521413
8397,37211
8398,16213
8399,207852
8400,72670
8401,979531
8402,332771
8403,63572
8404,138574
8405,99386
8406,353422
8407,404062
8408,11692
8409,136867
8410,33221
8411,442297
8412,448561
8413,108324
8414,53809
8415,381361
8416,332346
8417,237601
8418,94124
8419,327606
8420,63813
8421,962899
8422,124932
8423,315131
8424,746087
8425,147926
8426,980935
8427,325720
8428,146302
8429,124497
8430,11837
8431,98276
8432,441204
8433,814231
8434,347805
8435,137135
8436,58774
8437,227992
8438,353016
8439,149034
8440,383763
8441,382555
8442,320480
8443,39142
8444,51221
8445,101133
8446,84148
8447,72894
8448,270510
8449,879508
8450,363197
8451,732484
8452,60430
8453,66022
8454,300113
8455,50918
8456,215205
8457,117432
8458,441291
8459,133700
8460,148210
8461,22604
8462,903396
8463,39465
8464,94443
8465,15052
8466,133340
8467,63103
8468,853244
8469,148217
8470,373712
8471,86114
8472,967427
8473,548758
8474,102728
8475,362221
8476,136230
8477,51303
8478,320610
8479,51142
8480,402334
8481,99267
8482,81716
8483,44350
8484,99347
8485,105486
8486,289530
8487,64547
8488,628910
8489,394262
8490,239274
8491,239256
8492,18308
8493,71680
8494,267920
8495,108609
8496,977881
8497,42352
8498,61835
8499,297552
8500,924104
8501,118265
8502,26248
8503,56008
8504,952872
8505,128789
8506,141215
8507,213992
8508,45890
8509,377303
8510,94096
8511,93489
8512,141150
8513,514615
8514,781127
8515,315178
8516,249715
8517,237031
8518,279042
8519,61063
8520,330008
8521,82965
8522,40249
8523,108095
8524,138194
8525,84831
8526,322619
8527,212088
8528,66124
8529,23392
8530,69553
8531,46456
8532,374862
8533,102381
8534,141102
8535,136975
8536,773754
8537,94271
8538,501796
8539,228747
8540,247442
8541,223556
8542,106701
8543,22219
8544,428937
8545,136079
8546,111208
8547,918202
8548,383445
8549,386616
8550,411037
8551,429677
8552,84266
8553,587856
8554,306980
8555,250888
8556,278296
8557,17492
8558,215875
8559,144804
8560,295821
8561,27687
8562,22677
8563,404091
8564,768863
8565,51799
8566,52652
8567,54406
8568,100539
8569,85079
8570,653231
8571,253430
8572,602504
8573,88129
8574,40401
8575,836083
8576,108656
8577,380817
8578,866384
8579,149348
8580,139745
8581,118876
8582,113626
8583,355704
8584,79938
8585,291714
8586,441817
8587,311874
8588,55003
8589,76812
8590,64597
8591,112734
8592,373858
8593,607602
8594,292252
8595,586366
8596,48282
8597,346087
8598,384650
8599,414661
8600,239483
8601,33915
8602,280071
8603,255852
8604,879188
8605,135616
8606,346028
8607,39764
8608,262595
8609,263799
8610,70206
8611,43487
8612,112911
8613,838144
8614,656111
8615,374940
8616,72492
8617,143327
8618,244670
8619,22383
8620,94538
8621,131017
8622,437315
8623,149131
8624,389691
8625,307796
8626,326064
8627,756769
8628,382780
8629,71123
8630,66924
8631,132181
8632,321266
8633,573506
8634,407527
8635,49199
8636,335156
8637,689067
8638,68310
8639,276891
8640,117693
8641,55029
8642,14743
8643,56153
8644,367701
8645,397966
8646,829650
8647,902463
8648,77185
8649,122366
8650,130118
8651,71277
8652,374695
8653,358561
8654,91491
8655,325857
8656,426232
8657,400314
8658,630683
8659,132284
8660,432661
8661,345101
8662,302174
8663,83373
8664,116750
8665,202416
8666,253204
8667,782697
8668,389545
8669,329515
8670,127770
8671,20448
8672,207118
8673,798291
8674,306398
8675,47760
8676,540992
8677,242588
8678,143388
8679,123067
8680,21237
8681,91504
8682,84685
8683,621535
8684,650510
8685,58662
8686,118057
8687,140563
8688,101987
8689,545858
8690,252051
8691,959531
8692,61595
8693,55902
8694,528936
8695,91483
8696,29098
8697,447059
8698,110581
8699,222180
8700,68017
8701,416670
8702,392106
8703,140377
8704,356854
8705,295988
8706,307474
8707,21878
8708,70748
8709,56941
8710,110458
8711,90127
8712,295004
8713,84305
8714,114602
8715,735141
8716,771431
8717,78348
8718,139610
8719,99827
8720,202739
8721,92522
8722,449170
8723,112211
8724,51885
8725,289827
8726,580661
8727,250384
8728,523015
8729,118927
8730,115184
8731,733777
8732,347717
8733,120205
8734,243204
8735,62643
8736,639364
8737,299718
8738,548098
8739,94604
8740,347596
8741,217271
8742,228357
8743,113597
8744,722674
8745,44241
8746,57050
8747,221025
8748,268855
8749,261000
8750,364085
8751,315656
8752,110306
8753,133637
8754,821996
8755,345153
8756,508047
8757,326123
8758,650841
8759,376188
8760,326209
8761,280393
8762,575714
8763,377296
8764,111997
8765,259384
8766,62478
8767,392459
8768,22553
8769,86848
8770,147174
8771,43936
8772,223736
8773,37190
8774,40270
8775,81281
8776,88031
8777,314419
8778,109884
8779,914821
8780,58982
8781,50366
8782,215577
8783,77296
8784,779298
8785,100231
8786,123945
8787,380110
8788,28643
8789,761971
8790,26561
8791,681027
8792,295463
8793,92552
8794,76586
8795,148859
8796,427282
8797,337941
8798,660985
8799,26416
8800,921669
8801,110148
8802,69253
8803,119155
8804,726068
8805,288631
8806,51872
8807,304342
8808,79064
8809,125225
8810,237509
8811,11903
8812,424677
8813,88567
8814,202531
8815,907559
8816,99437
8817,67356
8818,23709
8819,578107
8820,416477
8821,422535
8822,92385
8823,34277
8824,370720
8825,290693
8826,49033
8827,72442
8828,29069
8829,40962
8830,131789
8831,128679
8832,269980
8833,84808
8834,409345
8835,236051
8836,704374
8837,121504
8838,228443
8839,27127
8840,401965
8841,107149
8842,17738
8843,49969
8844,354242
8845,212624
8846,303780
8847,66104
8848,364096
8849,60441
8850,51534
8851,70585
8852,53777
8853,89631
8854,277167
8855,362393
8856,126446
8857,203069
8858,697653
8859,967796
8860,354149
8861,104578
8862,215982
8863,349174
8864,294490
8865,34967
8866,445705
8867,248210
8868,617535
8869,575149
8870,34058
8871,245797
8872,228578
8873,136713
8874,264653
8875,68653
8876,16092
8877,90265
8878,83186
8879,117678
8880,36519
8881,226198
8882,108145
8883,67995
8884,384010
8885,122014
8886,393967
8887,348338
8888,143221
8889,270417
8890,40801
8891,919603
8892,520760
8893,19042
8894,710007
8895,148200
8896,817789
8897,234288
8898,45148
8899,746232
8900,10859
8901,252862
8902,13631
8903,127842
8904,61226
8905,338520
8906,272682
8907,223227
8908,410570
8909,88000
8910,247474
8911,126172
8912,146688
8913,314932
8914,293358
8915,19180
8916,410957
8917,133193
8918,367176
8919,133322
8920,30440
8921,216951
8922,994844
8923,915721
8924,933953
8925,209727
8926,38866
8927,67475
8928,59244
8929,149907
8930,142409
8931,24169
8932,133620
8933,860825
8934,87144
8935,122516
8936,29179
8937,119538
8938,366196
8939,104208
8940,220870
8941,910561
8942,241507
8943,101218
8944,249248
8945,257735
8946,714545
8947,258364
8948,19877
8949,970624
8950,28029
8951,260697
8952,395109
8953,250549
8954,532100
8955,832046
8956,93944
8957,84407
8958,380934
8959,123158
8960,137052
8961,42669
8962,88967
8963,287438
8964,298481
8965,31033
8966,612827
8967,12796
8968,426092
8969,339219
8970,239418
8971,448080
8972,83488
8973,60024
8974,293636
8975,44115
8976,115555
8977,149281
8978,279320
8979,69893
8980,414652
8981,112914
8982,15867
8983,211395
8984,116868
8985,42512
8986,251946
8987,142638
8988,19611
8989,85428
8990,347113
8991,73396
8992,16621
8993,145646
8994,20871
8995,97153
8996,110199
8997,737707
8998,67847
8999,75512
9000,55984
9001,73107
9002,545632
9003,233396
9004,135047
9005,25673
9006,37155
9007,284296
9008,338447
9009,133161
9010,551288
9011,801455
9012,969742
9013,706043
9014,279832
9015,536387
9016,406860
9017,250602
9018,131838
9019,140392
9020,110316
9021,425520
9022,505952
9023,112070
9024,580041
9025,394517
9026,39998
9027,29458
9028,438720
9029,145166
9030,360773
9031,140566
9032,333652
9033,69518
9034,353419
9035,252374
9036,241240
9037,117334
9038,113488
9039,33251
9040,120352
9041,286707
9042,114452
9043,434678
9044,96108
9045,275881
9046,35060
9047,52867
9048,402748
9049,308910
9050,317089
9051,271718
9052,132560
9053,222175
9054,21573
9055,138167
9056,340178
9057,728344
9058,113425
9059,383720
9060,70055
9061,980017
9062,134898
9063,120309
9064,65203
9065,95404
9066,147269
9067,30219
9068,128750
9069,759883
9070,29993
9071,44806
9072,40171
9073,442954
9074,64139
9075,355512
9076,15436
9077,108378
9078,713420
9079,109011
9080,434760
9081,657221
9082,103358
9083,421767
9084,16917
9085,146255
9086,211896
9087,145153
9088,392780
9089,122772
9090,112812
9091,100083
9092,436937
9093,825681
9094,131191
9095,118921
9096,401614
9097,22006
9098,127046
9099,727787
9100,265869
9101,131444
9102,409057
9103,33595
9104,310396
9105,41623
9106,97138
9107,97906
9108,79604
9109,100458
9110,113313
9111,999021
9112,552326
9113,18712
9114,364971
9115,92395
9116,37408
9117,96638
9118,93021
9119,50352
9120,122220
9121,67608
9122,421018
9123,48741
9124,23230
9125,131177
9126,639416
9127,121778
9128,444651
9129,832078
9130,79247
9131,14793
9132,912553
9133,63916
9134,407760
9135,289081
9136,38190
9137,45984
9138,397858
9139,80092
9140,106682
9141,107270
9142,434471
9143,721445
9144,237544
9145,331136
9146,73315
9147,11761
9148,503124
9149,18180
9150,563028
9151,84320
9152,70470
9153,70061
9154,115241
9155,201688
9156,81016
9157,128129
9158,29311
9159,838690
9160,854104
9161,103770
9162,610894
9163,963516
9164,280626
9165,81195
9166,10029
9167,131863
9168,99595
9169,103990
9170,263392
9171,233834
9172,12089
9173,110155
9174,641954
9175,357328
9176,237124
9177,143043
9178,29680
9179,55706
9180,36352
9181,537979
9182,17820
9183,289675
9184,323226
9185,60562
9186,18868
9187,142561
9188,240010
9189,13303
9190,13016
9191,439267
9192,102944
9193,110972
9194,82178
9195,229293
9196,250348
9197,54122
9198,679677
9199,35008
9200,93159
9201,53997
9202,103998
9203,779435
9204,410675
9205,830816
9206,114474
9207,262348
9208,371067
9209,393265
9210,248645
9211,206167
9212,114451
9213,446922
9214,20475
9215,259265
9216,236824
9217,127737
9218,148379
9219,112604
9220,822063
9221,405038
9222,680909
9223,368704
9224,366663
9225,328081
9226,64275
9227,276425
9228,128308
9229,276339
9230,58715
9231,141469
9232,936382
9233,212928
9234,50823
9235,377833
9236,122597
9237,59758
9238,272325
9239,133346
9240,233795
9241,64915
9242,113371
9243,377526
9244,265577
9245,305851
9246,309963
9247,253087
9248,242811
9249,303169
9250,710526
9251,276110
9252,312320
9253,301858
9254,111603
9255,30214
9256,145966
9257,93079
9258,361226
9259,106984
9260,927789
9261,245913
9262,25496
9263,119438
9264,85538
9265,775752
9266,41646
9267,256796
9268,19676
9269,267033
9270,31413
9271,117688
9272,143448
9273,143622
9274,407906
9275,937708
9276,35045
9277,226920
9278,263405
9279,373339
9280,42968
9281,278234
9282,46581
9283,106063
9284,261256
9285,79935
9286,548180
9287,384309
9288,86586
9289,31365
9290,242548
9291,116227
9292,56916
9293,819992
9294,889268
9295,22525
9296,248216
9297,532246
9298,383311
9299,254137
9300,97796
9301,650948
9302,28726
9303,803560
9304,436456
9305,28840
9306,115128
9307,105788
9308,20988
9309,99759
9310,114416
9311,616239
9312,593296
9313,45296
9314,374092
9315,117656
9316,240470
9317,565948
9318,31571
9319,831864
9320,289995
9321,121580
9322,251002
9323,16413
9324,241784
9325,232738
9326,115026
9327,119137
9328,44673
9329,38820
9330,324864
9331,16501
9332,89765
9333,785395
9334,933121
9335,658807
9336,339333
9337,429308
9338,267726
9339,115318
9340,441418
9341,270416
9342,777206
9343,52977
9344,282058
9345,37373
9346,77467
9347,22778
9348,218153
9349,71959
9350,778935
9351,115619
9352,826561
9353,666977
9354,812768
9355,141427
9356,274416
9357,365269
9358,146246
9359,221153
9360,254157
9361,113089
9362,138801
9363,230502
9364,685689
9365,245532
9366,24578
9367,408574
9368,237508
9369,688934
9370,436405
9371,140044
9372,86752
9373,381428
9374,201713
9375,550125
9376,375605
9377,236163
9378,41250
9379,355073
9380,132289
9381,73481
9382,41711
9383,43781
9384,41956
9385,87328
9386,42752
9387,72521
9388,204133
9389,782011
9390,612617
9391,56769
9392,447855
9393,285881
9394,295122
9395,103495
9396,242622
9397,12477
9398,500796
9399,941409
9400,271379
9401,74972
9402,297420
9403,20923
9404,82571
9405,422376
9406,66194
9407,270757
9408,61905
9409,138584
9410,364132
9411,766622
9412,117174
9413,129211
9414,96782
9415,769502
9416,111793
9417,10531
9418,14149
9419,147701
9420,43409
9421,270972
9422,298853
9423,112943
9424,230972
9425,305757
9426,769039
9427,81271
9428,212733
9429,82102
9430,298627
9431,881077
9432,201473
9433,118758
9434,339896
9435,929817
9436,408493
9437,845151
9438,50354
9439,398671
9440,107395
9441,433642
9442,432559
9443,149808
9444,85003
9445,117815
9446,205037
9447,206534
9448,956235
9449,119751
9450,79371
9451,575309
9452,119927
9453,31899
9454,391360
9455,31695
9456,553691
9457,130373
9458,350680
9459,926442
9460,280800
9461,72798
9462,21438
9463,27615
9464,557531
9465,675877
9466,14889
9467,81518
9468,449973
9469,406915
9470,387738
9471,812217
9472,97043
9473,995283
9474,421541
9475,978728
9476,919190
9477,785095
9478,403280
9479,406616
9480,974823
9481,656827
9482,419541
9483,82302
9484,103095
9485,247572
9486,645466
9487,950096
9488,102113
9489,123315
9490,96578
9491,19727
9492,401411
9493,855523
9494,226550
9495,390786
9496,74393
9497,71642
9498,274914
9499,97818
9500,287283
9501,89053
9502,106254
9503,348158
9504,439200
9505,211307
9506,670400
9507,426131
9508,738108
9509,97017
9510,392345
9511,92624
9512,106255
9513,26848
9514,75690
9515,65838
9516,59773
9517,412080
9518,420660
9519,79977
9520,448903
9521,319777
9522,386112
9523,76292
9524,226433
9525,223667
9526,15108
9527,295125
9528,605886
9529,645549
9530,13267
9531,972112
9532,281040
9533,81287
9534,222938
9535,28478
9536,363336
9537,999890
9538,291638
9539,834822
9540,370439
9541,221020
9542,281400
9543,48519
9544,434987
9545,354792
9546,421624
9547,822979
9548,221131
9549,126025
9550,371925
9551,321443
9552,231400
9553,137314
9554,334167
9555,226320
9556,136186
9557,20127
9558,623875
9559,295641
9560,30615
9561,140361
9562,57936
9563,229494
9564,389527
9565,65322
9566,56822
9567,19634
9568,22556
9569,739564
9570,786502
9571,37845
9572,699253
9573,844512
9574,131210
9575,432039
9576,117360
9577,947133
9578,59745
9579,68452
9580,227729
9581,128507
9582,61924
9583,243523
9584,26747
9585,877469
9586,42019
9587,755983
9588,41066
9589,344734
9590,38436
9591,826787
9592,432479
9593,436768
9594,29791
9595,80982
9596,239012
9597,130928
9598,311165
9599,66605
9600,287807
9601,353283
9602,297038
9603,667945
9604,781111
9605,330057
9606,10352
9607,316551
9608,877817
9609,77208
9610,447438
9611,983032
9612,10869
9613,303580
9614,298970
9615,723201
9616,698553
9617,19250
9618,11853
9619,84047
9620,112173
9621,398146
9622,867460
9623,57398
9624,297825
9625,47293
9626,283529
9627,143460
9628,146676
9629,44266
9630,64737
9631,23413
9632,327931
9633,908921
9634,57554
9635,94421
9636,63502
9637,897691
9638,929099
9639,314424
9640,275578
9641,29945
9642,20332
9643,68555
9644,967866
9645,356064
9646,52907
9647,84344
9648,10900
9649,217475
9650,55254
9651,18517
9652,500752
9653,138221
9654,55633
9655,97446
9656,123714
9657,969363
9658,30321
9659,340857
9660,137599
9661,57272
9662,60786
9663,127313
9664,138032
9665,788376
9666,57061
9667,445660
9668,97124
9669,361821
9670,286577
9671,136520
9672,134996
9673,830085
9674,57986
9675,87847
9676,141581
9677,140015
9678,11103
9679,892145
9680,136869
9681,975805
9682,228310
9683,130839
9684,904427
9685,439273
9686,695349
9687,761067
9688,38571
9689,138397
9690,64715
9691,322516
9692,33789
9693,248258
9694,17189
9695,128163
9696,73528
9697,255513
9698,142769
9699,374615
9700,941351
9701,952540
9702,73372
9703,509628
9704,63797
9705,351461
9706,266091
9707,93723
9708,253826
9709,430409
9710,211980
9711,76046
9712,44510
9713,358926
9714,570273
9715,661537
9716,700158
9717,81618
9718,87924
9719,100448
9720,794984
9721,127492
9722,116482
9723,378253
9724,115994
9725,423433
9726,432845
9727,356798
9728,413946
9729,378970
9730,372614
9731,149534
9732,940280
9733,132572
9734,82328
9735,12034
9736,50057
9737,27840
9738,54814
9739,445141
9740,299079
9741,26812
9742,135766
9743,337373
9744,362528
9745,89416
9746,261630
9747,260271
9748,119514
9749,771386
9750,142343
9751,449284
9752,50048
9753,123200
9754,224565
9755,124878
9756,389110
9757,57060
9758,770991
9759,395432
9760,144423
9761,307888
9762,650658
9763,431807
9764,382911
9765,231043
9766,81742
9767,419040
9768,210386
9769,112112
9770,50100
9771,29481
9772,127034
9773,872588
9774,617979
9775,311320
9776,79131
9777,79043
9778,99295
9779,95678
9780,10011
9781,240931
9782,726951
9783,114044
9784,35593
9785,243957
9786,105659
9787,120696
9788,352724
9789,11603
9790,392016
9791,116997
9792,200279
9793,140879
9794,13599
9795,27517
9796,257861
9797,264190
9798,56253
9799,237105
9800,53202
9801,17542
9802,329015
9803,50544
9804,134231
9805,80480
9806,41370
9807,409979
9808,247380
9809,260844
9810,241911
9811,301559
9812,304924
9813,709064
9814,518093
9815,10037
9816,206544
9817,54806
9818,755958
9819,118129
9820,66573
9821,120162
9822,27015
9823,104507
9824,422177
9825,391305
9826,135381
9827,92827
9828,29104
9829,375081
9830,214513
9831,110038
9832,43804
9833,365536
9834,40682
9835,39303
9836,35896
9837,61527
9838,398390
9839,312106
9840,75203
9841,328046
9842,96380
9843,287804
9844,11195
9845,18634
9846,147747
9847,95972
9848,107851
9849,70186
9850,90999
9851,131338
9852,29824
9853,371725
9854,205645
9855,209799
9856,78610
9857,254272
9858,202819
9859,318875
9860,72362
9861,77830
9862,265415
9863,90915
9864,885886
9865,124191
9866,114252
9867,12590
9868,139612
9869,290041
9870,139388
9871,122185
9872,362150
9873,99520
9874,443980
9875,109740
9876,354236
9877,671637
9878,39121
9879,141752
9880,80259
9881,49894
9882,31977
9883,954184
9884,208041
9885,104442
9886,220224
9887,346988
9888,955349
9889,26946
9890,125200
9891,129604
9892,105287
9893,13190
9894,266805
9895,100087
9896,422448
9897,628674
9898,415359
9899,144612
9900,237658
9901,56205
9902,431478
9903,13622
9904,142054
9905,64850
9906,111464
9907,20468
9908,46313
9909,396580
9910,82786
9911,98169
9912,308749
9913,15167
9914,540758
9915,44534
9916,117657
9917,70584
9918,62772
9919,209976
9920,118593
9921,97521
9922,302813
9923,82189
9924,242249
9925,135130
9926,71855
9927,79805
9928,962848
9929,149018
9930,15548
9931,593991
9932,13550
9933,113372
9934,110801
9935,356832
9936,110100
9937,114158
9938,228839
9939,230956
9940,65394
9941,145789
9942,137775
9943,300497
9944,77056
9945,148716
9946,13974
9947,331727
9948,123527
9949,30335
9950,114046
9951,941137
9952,755449
9953,146658
9954,392402
9955,113365
9956,661777
9957,355608
9958,318723
9959,37270
9960,407702
9961,20118
9962,382966
9963,767074
9964,561085
9965,71251
9966,26861
9967,267542
9968,885344
9969,365020
9970,313110
9971,69784
9972,39719
9973,53423
9974,921199
9975,126773
9976,419035
9977,296602
9978,898459
9979,317891
9980,365939
9981,269564
9982,16351
9983,31298
9984,97417
9985,52093
9986,21823
9987,20321
9988,431134
9989,74579
9990,102320
9991,14009
9992,74241
9993,685108
9994,101626
9995,276020
9996,375200
9997,73381
9998,26105
9999,88314
10000,99577
