taskId,lengthMI
1,117000
2,122500
3,68000
4,115000
5,125500
6,86500
7,55000
8,104000
9,64500
10,75000
11,97000
12,64000
13,64000
14,71000
15,106000
16,780000
17,112000
18,99500
19,75000
20,116500
21,99500
22,772500
23,52500
24,99500
25,93500
26,65000
27,77000
28,46500
29,66000
30,74500
31,90000
32,105000
33,104000
34,377500
35,87000
36,73500
37,59500
38,89000
39,116000
40,109500
41,32500
42,97000
43,81000
44,103000
45,99500
46,130500
47,133000
48,113000
49,97000
50,54000
51,130000
52,93500
53,118000
54,78500
55,112000
56,105000
57,81000
58,116000
59,90000
60,46000
61,115000
62,56500
63,74000
64,134500
65,182000
66,129500
67,84000
68,68500
69,877500
70,83000
71,110500
72,688000
73,63500
74,100000
75,24500
76,109000
77,43500
78,51500
79,101500
80,99000
81,74000
82,60500
83,129500
84,31500
85,660000
86,83500
87,76500
88,88000
89,65500
90,81000
91,79000
92,58000
93,81500
94,87000
95,86000
96,111500
97,64500
98,107500
99,85500
100,77500
101,109000
102,53000
103,96000
104,104000
105,83000
106,79500
107,83500
108,120000
109,54500
110,53000
111,48500
112,75000
113,100500
114,66500
115,107000
116,69500
117,66500
118,330000
119,69000
120,87000
121,776000
122,26500
123,106500
124,116000
125,33000
126,31500
127,67000
128,73000
129,69000
130,38000
131,68000
132,45500
133,53500
134,92000
135,31000
136,93000
137,40500
138,39500
139,46500
140,69500
141,111500
142,89000
143,115500
144,61000
145,357500
146,65500
147,84500
148,28500
149,115500
150,75000
151,95500
152,297500
153,73500
154,92500
155,30000
156,132500
157,663500
158,68000
159,66500
160,130000
161,92500
162,108500
163,83500
164,83500
165,867500
166,55500
167,91500
168,59500
169,91500
170,86500
171,108500
172,105000
173,102500
174,123500
175,108000
176,59000
177,83000
178,75500
179,126500
180,105500
181,61000
182,98000
183,95000
184,72000
185,117500
186,754000
187,71000
188,101500
189,90500
190,75000
191,35500
192,117500
193,98000
194,99500
195,84500
196,97500
197,98500
198,78500
199,101000
200,102500
201,62500
202,72500
203,74000
204,86500
205,102000
206,126000
207,85000
208,68500
209,62500
210,80500
211,113000
212,70000
213,98500
214,881500
215,71500
216,70500
217,90500
218,96000
219,107000
220,94000
221,62500
222,64500
223,25000
224,47000
225,61000
226,120000
227,71500
228,119500
229,65000
230,102000
231,92500
232,89500
233,64500
234,88000
235,124000
236,88500
237,57500
238,55000
239,85000
240,69500
241,74500
242,75000
243,124000
244,96000
245,70000
246,63500
247,79000
248,79500
249,77500
250,100000
251,65500
252,91500
253,121000
254,116500
255,50000
256,350000
257,78500
258,84000
259,87000
260,133000
261,637000
262,81500
263,104000
264,59500
265,115000
266,33500
267,118000
268,55500
269,123500
270,79000
271,78500
272,54000
273,58500
274,58000
275,62500
276,104500
277,71500
278,110500
279,198000
280,76000
281,91500
282,97500
283,89500
284,54000
285,115500
286,51500
287,796500
288,101500
289,98500
290,78000
291,86500
292,96000
293,94000
294,68000
295,119500
296,126000
297,91500
298,119500
299,132000
300,27500
301,112000
302,74500
303,66000
304,694500
305,75000
306,85500
307,59000
308,74000
309,51000
310,93500
311,96500
312,71500
313,83000
314,795500
315,132500
316,840000
317,57000
318,729000
319,124000
320,120500
321,102500
322,119500
323,39000
324,62000
325,130000
326,130000
327,76500
328,114000
329,110500
330,101000
331,94500
332,106000
333,50000
334,41500
335,128500
336,53500
337,57500
338,105000
339,78000
340,80000
341,87500
342,106500
343,92000
344,103000
345,94000
346,117500
347,80500
348,53500
349,65500
350,78500
351,125500
352,860000
353,25500
354,47500
355,86500
356,92000
357,89000
358,75000
359,120500
360,96000
361,779000
362,687500
363,58000
364,88500
365,110500
366,115000
367,81500
368,61000
369,80000
370,97000
371,71000
372,73500
373,111500
374,80500
375,109500
376,101000
377,103000
378,56500
379,98000
380,57000
381,108500
382,57500
383,640000
384,103000
385,28500
386,89500
387,39000
388,91000
389,80500
390,38500
391,77500
392,665500
393,89500
394,113000
395,53500
396,119500
397,90500
398,63500
399,95000
400,68500
401,82500
402,114500
403,119500
404,110500
405,50000
406,72500
407,94500
408,86000
409,87000
410,68000
411,527000
412,42000
413,58000
414,81500
415,106000
416,55500
417,115500
418,92000
419,56500
420,91000
421,98500
422,90000
423,72500
424,90000
425,77500
426,105000
427,63000
428,84000
429,69000
430,102500
431,126000
432,54000
433,70500
434,56000
435,84500
436,107500
437,133500
438,74000
439,107000
440,89500
441,93500
442,62000
443,53500
444,91500
445,102500
446,72500
447,563000
448,106500
449,67000
450,110500
451,103500
452,84500
453,80500
454,110000
455,111000
456,92500
457,68500
458,128000
459,115500
460,44500
461,72000
462,103000
463,103500
464,50500
465,80500
466,82000
467,77500
468,91500
469,69500
470,110000
471,79000
472,99000
473,27500
474,101000
475,236500
476,106500
477,109500
478,37000
479,80000
480,115500
481,90500
482,84500
483,81000
484,79500
485,84000
486,89000
487,99000
488,67000
489,66500
490,670000
491,92500
492,120000
493,98500
494,25500
495,84000
496,90000
497,58500
498,77500
499,102500
500,129000
501,767000
502,61000
503,131000
504,107000
505,125000
506,107000
507,83500
508,66000
509,106500
510,66000
511,105500
512,172500
513,677500
514,76500
515,116500
516,114500
517,117000
518,61500
519,59000
520,40500
521,66000
522,62000
523,109000
524,124000
525,71000
526,83000
527,51000
528,80000
529,107000
530,113500
531,67000
532,120500
533,884500
534,104500
535,98000
536,116000
537,72500
538,60000
539,107500
540,133500
541,794000
542,95500
543,390000
544,73500
545,41000
546,87000
547,87000
548,111500
549,26500
550,51000
551,74500
552,118500
553,123500
554,78000
555,92500
556,532000
557,100000
558,87000
559,65000
560,117500
561,129500
562,39500
563,86500
564,66000
565,69000
566,66500
567,38000
568,125000
569,93000
570,41500
571,89500
572,98500
573,73000
574,94000
575,96500
576,74000
577,117500
578,67000
579,79000
580,62500
581,18500
582,630500
583,66000
584,80500
585,128500
586,64500
587,65500
588,125000
589,70500
590,103500
591,67500
592,55500
593,50500
594,96000
595,85000
596,675500
597,53500
598,73500
599,88000
600,53500
601,54500
602,71000
603,58500
604,54500
605,83000
606,112500
607,54000
608,99500
609,61000
610,40500
611,91000
612,117500
613,58500
614,53000
615,100500
616,107500
617,53000
618,129000
619,82500
620,106000
621,118000
622,125000
623,100500
624,83500
625,62500
626,90000
627,61000
628,54500
629,29500
630,100000
631,77000
632,50000
633,107000
634,95000
635,86000
636,54500
637,94500
638,40000
639,72500
640,109500
641,97000
642,63500
643,68500
644,70500
645,58000
646,72500
647,512000
648,65500
649,59000
650,91500
651,36500
652,49500
653,56500
654,65000
655,30000
656,115000
657,44500
658,81000
659,748000
660,68000
661,80000
662,113500
663,82000
664,43000
665,89000
666,96500
667,93000
668,108000
669,55500
670,142000
671,82000
672,121500
673,85500
674,611000
675,108500
676,96000
677,65000
678,96000
679,122000
680,117500
681,85500
682,115000
683,48000
684,16500
685,72500
686,731500
687,517500
688,99000
689,87500
690,81000
691,534500
692,62500
693,663000
694,75500
695,120500
696,113500
697,76500
698,210000
699,69000
700,113500
701,64000
702,100500
703,98000
704,61000
705,81000
706,90500
707,63000
708,42500
709,81500
710,78000
711,108500
712,88000
713,99500
714,15000
715,49000
716,96500
717,106000
718,41000
719,78500
720,126500
721,49500
722,35500
723,80500
724,133500
725,95000
726,104000
727,119500
728,74500
729,88500
730,60500
731,852000
732,94500
733,197000
734,91000
735,95000
736,76500
737,108500
738,67000
739,104000
740,131500
741,74500
742,98000
743,518000
744,56500
745,75000
746,109500
747,58000
748,67000
749,31500
750,60500
751,113000
752,117000
753,107500
754,54000
755,80500
756,112500
757,106500
758,95500
759,118500
760,748000
761,58000
762,99000
763,103000
764,58500
765,71500
766,232500
767,129500
768,103500
769,52000
770,84000
771,83500
772,82000
773,116000
774,115000
775,131000
776,56000
777,116000
778,60000
779,117500
780,111000
781,115000
782,86500
783,102000
784,116000
785,699500
786,39000
787,58000
788,95500
789,107000
790,330500
791,109500
792,56500
793,126500
794,88500
795,105500
796,103000
797,71000
798,58000
799,92000
800,55500
801,68500
802,64000
803,119000
804,86000
805,61500
806,113500
807,58000
808,37500
809,62500
810,58000
811,298500
812,57500
813,68500
814,41000
815,85000
816,61500
817,783000
818,96500
819,96000
820,87500
821,68000
822,78500
823,66500
824,80000
825,112000
826,118500
827,127000
828,91000
829,119000
830,38000
831,132000
832,116000
833,61500
834,90500
835,96500
836,74500
837,69500
838,842000
839,69000
840,85000
841,74500
842,56500
843,99000
844,563000
845,104000
846,94500
847,102500
848,107000
849,83500
850,67000
851,96000
852,118500
853,64000
854,103500
855,64500
856,40000
857,833000
858,71000
859,131500
860,89000
861,51000
862,98000
863,104000
864,309000
865,100000
866,51500
867,114000
868,66000
869,37000
870,60000
871,703000
872,77000
873,49500
874,82000
875,53500
876,730000
877,53000
878,100000
879,33500
880,109500
881,84000
882,34500
883,109500
884,128000
885,75500
886,135000
887,96500
888,94000
889,117000
890,58500
891,742000
892,105000
893,70500
894,90500
895,91500
896,48500
897,87000
898,64500
899,750500
900,90000
901,723000
902,88500
903,50500
904,59000
905,83000
906,98000
907,101500
908,53500
909,118000
910,90500
911,80000
912,124000
913,95500
914,43500
915,71500
916,68500
917,298000
918,59500
919,65000
920,66000
921,67500
922,92500
923,112500
924,117000
925,93500
926,89500
927,98500
928,52000
929,69500
930,125500
931,109500
932,83000
933,71000
934,720000
935,100500
936,875000
937,221000
938,37000
939,58000
940,100500
941,93500
942,68000
943,83500
944,61500
945,100500
946,98000
947,86000
948,135000
949,108000
950,45000
951,110000
952,89500
953,126000
954,100500
955,66500
956,71500
957,76000
958,47500
959,86500
960,64500
961,641500
962,90500
963,582500
964,54000
965,49500
966,125500
967,86000
968,50500
969,217500
970,70500
971,94500
972,90000
973,101000
974,73000
975,28500
976,105500
977,102000
978,85000
979,116500
980,90500
981,97000
982,54500
983,117500
984,552000
985,119000
986,70500
987,41500
988,103500
989,57500
990,54500
991,91000
992,79000
993,104000
994,88500
995,74000
996,77000
997,63000
998,96000
999,121500
1000,83000
1001,82000
1002,93000
1003,36000
1004,32000
1005,77500
1006,117500
1007,129500
1008,121500
1009,168500
1010,91500
1011,76000
1012,90000
1013,72000
1014,757000
1015,88500
1016,101500
1017,80500
1018,38000
1019,133000
1020,64000
1021,57500
1022,124000
1023,44500
1024,59500
1025,104500
1026,121500
1027,50500
1028,63500
1029,107000
1030,43500
1031,105000
1032,102000
1033,49000
1034,49500
1035,117000
1036,110000
1037,62500
1038,558000
1039,844000
1040,87000
1041,102500
1042,58500
1043,37000
1044,89000
1045,88000
1046,103000
1047,64500
1048,63500
1049,65500
1050,86500
1051,127500
1052,92000
1053,68000
1054,130000
1055,81000
1056,115000
1057,69000
1058,60500
1059,60500
1060,94000
1061,120500
1062,51500
1063,74500
1064,79000
1065,70000
1066,103500
1067,75000
1068,71000
1069,65000
1070,80000
1071,109500
1072,72000
1073,125500
1074,84500
1075,226500
1076,55000
1077,871500
1078,79000
1079,103500
1080,83500
1081,54000
1082,99500
1083,60500
1084,73000
1085,109000
1086,110000
1087,100000
1088,601500
1089,65500
1090,132500
1091,76000
1092,848500
1093,65500
1094,59500
1095,728000
1096,81000
1097,115000
1098,53000
1099,95500
1100,56000
1101,84500
1102,116000
1103,347500
1104,115500
1105,63500
1106,93500
1107,101000
1108,69500
1109,530500
1110,72500
1111,86000
1112,96500
1113,91500
1114,71500
1115,81000
1116,121500
1117,102500
1118,17500
1119,82500
1120,118000
1121,88500
1122,68500
1123,92500
1124,584500
1125,128000
1126,100000
1127,66000
1128,59000
1129,781000
1130,48000
1131,98500
1132,123500
1133,103500
1134,661000
1135,131000
1136,77500
1137,49000
1138,121500
1139,84500
1140,82000
1141,61000
1142,823500
1143,75500
1144,111000
1145,893000
1146,66500
1147,98000
1148,67500
1149,34500
1150,107500
1151,561000
1152,69500
1153,86500
1154,134000
1155,134500
1156,63000
1157,89000
1158,735500
1159,119500
1160,80500
1161,46000
1162,124000
1163,108500
1164,75000
1165,56500
1166,67500
1167,75500
1168,77000
1169,59500
1170,67000
1171,514000
1172,110500
1173,80500
1174,89500
1175,90500
1176,126000
1177,126500
1178,91500
1179,43000
1180,127500
1181,889000
1182,108000
1183,80000
1184,124500
1185,214500
1186,96000
1187,891500
1188,77500
1189,686000
1190,130500
1191,84500
1192,52000
1193,104500
1194,72500
1195,87000
1196,277500
1197,88000
1198,105000
1199,57500
1200,862000
1201,71000
1202,95000
1203,60500
1204,92000
1205,52500
1206,89000
1207,48000
1208,36500
1209,78500
1210,129500
1211,112000
1212,126500
1213,567500
1214,101500
1215,87000
1216,106500
1217,54500
1218,85500
1219,62500
1220,126000
1221,99500
1222,551000
1223,71500
1224,88000
1225,115000
1226,85500
1227,93000
1228,741000
1229,104000
1230,86500
1231,100000
1232,68500
1233,70500
1234,94500
1235,56500
1236,35500
1237,108000
1238,108500
1239,81500
1240,125500
1241,80000
1242,79500
1243,82000
1244,72500
1245,47000
1246,95000
1247,45500
1248,55500
1249,104500
1250,80000
1251,85500
1252,97500
1253,108500
1254,770000
1255,94500
1256,109000
1257,813000
1258,531500
1259,112000
1260,72500
1261,116000
1262,91500
1263,56000
1264,70000
1265,109500
1266,72000
1267,122000
1268,44000
1269,77500
1270,580000
1271,77000
1272,70000
1273,42500
1274,65500
1275,77000
1276,129500
1277,90000
1278,61500
1279,95000
1280,68500
1281,74500
1282,67000
1283,85500
1284,94500
1285,30500
1286,86000
1287,45000
1288,17000
1289,99500
1290,84000
1291,104500
1292,28500
1293,129500
1294,58000
1295,99000
1296,76000
1297,109000
1298,96000
1299,92000
1300,781000
1301,93500
1302,508000
1303,66500
1304,60000
1305,75000
1306,106500
1307,79000
1308,91500
1309,57500
1310,91000
1311,373500
1312,107500
1313,89000
1314,794000
1315,59500
1316,107000
1317,63000
1318,117500
1319,81000
1320,106500
1321,148000
1322,83500
1323,40000
1324,77000
1325,129000
1326,95500
1327,845500
1328,73500
1329,55000
1330,75000
1331,112000
1332,125500
1333,46500
1334,67000
1335,103500
1336,67500
1337,690000
1338,112500
1339,67500
1340,109000
1341,71000
1342,134000
1343,798500
1344,85000
1345,71000
1346,815500
1347,108500
1348,73500
1349,104000
1350,359000
1351,88000
1352,36500
1353,119500
1354,121500
1355,60000
1356,66000
1357,114000
1358,782500
1359,134000
1360,43500
1361,55000
1362,106500
1363,50000
1364,93000
1365,83000
1366,121500
1367,117000
1368,96000
1369,53500
1370,109000
1371,100000
1372,123000
1373,52500
1374,113000
1375,87500
1376,45500
1377,98000
1378,42000
1379,90500
1380,107500
1381,102500
1382,130500
1383,76000
1384,99500
1385,110000
1386,83500
1387,79000
1388,566000
1389,104000
1390,196000
1391,767500
1392,95000
1393,84000
1394,80000
1395,89000
1396,94000
1397,106000
1398,34000
1399,69500
1400,75500
1401,885500
1402,121500
1403,116000
1404,70000
1405,66000
1406,79000
1407,94000
1408,60000
1409,57000
1410,76500
1411,101000
1412,126000
1413,115500
1414,58000
1415,44500
1416,129000
1417,40000
1418,77000
1419,67500
1420,113500
1421,94000
1422,92000
1423,98000
1424,55000
1425,87000
1426,78500
1427,124000
1428,62000
1429,69000
1430,880000
1431,91000
1432,118500
1433,88000
1434,567500
1435,82000
1436,81500
1437,43000
1438,43500
1439,821000
1440,60500
1441,77000
1442,91000
1443,62000
1444,77500
1445,63500
1446,100000
1447,64000
1448,86500
1449,87500
1450,44000
1451,84000
1452,44000
1453,69000
1454,84500
1455,40500
1456,92000
1457,124000
1458,90500
1459,77500
1460,103500
1461,99500
1462,122000
1463,58500
1464,127000
1465,93500
1466,128000
1467,100500
1468,86500
1469,131500
1470,67000
1471,633500
1472,84000
1473,60500
1474,702500
1475,120500
1476,119500
1477,55500
1478,97000
1479,61500
1480,110500
1481,74500
1482,43000
1483,121000
1484,114000
1485,95000
1486,111500
1487,93000
1488,90000
1489,299000
1490,26000
1491,106500
1492,103000
1493,68500
1494,105500
1495,93500
1496,54500
1497,113500
1498,63500
1499,129500
1500,121500
1501,101500
1502,67000
1503,94000
1504,101000
1505,63000
1506,85000
1507,72500
1508,63000
1509,134500
1510,91500
1511,82000
1512,67500
1513,130500
1514,57500
1515,130000
1516,881000
1517,28500
1518,71500
1519,93500
1520,69500
1521,111000
1522,80000
1523,102000
1524,69500
1525,116500
1526,118500
1527,111500
1528,62500
1529,71500
1530,69000
1531,55500
1532,89500
1533,41000
1534,128000
1535,47000
1536,77000
1537,95500
1538,71500
1539,95000
1540,121500
1541,272000
1542,93000
1543,96000
1544,123000
1545,100000
1546,70500
1547,59500
1548,98000
1549,99500
1550,107000
1551,133500
1552,98000
1553,57500
1554,49500
1555,88500
1556,41500
1557,119000
1558,132000
1559,25500
1560,73500
1561,58000
1562,66500
1563,130500
1564,141500
1565,87500
1566,96000
1567,127500
1568,73000
1569,796000
1570,77000
1571,32500
1572,47000
1573,89500
1574,82000
1575,15000
1576,99000
1577,109000
1578,569500
1579,104000
1580,71500
1581,37000
1582,67500
1583,75500
1584,76500
1585,56000
1586,77500
1587,53500
1588,45000
1589,113000
1590,70500
1591,51000
1592,101500
1593,85500
1594,60500
1595,78500
1596,115500
1597,54500
1598,97000
1599,125500
1600,101500
1601,119500
1602,560000
1603,44000
1604,81000
1605,99000
1606,131000
1607,82500
1608,102000
1609,112000
1610,129000
1611,87500
1612,651000
1613,579000
1614,124500
1615,62000
1616,48500
1617,56000
1618,90500
1619,79000
1620,55000
1621,81500
1622,93500
1623,115500
1624,98500
1625,46500
1626,74500
1627,121500
1628,125000
1629,59000
1630,88500
1631,67500
1632,67500
1633,507500
1634,75500
1635,862000
1636,96500
1637,90500
1638,71500
1639,55000
1640,65000
1641,98000
1642,500500
1643,114000
1644,94000
1645,43500
1646,96500
1647,51000
1648,75000
1649,127000
1650,88500
1651,120500
1652,629000
1653,86500
1654,99000
1655,81000
1656,77500
1657,84000
1658,105000
1659,85500
1660,25500
1661,89500
1662,132500
1663,80000
1664,46000
1665,79000
1666,44000
1667,123500
1668,93500
1669,95500
1670,78000
1671,104500
1672,86500
1673,126500
1674,108000
1675,44500
1676,55000
1677,81000
1678,103500
1679,78500
1680,53500
1681,61000
1682,79000
1683,130000
1684,58000
1685,68000
1686,97000
1687,91500
1688,98500
1689,99500
1690,106000
1691,120000
1692,801500
1693,78000
1694,131500
1695,87000
1696,75500
1697,74500
1698,111500
1699,121000
1700,65500
1701,111500
1702,727000
1703,101500
1704,64000
1705,89000
1706,110500
1707,98500
1708,78500
1709,74500
1710,799500
1711,702000
1712,71500
1713,120000
1714,67000
1715,82000
1716,69000
1717,96500
1718,109000
1719,124500
1720,134500
1721,82500
1722,67000
1723,687500
1724,121000
1725,554000
1726,103500
1727,94000
1728,86000
1729,101500
1730,61500
1731,73500
1732,87000
1733,101000
1734,105500
1735,77500
1736,92500
1737,95500
1738,115500
1739,107500
1740,67000
1741,110500
1742,44500
1743,108000
1744,78000
1745,47000
1746,100000
1747,898500
1748,122500
1749,699000
1750,53500
1751,92000
1752,123500
1753,74000
1754,101000
1755,93000
1756,44500
1757,115500
1758,75000
1759,116000
1760,48500
1761,47000
1762,70000
1763,100500
1764,214500
1765,900000
1766,105000
1767,71500
1768,42000
1769,32000
1770,58000
1771,96000
1772,39500
1773,26000
1774,758000
1775,113500
1776,122500
1777,94000
1778,55500
1779,751500
1780,123000
1781,60000
1782,81000
1783,64500
1784,68000
1785,107000
1786,102000
1787,54500
1788,97000
1789,84000
1790,130500
1791,64000
1792,132500
1793,59500
1794,61000
1795,672000
1796,93500
1797,153000
1798,92500
1799,37000
1800,716000
1801,44000
1802,59000
1803,108500
1804,730500
1805,120000
1806,857000
1807,112500
1808,100000
1809,107000
1810,69500
1811,93500
1812,79000
1813,73500
1814,771500
1815,88500
1816,122500
1817,56500
1818,79000
1819,69000
1820,75000
1821,82500
1822,98500
1823,90500
1824,72000
1825,66000
1826,120000
1827,72000
1828,57500
1829,225500
1830,127000
1831,770000
1832,47000
1833,59500
1834,105000
1835,78500
1836,50500
1837,91000
1838,130000
1839,105500
1840,95500
1841,105000
1842,72500
1843,116000
1844,306500
1845,87000
1846,44000
1847,63000
1848,89500
1849,91000
1850,85000
1851,57000
1852,96000
1853,60000
1854,32500
1855,70500
1856,127500
1857,120000
1858,86500
1859,118000
1860,105000
1861,68000
1862,112000
1863,84000
1864,81500
1865,108000
1866,63000
1867,100500
1868,129500
1869,125000
1870,87500
1871,123000
1872,48500
1873,107500
1874,72000
1875,126500
1876,89500
1877,96500
1878,100000
1879,58500
1880,65500
1881,88000
1882,134000
1883,88500
1884,109500
1885,87500
1886,92500
1887,111000
1888,82500
1889,120000
1890,130000
1891,65000
1892,118000
1893,115000
1894,124000
1895,85500
1896,128500
1897,101500
1898,80000
1899,122000
1900,86000
1901,47000
1902,93000
1903,862000
1904,51000
1905,70500
1906,94500
1907,27000
1908,70000
1909,77500
1910,60000
1911,60000
1912,40000
1913,64000
1914,63000
1915,654000
1916,103000
1917,85500
1918,766500
1919,123000
1920,112000
1921,101000
1922,110500
1923,884000
1924,73000
1925,119500
1926,85500
1927,86000
1928,86000
1929,59000
1930,116500
1931,59500
1932,104500
1933,99000
1934,83500
1935,105500
1936,111500
1937,52000
1938,28500
1939,74500
1940,109000
1941,99000
1942,101500
1943,100000
1944,133500
1945,60500
1946,84500
1947,45500
1948,45000
1949,69000
1950,89000
1951,98500
1952,84500
1953,111500
1954,90000
1955,53000
1956,78000
1957,84000
1958,685500
1959,102000
1960,59500
1961,128000
1962,96000
1963,130500
1964,72000
1965,72500
1966,27000
1967,78000
1968,81500
1969,69000
1970,55500
1971,118000
1972,75000
1973,69000
1974,95500
1975,81000
1976,53000
1977,351500
1978,45000
1979,90000
1980,112500
1981,89000
1982,107000
1983,107000
1984,60000
1985,113500
1986,95000
1987,107000
1988,67000
1989,90000
1990,25000
1991,70500
1992,99500
1993,101500
1994,112500
1995,75500
1996,61000
1997,69000
1998,54500
1999,135000
2000,56000
2001,50000
2002,75500
2003,106000
2004,98000
2005,70000
2006,150000
2007,89500
2008,126500
2009,633000
2010,586000
2011,75000
2012,29000
2013,606500
2014,17500
2015,50500
2016,79000
2017,110500
2018,118000
2019,124500
2020,121500
2021,83500
2022,94000
2023,16000
2024,87000
2025,80500
2026,109500
2027,84500
2028,97000
2029,68500
2030,99000
2031,60500
2032,96500
2033,62500
2034,70000
2035,117500
2036,60500
2037,104000
2038,112500
2039,60500
2040,56500
2041,60000
2042,110500
2043,588500
2044,82500
2045,154000
2046,96000
2047,74500
2048,120500
2049,86000
2050,575000
2051,80000
2052,48500
2053,62500
2054,95000
2055,63000
2056,127000
2057,108000
2058,112500
2059,114000
2060,874500
2061,32500
2062,36500
2063,79000
2064,525500
2065,95500
2066,87500
2067,112500
2068,50500
2069,119500
2070,22500
2071,91000
2072,104000
2073,105000
2074,107500
2075,91000
2076,88500
2077,47500
2078,89500
2079,80000
2080,593500
2081,96000
2082,67000
2083,44500
2084,126500
2085,30500
2086,77000
2087,129500
2088,131000
2089,34000
2090,110500
2091,69000
2092,99000
2093,107500
2094,838000
2095,114000
2096,29500
2097,60500
2098,107000
2099,106000
2100,112000
2101,124500
2102,122000
2103,111000
2104,45500
2105,99500
2106,73500
2107,80000
2108,67500
2109,87000
2110,35500
2111,115500
2112,55500
2113,118500
2114,70000
2115,107000
2116,128500
2117,101500
2118,88000
2119,93000
2120,80000
2121,80500
2122,796500
2123,52500
2124,63500
2125,73000
2126,86000
2127,106500
2128,84000
2129,119000
2130,55500
2131,99000
2132,94000
2133,56000
2134,84000
2135,76500
2136,66500
2137,62000
2138,114500
2139,63000
2140,115000
2141,118500
2142,105500
2143,106000
2144,41000
2145,92000
2146,109000
2147,112500
2148,127000
2149,109500
2150,85000
2151,71500
2152,66000
2153,89500
2154,511000
2155,81000
2156,129500
2157,72000
2158,59000
2159,68000
2160,91500
2161,50000
2162,133000
2163,523000
2164,80000
2165,94000
2166,67000
2167,107500
2168,111000
2169,64500
2170,90000
2171,46500
2172,130000
2173,58500
2174,61500
2175,58000
2176,55500
2177,614000
2178,778500
2179,92000
2180,69000
2181,107000
2182,103000
2183,122500
2184,130000
2185,67000
2186,90000
2187,60000
2188,81000
2189,107500
2190,100000
2191,68000
2192,102500
2193,89500
2194,105000
2195,577000
2196,15500
2197,776500
2198,59500
2199,118000
2200,573500
2201,39500
2202,74500
2203,79500
2204,65000
2205,76500
2206,92500
2207,82500
2208,70500
2209,104500
2210,113500
2211,886500
2212,113000
2213,30000
2214,129000
2215,100500
2216,82000
2217,118500
2218,113000
2219,115000
2220,64500
2221,860000
2222,36500
2223,777500
2224,134000
2225,105500
2226,74500
2227,75000
2228,82000
2229,112000
2230,51500
2231,62500
2232,49000
2233,710500
2234,103000
2235,95000
2236,92500
2237,127000
2238,76500
2239,176500
2240,124500
2241,89500
2242,68500
2243,66000
2244,844000
2245,603500
2246,72000
2247,116500
2248,120000
2249,91000
2250,64500
2251,61000
2252,83000
2253,129500
2254,111000
2255,79000
2256,133000
2257,39500
2258,26500
2259,41500
2260,115000
2261,53500
2262,72500
2263,88000
2264,71000
2265,303500
2266,113500
2267,99500
2268,80500
2269,111500
2270,27500
2271,123500
2272,72500
2273,784000
2274,60000
2275,87500
2276,105500
2277,88500
2278,100000
2279,82000
2280,69000
2281,120000
2282,44500
2283,104500
2284,62500
2285,64000
2286,100000
2287,500500
2288,117500
2289,120500
2290,72000
2291,70500
2292,65500
2293,78500
2294,99000
2295,95500
2296,97000
2297,67000
2298,81000
2299,99000
2300,311000
2301,109500
2302,67500
2303,64000
2304,91000
2305,67500
2306,133000
2307,74500
2308,35000
2309,87000
2310,69000
2311,83000
2312,88500
2313,121000
2314,124500
2315,763500
2316,75500
2317,33000
2318,23500
2319,220500
2320,83500
2321,105500
2322,74000
2323,93500
2324,628500
2325,109500
2326,73500
2327,84000
2328,102000
2329,51000
2330,59000
2331,103500
2332,74000
2333,80500
2334,40000
2335,100000
2336,99000
2337,86500
2338,81000
2339,113000
2340,89500
2341,135000
2342,89000
2343,85000
2344,113000
2345,125500
2346,104500
2347,129500
2348,51000
2349,90500
2350,103000
2351,51500
2352,88000
2353,115500
2354,100500
2355,647000
2356,28000
2357,71500
2358,94500
2359,70500
2360,72000
2361,94500
2362,82500
2363,82000
2364,106500
2365,74000
2366,47000
2367,58500
2368,96000
2369,48000
2370,72500
2371,103500
2372,67500
2373,70500
2374,46500
2375,113500
2376,109500
2377,80000
2378,108500
2379,68500
2380,264000
2381,590000
2382,52500
2383,44500
2384,106000
2385,63500
2386,100000
2387,80500
2388,118500
2389,94500
2390,56500
2391,44500
2392,561000
2393,83000
2394,116500
2395,88500
2396,129000
2397,121500
2398,77500
2399,71000
2400,75500
2401,84000
2402,99000
2403,95500
2404,56000
2405,91000
2406,83000
2407,111000
2408,53500
2409,132500
2410,91500
2411,77000
2412,81000
2413,67500
2414,99500
2415,119500
2416,98000
2417,96000
2418,766500
2419,116500
2420,122500
2421,28000
2422,96000
2423,101000
2424,93500
2425,100000
2426,101500
2427,92500
2428,88500
2429,46000
2430,52500
2431,41500
2432,94000
2433,57000
2434,81000
2435,91500
2436,74500
2437,126000
2438,101500
2439,118500
2440,69500
2441,53500
2442,82500
2443,86000
2444,112000
2445,32000
2446,117500
2447,88500
2448,601000
2449,97000
2450,117000
2451,71000
2452,88500
2453,104000
2454,81500
2455,53000
2456,106500
2457,83000
2458,79500
2459,104000
2460,587500
2461,71000
2462,132000
2463,117000
2464,133000
2465,72000
2466,91000
2467,82000
2468,73500
2469,62500
2470,82500
2471,87000
2472,63500
2473,21500
2474,61500
2475,76500
2476,118500
2477,63500
2478,33500
2479,97500
2480,109000
2481,101000
2482,88000
2483,88000
2484,116500
2485,73500
2486,94000
2487,31000
2488,99500
2489,38500
2490,685500
2491,37500
2492,68500
2493,82000
2494,67500
2495,38500
2496,297000
2497,83500
2498,93500
2499,89000
2500,54000
2501,68500
2502,230500
2503,107000
2504,112500
2505,43000
2506,93500
2507,59000
2508,839500
2509,114000
2510,84000
2511,79500
2512,99000
2513,96000
2514,108000
2515,99000
2516,265500
2517,99000
2518,99500
2519,504000
2520,94500
2521,58000
2522,95500
2523,643500
2524,92000
2525,99500
2526,91000
2527,121000
2528,56500
2529,128000
2530,516500
2531,131500
2532,78000
2533,107000
2534,42500
2535,126000
2536,125000
2537,93000
2538,120500
2539,129500
2540,120000
2541,95500
2542,70000
2543,103500
2544,81000
2545,129000
2546,64500
2547,62000
2548,107500
2549,72500
2550,114500
2551,106000
2552,121500
2553,521000
2554,112000
2555,89500
2556,80500
2557,85000
2558,113500
2559,88000
2560,69500
2561,115500
2562,51000
2563,76500
2564,132500
2565,52500
2566,78000
2567,83500
2568,41500
2569,726500
2570,57500
2571,108500
2572,93500
2573,122500
2574,642000
2575,79000
2576,18500
2577,87000
2578,51500
2579,110000
2580,61000
2581,36000
2582,75000
2583,112500
2584,578500
2585,98500
2586,115500
2587,132500
2588,63500
2589,96500
2590,120500
2591,72500
2592,102000
2593,114000
2594,53500
2595,702500
2596,127000
2597,129500
2598,45500
2599,77000
2600,66000
2601,47000
2602,68000
2603,38500
2604,663000
2605,114000
2606,102000
2607,41000
2608,45000
2609,113000
2610,74500
2611,130500
2612,73000
2613,78500
2614,621500
2615,92500
2616,511000
2617,58000
2618,77000
2619,100000
2620,79500
2621,96000
2622,57000
2623,840000
2624,81500
2625,59500
2626,60500
2627,62500
2628,54500
2629,115000
2630,107000
2631,40500
2632,126000
2633,101000
2634,77500
2635,52000
2636,90500
2637,99500
2638,44500
2639,38000
2640,125000
2641,60000
2642,97500
2643,67500
2644,68000
2645,120500
2646,63500
2647,108500
2648,88000
2649,85500
2650,86000
2651,99500
2652,53000
2653,98000
2654,77000
2655,75500
2656,118500
2657,109000
2658,110500
2659,97000
2660,129500
2661,102000
2662,75500
2663,102500
2664,96000
2665,95000
2666,126000
2667,95500
2668,52500
2669,45000
2670,61000
2671,374000
2672,52000
2673,71500
2674,75000
2675,109000
2676,127500
2677,90000
2678,81000
2679,35500
2680,74500
2681,110000
2682,58500
2683,122000
2684,112500
2685,88000
2686,86500
2687,130000
2688,851000
2689,77000
2690,76500
2691,77500
2692,45500
2693,74500
2694,53500
2695,121500
2696,87000
2697,39000
2698,125000
2699,73000
2700,73000
2701,74000
2702,50500
2703,77000
2704,104500
2705,46500
2706,80500
2707,66500
2708,103000
2709,86500
2710,99500
2711,107000
2712,54000
2713,710500
2714,70500
2715,79000
2716,75500
2717,64000
2718,72000
2719,79500
2720,85500
2721,86500
2722,112000
2723,69500
2724,120000
2725,96000
2726,537000
2727,104000
2728,38000
2729,72500
2730,84500
2731,74000
2732,97500
2733,102500
2734,109000
2735,530000
2736,97500
2737,53000
2738,104500
2739,57500
2740,117500
2741,610500
2742,56000
2743,112500
2744,129000
2745,89500
2746,100500
2747,75000
2748,76500
2749,67000
2750,113000
2751,79500
2752,77500
2753,68500
2754,42000
2755,58500
2756,78500
2757,49000
2758,129000
2759,65500
2760,85000
2761,95000
2762,50000
2763,100500
2764,563000
2765,75000
2766,89500
2767,79000
2768,87500
2769,111000
2770,92000
2771,81500
2772,89000
2773,94500
2774,84500
2775,98000
2776,49500
2777,122500
2778,59500
2779,121500
2780,107000
2781,84500
2782,51000
2783,47000
2784,91000
2785,745500
2786,123000
2787,61000
2788,67500
2789,75000
2790,133500
2791,61500
2792,63000
2793,106500
2794,86000
2795,51000
2796,118000
2797,25500
2798,76500
2799,84500
2800,68500
2801,84000
2802,99500
2803,54500
2804,99000
2805,72000
2806,77500
2807,63500
2808,83500
2809,79000
2810,84500
2811,57000
2812,83000
2813,86000
2814,134500
2815,101000
2816,76500
2817,109500
2818,108500
2819,80000
2820,75000
2821,89500
2822,100500
2823,58500
2824,84500
2825,39500
2826,89500
2827,106000
2828,698000
2829,47500
2830,58000
2831,85000
2832,105500
2833,89000
2834,54500
2835,63500
2836,81500
2837,90000
2838,67000
2839,63000
2840,92000
2841,100500
2842,86000
2843,70000
2844,26500
2845,90000
2846,88000
2847,72000
2848,50500
2849,78500
2850,36000
2851,56500
2852,236500
2853,92500
2854,46000
2855,66500
2856,89500
2857,579000
2858,73000
2859,73500
2860,82000
2861,59000
2862,111500
2863,59500
2864,60000
2865,76000
2866,77000
2867,112500
2868,96000
2869,78000
2870,72000
2871,56000
2872,113000
2873,63000
2874,114500
2875,43500
2876,101000
2877,72500
2878,48000
2879,785000
2880,92000
2881,109500
2882,87500
2883,37000
2884,74000
2885,61000
2886,101500
2887,62500
2888,851500
2889,128500
2890,87500
2891,78000
2892,88000
2893,72000
2894,90000
2895,122500
2896,120500
2897,110500
2898,87000
2899,133000
2900,517500
2901,94500
2902,120500
2903,91500
2904,70500
2905,50500
2906,105500
2907,53500
2908,88000
2909,119000
2910,100500
2911,70500
2912,89000
2913,80500
2914,119500
2915,105500
2916,133500
2917,84000
2918,123500
2919,95500
2920,108500
2921,59000
2922,71000
2923,77500
2924,89000
2925,89000
2926,77000
2927,107000
2928,74000
2929,106500
2930,59500
2931,87000
2932,82000
2933,105000
2934,45500
2935,93000
2936,49000
2937,108000
2938,659000
2939,65000
2940,97500
2941,126000
2942,103000
2943,112000
2944,61000
2945,81500
2946,49500
2947,99500
2948,73500
2949,549500
2950,112000
2951,110000
2952,99500
2953,80000
2954,101500
2955,87500
2956,81500
2957,90500
2958,113000
2959,94500
2960,90000
2961,78000
2962,57000
2963,86000
2964,91000
2965,105000
2966,67000
2967,65000
2968,47000
2969,99500
2970,56500
2971,122500
2972,65000
2973,72000
2974,78000
2975,96500
2976,133000
2977,66500
2978,67500
2979,74000
2980,87000
2981,893500
2982,62500
2983,86500
2984,50000
2985,93500
2986,130500
2987,882000
2988,109000
2989,114000
2990,123000
2991,117500
2992,76500
2993,79000
2994,87000
2995,80500
2996,118500
2997,746000
2998,301500
2999,107000
3000,99500
3001,110500
3002,99500
3003,80000
3004,120000
3005,106500
3006,123000
3007,83000
3008,117500
3009,105500
3010,127500
3011,58000
3012,656000
3013,33000
3014,69500
3015,125500
3016,84000
3017,32000
3018,69000
3019,74500
3020,134500
3021,90000
3022,78000
3023,86000
3024,90500
3025,77500
3026,47000
3027,133500
3028,75500
3029,115000
3030,37000
3031,96500
3032,678500
3033,70500
3034,15500
3035,619000
3036,99000
3037,72000
3038,72000
3039,134500
3040,679000
3041,115000
3042,72000
3043,135000
3044,44500
3045,75500
3046,55000
3047,67000
3048,113500
3049,278000
3050,106000
3051,128000
3052,120500
3053,98500
3054,68500
3055,90000
3056,75000
3057,81500
3058,81000
3059,111500
3060,70500
3061,614500
3062,121000
3063,110500
3064,94000
3065,109000
3066,63000
3067,130000
3068,102000
3069,103500
3070,97000
3071,94500
3072,62000
3073,47500
3074,75500
3075,125500
3076,69500
3077,70000
3078,94000
3079,38000
3080,93500
3081,104000
3082,127500
3083,94500
3084,106500
3085,73000
3086,67500
3087,29500
3088,73000
3089,65500
3090,80000
3091,99500
3092,95000
3093,105000
3094,114000
3095,58500
3096,120500
3097,36500
3098,113000
3099,108500
3100,116500
3101,65500
3102,79000
3103,114500
3104,74000
3105,82000
3106,47500
3107,106500
3108,75500
3109,123500
3110,101000
3111,93500
3112,106500
3113,93000
3114,869500
3115,63000
3116,27000
3117,107500
3118,95000
3119,64500
3120,574000
3121,83000
3122,61000
3123,746500
3124,701500
3125,83500
3126,83500
3127,76000
3128,54500
3129,87000
3130,44500
3131,58000
3132,104500
3133,89500
3134,106000
3135,127000
3136,107000
3137,119500
3138,106000
3139,95000
3140,86500
3141,115000
3142,116500
3143,56500
3144,100000
3145,114000
3146,89000
3147,34000
3148,87500
3149,31500
3150,98500
3151,60500
3152,110500
3153,60000
3154,122500
3155,127500
3156,59000
3157,726500
3158,102000
3159,123500
3160,60000
3161,29000
3162,348000
3163,95500
3164,75000
3165,85000
3166,103500
3167,33500
3168,122000
3169,71500
3170,85000
3171,107500
3172,90500
3173,36500
3174,132000
3175,65500
3176,108000
3177,82500
3178,122000
3179,51000
3180,80000
3181,87500
3182,70500
3183,20500
3184,117500
3185,704500
3186,109000
3187,64000
3188,90500
3189,109500
3190,108000
3191,131500
3192,94000
3193,81000
3194,56500
3195,90000
3196,81500
3197,125000
3198,51500
3199,81500
3200,119500
3201,123000
3202,77000
3203,113500
3204,53500
3205,551500
3206,63000
3207,108000
3208,896000
3209,80000
3210,29000
3211,67500
3212,94500
3213,47500
3214,50000
3215,98500
3216,89500
3217,92500
3218,82500
3219,770500
3220,98000
3221,95500
3222,83000
3223,27500
3224,78000
3225,801500
3226,93500
3227,116000
3228,94000
3229,92500
3230,129000
3231,98000
3232,108500
3233,51500
3234,74500
3235,119500
3236,118000
3237,110500
3238,77500
3239,65000
3240,71000
3241,80000
3242,97000
3243,62000
3244,83500
3245,70500
3246,47500
3247,88000
3248,76000
3249,101000
3250,99000
3251,65000
3252,78000
3253,45000
3254,105000
3255,77500
3256,116000
3257,50000
3258,94500
3259,109500
3260,126000
3261,120500
3262,102500
3263,98500
3264,57500
3265,47000
3266,131000
3267,76000
3268,39500
3269,124000
3270,114000
3271,76500
3272,91500
3273,86000
3274,116500
3275,85000
3276,126000
3277,105000
3278,119000
3279,69500
3280,102500
3281,24500
3282,117000
3283,593000
3284,34500
3285,94500
3286,88500
3287,120500
3288,80000
3289,130000
3290,119500
3291,74000
3292,106500
3293,138500
3294,610500
3295,106000
3296,101000
3297,37500
3298,92000
3299,86000
3300,72500
3301,44500
3302,99500
3303,100500
3304,49000
3305,51000
3306,87000
3307,99500
3308,84000
3309,56500
3310,78500
3311,90000
3312,65500
3313,63500
3314,732500
3315,115500
3316,200500
3317,652500
3318,125500
3319,124000
3320,112500
3321,100500
3322,112000
3323,102000
3324,81000
3325,127000
3326,110500
3327,67000
3328,674000
3329,73500
3330,87500
3331,102500
3332,46000
3333,73500
3334,893500
3335,109500
3336,91000
3337,134000
3338,103500
3339,25000
3340,72500
3341,43500
3342,92500
3343,74500
3344,99000
3345,108000
3346,77500
3347,78500
3348,76500
3349,45500
3350,98500
3351,84000
3352,98500
3353,104500
3354,95500
3355,120500
3356,57000
3357,38500
3358,49500
3359,85500
3360,90000
3361,120000
3362,110500
3363,76000
3364,96500
3365,120000
3366,54000
3367,58500
3368,127000
3369,85500
3370,89500
3371,791500
3372,81000
3373,44000
3374,104500
3375,69500
3376,68500
3377,71000
3378,662000
3379,51500
3380,97000
3381,54500
3382,96500
3383,51500
3384,101500
3385,80500
3386,126500
3387,126000
3388,88000
3389,61000
3390,73500
3391,74000
3392,64000
3393,97500
3394,99000
3395,74500
3396,214500
3397,64000
3398,101500
3399,45500
3400,84000
3401,51000
3402,77500
3403,124500
3404,76500
3405,94000
3406,100000
3407,119500
3408,67500
3409,88500
3410,45500
3411,104000
3412,93000
3413,89000
3414,81500
3415,53000
3416,52000
3417,74000
3418,72500
3419,95500
3420,25000
3421,66000
3422,80000
3423,619000
3424,79500
3425,75000
3426,123500
3427,319000
3428,98500
3429,114500
3430,226000
3431,60500
3432,133000
3433,110000
3434,52000
3435,70500
3436,74500
3437,43500
3438,48500
3439,116500
3440,126000
3441,113500
3442,102000
3443,84500
3444,117500
3445,33500
3446,57500
3447,70500
3448,79500
3449,89500
3450,53000
3451,91000
3452,43500
3453,111000
3454,133000
3455,135000
3456,80000
3457,76500
3458,110000
3459,69000
3460,34500
3461,112000
3462,73500
3463,835000
3464,48000
3465,77000
3466,118500
3467,667500
3468,81500
3469,77000
3470,62000
3471,51500
3472,113000
3473,87500
3474,94500
3475,88000
3476,82500
3477,56000
3478,71500
3479,106000
3480,98000
3481,728500
3482,98000
3483,110000
3484,691000
3485,724500
3486,71500
3487,118000
3488,37000
3489,102000
3490,80000
3491,63000
3492,87500
3493,78000
3494,31500
3495,88000
3496,82000
3497,111500
3498,102000
3499,124000
3500,71000
3501,105000
3502,100000
3503,90000
3504,76000
3505,614000
3506,108000
3507,834500
3508,573000
3509,117000
3510,115500
3511,91500
3512,96000
3513,84500
3514,79500
3515,94500
3516,56000
3517,80000
3518,83000
3519,50500
3520,134500
3521,62500
3522,119000
3523,75500
3524,96500
3525,47000
3526,91500
3527,56500
3528,102500
3529,42500
3530,72500
3531,66000
3532,86000
3533,114500
3534,112500
3535,71500
3536,124500
3537,99000
3538,108500
3539,110500
3540,79000
3541,35000
3542,98500
3543,64000
3544,53500
3545,54000
3546,124500
3547,102000
3548,37500
3549,49500
3550,49000
3551,80000
3552,121500
3553,72500
3554,114000
3555,100500
3556,94000
3557,536000
3558,115500
3559,75000
3560,60000
3561,62000
3562,90000
3563,858000
3564,98500
3565,48500
3566,61000
3567,49000
3568,95500
3569,111500
3570,43000
3571,128000
3572,71500
3573,85000
3574,76000
3575,101000
3576,80000
3577,83000
3578,100000
3579,96000
3580,83500
3581,66500
3582,79500
3583,111000
3584,75500
3585,51500
3586,86000
3587,123000
3588,115500
3589,49500
3590,100500
3591,125500
3592,110000
3593,30500
3594,61500
3595,54500
3596,117500
3597,85500
3598,73000
3599,125000
3600,93500
3601,95000
3602,126500
3603,73000
3604,379500
3605,41000
3606,653000
3607,48500
3608,88500
3609,87000
3610,84000
3611,120000
3612,83000
3613,56000
3614,673000
3615,123500
3616,39500
3617,730500
3618,31500
3619,119000
3620,126500
3621,126500
3622,62500
3623,106500
3624,95000
3625,127500
3626,123000
3627,80500
3628,867000
3629,74000
3630,59500
3631,82000
3632,65500
3633,108000
3634,118000
3635,111500
3636,90500
3637,88000
3638,116000
3639,49000
3640,71500
3641,95500
3642,86500
3643,60000
3644,134500
3645,102000
3646,102500
3647,113000
3648,102000
3649,109000
3650,75500
3651,103000
3652,72500
3653,117500
3654,122000
3655,34500
3656,94500
3657,93500
3658,117000
3659,79500
3660,580500
3661,111000
3662,73000
3663,76500
3664,42500
3665,90500
3666,793500
3667,92000
3668,63500
3669,118000
3670,130500
3671,113500
3672,552500
3673,82000
3674,100000
3675,120500
3676,91000
3677,99000
3678,77500
3679,96500
3680,124000
3681,806500
3682,76500
3683,96500
3684,67500
3685,719500
3686,58500
3687,87000
3688,76500
3689,96000
3690,105500
3691,55000
3692,87500
3693,99500
3694,89500
3695,129500
3696,22500
3697,126000
3698,126500
3699,98500
3700,20500
3701,122000
3702,74500
3703,111500
3704,575500
3705,62000
3706,62000
3707,86000
3708,126000
3709,100500
3710,73000
3711,41000
3712,63500
3713,101000
3714,86000
3715,41500
3716,93500
3717,93500
3718,86000
3719,88000
3720,85000
3721,107000
3722,97500
3723,39500
3724,63500
3725,65000
3726,121000
3727,48500
3728,124000
3729,26000
3730,123000
3731,710000
3732,102000
3733,342500
3734,51500
3735,120000
3736,61500
3737,78000
3738,51500
3739,95500
3740,105500
3741,118500
3742,82500
3743,799500
3744,63000
3745,86000
3746,587000
3747,719000
3748,75500
3749,125000
3750,101000
3751,159000
3752,37500
3753,128000
3754,72500
3755,52500
3756,73000
3757,40500
3758,99000
3759,852000
3760,30000
3761,59500
3762,52000
3763,124500
3764,101000
3765,64000
3766,112500
3767,133500
3768,117500
3769,574500
3770,111500
3771,93500
3772,65500
3773,75500
3774,79000
3775,111000
3776,92500
3777,110000
3778,644000
3779,131500
3780,50000
3781,91000
3782,57000
3783,19000
3784,255000
3785,108500
3786,92500
3787,62500
3788,100500
3789,797500
3790,27000
3791,110500
3792,69500
3793,91500
3794,72500
3795,26500
3796,78000
3797,78500
3798,46000
3799,112000
3800,123000
3801,99500
3802,101500
3803,64500
3804,100000
3805,102000
3806,66500
3807,46500
3808,87500
3809,78000
3810,101500
3811,566500
3812,60500
3813,48500
3814,56000
3815,73500
3816,55000
3817,112500
3818,92000
3819,53500
3820,91000
3821,64500
3822,116000
3823,95000
3824,59000
3825,73000
3826,98500
3827,52500
3828,82500
3829,129000
3830,88500
3831,84500
3832,91500
3833,88000
3834,91000
3835,51500
3836,48000
3837,51000
3838,53000
3839,93000
3840,91500
3841,71500
3842,62000
3843,84500
3844,101500
3845,82000
3846,841000
3847,129000
3848,107000
3849,57500
3850,93000
3851,111500
3852,58000
3853,53500
3854,748500
3855,133000
3856,55000
3857,125000
3858,86500
3859,125000
3860,131000
3861,84000
3862,35500
3863,120000
3864,111000
3865,32000
3866,129500
3867,69500
3868,49500
3869,61000
3870,121500
3871,129500
3872,95000
3873,79500
3874,106500
3875,82500
3876,87000
3877,83000
3878,89000
3879,47000
3880,57000
3881,83500
3882,110500
3883,68500
3884,839500
3885,48000
3886,89000
3887,101000
3888,693500
3889,67000
3890,269500
3891,16500
3892,86000
3893,771500
3894,87500
3895,69000
3896,71000
3897,47500
3898,89000
3899,128000
3900,49000
3901,90000
3902,653500
3903,117000
3904,130500
3905,74500
3906,117000
3907,617000
3908,32000
3909,119500
3910,47000
3911,115000
3912,121000
3913,87000
3914,74000
3915,92500
3916,90000
3917,79500
3918,79500
3919,72000
3920,613000
3921,125000
3922,95000
3923,76000
3924,120000
3925,78000
3926,82500
3927,92000
3928,79000
3929,113000
3930,106000
3931,89000
3932,56000
3933,90000
3934,103000
3935,22500
3936,594500
3937,123500
3938,88500
3939,46500
3940,126500
3941,118000
3942,63000
3943,96000
3944,92000
3945,67000
3946,116500
3947,44000
3948,113000
3949,68500
3950,120500
3951,126500
3952,55500
3953,109000
3954,78500
3955,115000
3956,49000
3957,26000
3958,77000
3959,78000
3960,55500
3961,92000
3962,85000
3963,93000
3964,88500
3965,52500
3966,134500
3967,608500
3968,103000
3969,68500
3970,125000
3971,62000
3972,30500
3973,93500
3974,62500
3975,52500
3976,118500
3977,80500
3978,96000
3979,125000
3980,54000
3981,109000
3982,91500
3983,783500
3984,643000
3985,123500
3986,102500
3987,96000
3988,107500
3989,83500
3990,51000
3991,65500
3992,68000
3993,79500
3994,84500
3995,86500
3996,116000
3997,73000
3998,73000
3999,87500
4000,81000
4001,622500
4002,70000
4003,124500
4004,93500
4005,133000
4006,104500
4007,81000
4008,129500
4009,72000
4010,102000
4011,131500
4012,118500
4013,65500
4014,94500
4015,96000
4016,81500
4017,76000
4018,90500
4019,28000
4020,132000
4021,125000
4022,118500
4023,114500
4024,55500
4025,93500
4026,62500
4027,133000
4028,74000
4029,37500
4030,79500
4031,119000
4032,68000
4033,106000
4034,101500
4035,118500
4036,78000
4037,103000
4038,95500
4039,99000
4040,103000
4041,51500
4042,69500
4043,116000
4044,126000
4045,114000
4046,117000
4047,98500
4048,77000
4049,126000
4050,107500
4051,96500
4052,84000
4053,97000
4054,48000
4055,56500
4056,507000
4057,85000
4058,38500
4059,97000
4060,64500
4061,79000
4062,106500
4063,57000
4064,103000
4065,78000
4066,815000
4067,111500
4068,119500
4069,93000
4070,44000
4071,109000
4072,82500
4073,75500
4074,65000
4075,102500
4076,95500
4077,72500
4078,34000
4079,72000
4080,79000
4081,104000
4082,81500
4083,90000
4084,75000
4085,75500
4086,93500
4087,105500
4088,57500
4089,36500
4090,103000
4091,153500
4092,86000
4093,127500
4094,113000
4095,105500
4096,84000
4097,118000
4098,100000
4099,74000
4100,638000
4101,28000
4102,44500
4103,737000
4104,100500
4105,518000
4106,120000
4107,83000
4108,91500
4109,98500
4110,67500
4111,100500
4112,66500
4113,76500
4114,120000
4115,103000
4116,58500
4117,95000
4118,54000
4119,52000
4120,74500
4121,38500
4122,104000
4123,73000
4124,310000
4125,51500
4126,53500
4127,49000
4128,54000
4129,80000
4130,629500
4131,42500
4132,53000
4133,84000
4134,112500
4135,588000
4136,88500
4137,859500
4138,119000
4139,111000
4140,73500
4141,134500
4142,63500
4143,58500
4144,109000
4145,65500
4146,56000
4147,94500
4148,62500
4149,124500
4150,95500
4151,71500
4152,73000
4153,858500
4154,102500
4155,27500
4156,120500
4157,237000
4158,735500
4159,29500
4160,66500
4161,74500
4162,97500
4163,98500
4164,117000
4165,74500
4166,129500
4167,53000
4168,105000
4169,54000
4170,127000
4171,68000
4172,83500
4173,122000
4174,652000
4175,89000
4176,89500
4177,104000
4178,35500
4179,87000
4180,70500
4181,372000
4182,66500
4183,84500
4184,54500
4185,81500
4186,119500
4187,95000
4188,124000
4189,98000
4190,70000
4191,69000
4192,53500
4193,67000
4194,118000
4195,83500
4196,105000
4197,128500
4198,47500
4199,73000
4200,46000
4201,114000
4202,103500
4203,106500
4204,82500
4205,87500
4206,87500
4207,128000
4208,20000
4209,97000
4210,591500
4211,123500
4212,61000
4213,89000
4214,101000
4215,101000
4216,35500
4217,88500
4218,102000
4219,34500
4220,571500
4221,85000
4222,771500
4223,66500
4224,88000
4225,97500
4226,44500
4227,117500
4228,70000
4229,92500
4230,74000
4231,120000
4232,82500
4233,69500
4234,119000
4235,124000
4236,105000
4237,67000
4238,530000
4239,87500
4240,75000
4241,126500
4242,100500
4243,102500
4244,125000
4245,100000
4246,127500
4247,45000
4248,87500
4249,70500
4250,54000
4251,67500
4252,100000
4253,89000
4254,112500
4255,49500
4256,85000
4257,82500
4258,117500
4259,891500
4260,74500
4261,90000
4262,99500
4263,51500
4264,94500
4265,67000
4266,88000
4267,119500
4268,118000
4269,86500
4270,92500
4271,85000
4272,65500
4273,131500
4274,85500
4275,76000
4276,108500
4277,71500
4278,124000
4279,37000
4280,56000
4281,64500
4282,85000
4283,74500
4284,81000
4285,111500
4286,76500
4287,124000
4288,100500
4289,92500
4290,65000
4291,87000
4292,91000
4293,77000
4294,80500
4295,103500
4296,134500
4297,78000
4298,43000
4299,122000
4300,52500
4301,112500
4302,103000
4303,89000
4304,84500
4305,42500
4306,130000
4307,533000
4308,712500
4309,74000
4310,701000
4311,120000
4312,75500
4313,86000
4314,43500
4315,89500
4316,27500
4317,69000
4318,90000
4319,59000
4320,102000
4321,76000
4322,88000
4323,59000
4324,97000
4325,69500
4326,105500
4327,91000
4328,64500
4329,66500
4330,90000
4331,51500
4332,92000
4333,116000
4334,126000
4335,40500
4336,721000
4337,95500
4338,123500
4339,824500
4340,54500
4341,66500
4342,95500
4343,90000
4344,90000
4345,96500
4346,104000
4347,56000
4348,86500
4349,111500
4350,122000
4351,745500
4352,73000
4353,59500
4354,103500
4355,77500
4356,77000
4357,523000
4358,107000
4359,105500
4360,87000
4361,69500
4362,76500
4363,799000
4364,897500
4365,107500
4366,556000
4367,75500
4368,48500
4369,103500
4370,84500
4371,89500
4372,79000
4373,124500
4374,108000
4375,116500
4376,49500
4377,114500
4378,96500
4379,87500
4380,81500
4381,87000
4382,77000
4383,87500
4384,101000
4385,48000
4386,93000
4387,800000
4388,90000
4389,100000
4390,88000
4391,72000
4392,114500
4393,80000
4394,48000
4395,61500
4396,95000
4397,52500
4398,129000
4399,711000
4400,116000
4401,64500
4402,61500
4403,92000
4404,97500
4405,118500
4406,124500
4407,129000
4408,66500
4409,70500
4410,80000
4411,84500
4412,42000
4413,868500
4414,52000
4415,893000
4416,93500
4417,93500
4418,98500
4419,117500
4420,73000
4421,85000
4422,385000
4423,81500
4424,103500
4425,65500
4426,91000
4427,27500
4428,622500
4429,106000
4430,119000
4431,72500
4432,117500
4433,84000
4434,61500
4435,66000
4436,69500
4437,96000
4438,732000
4439,73500
4440,108000
4441,103000
4442,72000
4443,82000
4444,59000
4445,78500
4446,83000
4447,120000
4448,46000
4449,91500
4450,109000
4451,102500
4452,92500
4453,95500
4454,47500
4455,89000
4456,115000
4457,104500
4458,126000
4459,510500
4460,127000
4461,64000
4462,92000
4463,58000
4464,104500
4465,53000
4466,88500
4467,86500
4468,111500
4469,60000
4470,69000
4471,753000
4472,70000
4473,611000
4474,58000
4475,25500
4476,38000
4477,105500
4478,76000
4479,95000
4480,63000
4481,67000
4482,72500
4483,114000
4484,124000
4485,59000
4486,133000
4487,94000
4488,122500
4489,84500
4490,58500
4491,56000
4492,52000
4493,39000
4494,103000
4495,67000
4496,119500
4497,854000
4498,109500
4499,109500
4500,90000
4501,100500
4502,120500
4503,65000
4504,72000
4505,65500
4506,90000
4507,79500
4508,78500
4509,80500
4510,38500
4511,523500
4512,102000
4513,149500
4514,95000
4515,109500
4516,65500
4517,64000
4518,92000
4519,88500
4520,43500
4521,66000
4522,127000
4523,88000
4524,66500
4525,83500
4526,113500
4527,48000
4528,74500
4529,113500
4530,50000
4531,119000
4532,62500
4533,92000
4534,65500
4535,125000
4536,46000
4537,59000
4538,49000
4539,698500
4540,85500
4541,59000
4542,123500
4543,52000
4544,116500
4545,67000
4546,107500
4547,170000
4548,66500
4549,48500
4550,80500
4551,35000
4552,68500
4553,117000
4554,57500
4555,65500
4556,73000
4557,45000
4558,120500
4559,109500
4560,66500
4561,101500
4562,36500
4563,127000
4564,95500
4565,123500
4566,115500
4567,49500
4568,92000
4569,93000
4570,114000
4571,49000
4572,75000
4573,52500
4574,109500
4575,79000
4576,84000
4577,44500
4578,119000
4579,85000
4580,83500
4581,89000
4582,120000
4583,86500
4584,554000
4585,56500
4586,140500
4587,104500
4588,127000
4589,104500
4590,68500
4591,84000
4592,135000
4593,34500
4594,54000
4595,102000
4596,118500
4597,101500
4598,118000
4599,126500
4600,114000
4601,61500
4602,57500
4603,133500
4604,22000
4605,35000
4606,92500
4607,120000
4608,56500
4609,62500
4610,96500
4611,52500
4612,746500
4613,81500
4614,37000
4615,119500
4616,75000
4617,122500
4618,67000
4619,93000
4620,95500
4621,100000
4622,88500
4623,89000
4624,96500
4625,39500
4626,97500
4627,343500
4628,72000
4629,99500
4630,65000
4631,16500
4632,105500
4633,100500
4634,103000
4635,47000
4636,93500
4637,638500
4638,98000
4639,93000
4640,586000
4641,63000
4642,123000
4643,734500
4644,115000
4645,57000
4646,100000
4647,56500
4648,31000
4649,94000
4650,83000
4651,59000
4652,98500
4653,85000
4654,97000
4655,113000
4656,49000
4657,43000
4658,109500
4659,106000
4660,80000
4661,82000
4662,110000
4663,80500
4664,64000
4665,86500
4666,61000
4667,117500
4668,104500
4669,79000
4670,101000
4671,65000
4672,35500
4673,832500
4674,57000
4675,121000
4676,58500
4677,47500
4678,594000
4679,99500
4680,104500
4681,96500
4682,72000
4683,98500
4684,118500
4685,73000
4686,90500
4687,48500
4688,810000
4689,64500
4690,86500
4691,223000
4692,41000
4693,57500
4694,46000
4695,45500
4696,526000
4697,97000
4698,84500
4699,27500
4700,51000
4701,107000
4702,129500
4703,504500
4704,40500
4705,86000
4706,81500
4707,60500
4708,81500
4709,54000
4710,541000
4711,103000
4712,38500
4713,78500
4714,99000
4715,114500
4716,64500
4717,97000
4718,55500
4719,71000
4720,148500
4721,87000
4722,100000
4723,107000
4724,72500
4725,77500
4726,102000
4727,112500
4728,121000
4729,103000
4730,108000
4731,87500
4732,85500
4733,274000
4734,776000
4735,108000
4736,106000
4737,115000
4738,768500
4739,48000
4740,122500
4741,114000
4742,124500
4743,89500
4744,132500
4745,123000
4746,132500
4747,88000
4748,395000
4749,69500
4750,47500
4751,120000
4752,62500
4753,65000
4754,513500
4755,120000
4756,95000
4757,88000
4758,63000
4759,98000
4760,34000
4761,66500
4762,112000
4763,125500
4764,73000
4765,88000
4766,769000
4767,88500
4768,47500
4769,116500
4770,103500
4771,111500
4772,106000
4773,70000
4774,101000
4775,89500
4776,68500
4777,45500
4778,18500
4779,79500
4780,820000
4781,107000
4782,55500
4783,114000
4784,133500
4785,101000
4786,59500
4787,90500
4788,69000
4789,81500
4790,72000
4791,92000
4792,43500
4793,97500
4794,74000
4795,89500
4796,605500
4797,81000
4798,105500
4799,68000
4800,130500
4801,88500
4802,73500
4803,53000
4804,81000
4805,130000
4806,55500
4807,118500
4808,90000
4809,99000
4810,89500
4811,73500
4812,82000
4813,525000
4814,97000
4815,104000
4816,118000
4817,126500
4818,77000
4819,106500
4820,86000
4821,56000
4822,97500
4823,97000
4824,55000
4825,121500
4826,122500
4827,89000
4828,77500
4829,105500
4830,73000
4831,16000
4832,88500
4833,82500
4834,64000
4835,869000
4836,84500
4837,70000
4838,83000
4839,120000
4840,106500
4841,67000
4842,69000
4843,81000
4844,87000
4845,93500
4846,83500
4847,78000
4848,132500
4849,127500
4850,50500
4851,70000
4852,116000
4853,78000
4854,65000
4855,74500
4856,83000
4857,123500
4858,121000
4859,108500
4860,98500
4861,56000
4862,56000
4863,63500
4864,51500
4865,103500
4866,96500
4867,74500
4868,118500
4869,97500
4870,32500
4871,67500
4872,61000
4873,108000
4874,48500
4875,134500
4876,83000
4877,43500
4878,86500
4879,121500
4880,88000
4881,856500
4882,89500
4883,745500
4884,64000
4885,120500
4886,59500
4887,113500
4888,73500
4889,106500
4890,111500
4891,397000
4892,104000
4893,44500
4894,34500
4895,66000
4896,64500
4897,884000
4898,107500
4899,88500
4900,102000
4901,70500
4902,59000
4903,92500
4904,115500
4905,88000
4906,55000
4907,109000
4908,81000
4909,56500
4910,95500
4911,82000
4912,94500
4913,87000
4914,115500
4915,60500
4916,23500
4917,92000
4918,109500
4919,55000
4920,100000
4921,83500
4922,44500
4923,71000
4924,72000
4925,68500
4926,740000
4927,117000
4928,103000
4929,104500
4930,68500
4931,702500
4932,48000
4933,123000
4934,114500
4935,82000
4936,27500
4937,84000
4938,82000
4939,51500
4940,72500
4941,607500
4942,114000
4943,87500
4944,78500
4945,81500
4946,114500
4947,36500
4948,66000
4949,58500
4950,38500
4951,118000
4952,85000
4953,87500
4954,533500
4955,633000
4956,128000
4957,69000
4958,82000
4959,58000
4960,86000
4961,100500
4962,90500
4963,87000
4964,76000
4965,132500
4966,93000
4967,100500
4968,95000
4969,106500
4970,95500
4971,43000
4972,102500
4973,81500
4974,104000
4975,73500
4976,52000
4977,90500
4978,74000
4979,71000
4980,118500
4981,99500
4982,53000
4983,108500
4984,80500
4985,115000
4986,821500
4987,108000
4988,118500
4989,72000
4990,82000
4991,88000
4992,21000
4993,56000
4994,94500
4995,73500
4996,103000
4997,73500
4998,37000
4999,119500
5000,697000
5001,46000
5002,120500
5003,644000
5004,48500
5005,85500
5006,116500
5007,715000
5008,105000
5009,892000
5010,74500
5011,106000
5012,78000
5013,58000
5014,93000
5015,76500
5016,17000
5017,102500
5018,95500
5019,65000
5020,103000
5021,96500
5022,525500
5023,129000
5024,621000
5025,54000
5026,61000
5027,755500
5028,96500
5029,115000
5030,74500
5031,103500
5032,91500
5033,875000
5034,842500
5035,92000
5036,105500
5037,34500
5038,713500
5039,784500
5040,54000
5041,104000
5042,108000
5043,89000
5044,122500
5045,97500
5046,133000
5047,100500
5048,49000
5049,73500
5050,90500
5051,102500
5052,46500
5053,121000
5054,101500
5055,90000
5056,32000
5057,76500
5058,51500
5059,144000
5060,134000
5061,87500
5062,112500
5063,123500
5064,708500
5065,56000
5066,72500
5067,55000
5068,72500
5069,58500
5070,100000
5071,101500
5072,397000
5073,374500
5074,97500
5075,86500
5076,187500
5077,103000
5078,109500
5079,129500
5080,26500
5081,51000
5082,97000
5083,64500
5084,680000
5085,92500
5086,49000
5087,101000
5088,110000
5089,58500
5090,107000
5091,120500
5092,116000
5093,95500
5094,105500
5095,104500
5096,75500
5097,89000
5098,105000
5099,125500
5100,60000
5101,33500
5102,105500
5103,127500
5104,30000
5105,76000
5106,115000
5107,75000
5108,133500
5109,111000
5110,640500
5111,121500
5112,47500
5113,80500
5114,56500
5115,117000
5116,73500
5117,103000
5118,57500
5119,122500
5120,89000
5121,57000
5122,132000
5123,119000
5124,73500
5125,80000
5126,109500
5127,90000
5128,95000
5129,61000
5130,77000
5131,103000
5132,74000
5133,99000
5134,85000
5135,92000
5136,64000
5137,63500
5138,124000
5139,91500
5140,74500
5141,117500
5142,111000
5143,82500
5144,104000
5145,685000
5146,98000
5147,60500
5148,80000
5149,105000
5150,60500
5151,65500
5152,75000
5153,108000
5154,71000
5155,556500
5156,92000
5157,109500
5158,113000
5159,56000
5160,92000
5161,82000
5162,90500
5163,111000
5164,129500
5165,879000
5166,97000
5167,70500
5168,37500
5169,57500
5170,101500
5171,91000
5172,89000
5173,785000
5174,32000
5175,65500
5176,35500
5177,96500
5178,24500
5179,112000
5180,80500
5181,42000
5182,33500
5183,80500
5184,69500
5185,71000
5186,91000
5187,44500
5188,83500
5189,106000
5190,594000
5191,87000
5192,87000
5193,60000
5194,96000
5195,62500
5196,32500
5197,43000
5198,71500
5199,83500
5200,44000
5201,237500
5202,88000
5203,86000
5204,95000
5205,128500
5206,31000
5207,108500
5208,107000
5209,80000
5210,82500
5211,34500
5212,101500
5213,72500
5214,85000
5215,79500
5216,84000
5217,65500
5218,110000
5219,97000
5220,78500
5221,821000
5222,98000
5223,168500
5224,52000
5225,557000
5226,78000
5227,76000
5228,71000
5229,105500
5230,97000
5231,95000
5232,66500
5233,82000
5234,117000
5235,121500
5236,84500
5237,76500
5238,86500
5239,96500
5240,85500
5241,83500
5242,55500
5243,86000
5244,62000
5245,73000
5246,89500
5247,72000
5248,105500
5249,89500
5250,25500
5251,82000
5252,125000
5253,73000
5254,110500
5255,66000
5256,62500
5257,113500
5258,39500
5259,107000
5260,72500
5261,84000
5262,48000
5263,35500
5264,88000
5265,117000
5266,100500
5267,96500
5268,873500
5269,52000
5270,24500
5271,101500
5272,59000
5273,94500
5274,132500
5275,96500
5276,59500
5277,69500
5278,94000
5279,99000
5280,45000
5281,69000
5282,71500
5283,92500
5284,127000
5285,99500
5286,283000
5287,119000
5288,89000
5289,84000
5290,77000
5291,820500
5292,66000
5293,120500
5294,85500
5295,110500
5296,92500
5297,128500
5298,68500
5299,134000
5300,57000
5301,71500
5302,545500
5303,45000
5304,62000
5305,75000
5306,69000
5307,65000
5308,84000
5309,101500
5310,71000
5311,96500
5312,87000
5313,47500
5314,81000
5315,58500
5316,107000
5317,105500
5318,79500
5319,124000
5320,91000
5321,98000
5322,93000
5323,49500
5324,88000
5325,129500
5326,51000
5327,570500
5328,100000
5329,90500
5330,131000
5331,78500
5332,63000
5333,134500
5334,102500
5335,70000
5336,87000
5337,50500
5338,65500
5339,105000
5340,46500
5341,113500
5342,87500
5343,59000
5344,103000
5345,93500
5346,79000
5347,103000
5348,82500
5349,83000
5350,103000
5351,735500
5352,89500
5353,70000
5354,73500
5355,71000
5356,127500
5357,50000
5358,17000
5359,75500
5360,82000
5361,103500
5362,85500
5363,103500
5364,129500
5365,83000
5366,91000
5367,72000
5368,40500
5369,57500
5370,95000
5371,114000
5372,81500
5373,98000
5374,42500
5375,108500
5376,112500
5377,50000
5378,72500
5379,103000
5380,97000
5381,111000
5382,55500
5383,120500
5384,46000
5385,122500
5386,63000
5387,105500
5388,38000
5389,108000
5390,106000
5391,97500
5392,85500
5393,97500
5394,65000
5395,109000
5396,105000
5397,70500
5398,373500
5399,98000
5400,91000
5401,85000
5402,92000
5403,112500
5404,63000
5405,81000
5406,66000
5407,74500
5408,91000
5409,101000
5410,123000
5411,65000
5412,52500
5413,80500
5414,124500
5415,41000
5416,80000
5417,51000
5418,114500
5419,54500
5420,108500
5421,71000
5422,103500
5423,61500
5424,76500
5425,705500
5426,85500
5427,134000
5428,102000
5429,67000
5430,58000
5431,72000
5432,34500
5433,32500
5434,85500
5435,96000
5436,86500
5437,63500
5438,100000
5439,114500
5440,124500
5441,89500
5442,216500
5443,739000
5444,92000
5445,61000
5446,25000
5447,105500
5448,115500
5449,107000
5450,83000
5451,89000
5452,785500
5453,38500
5454,73500
5455,68000
5456,75000
5457,108000
5458,106500
5459,89000
5460,126500
5461,43500
5462,123000
5463,95500
5464,612500
5465,103000
5466,84500
5467,108000
5468,69000
5469,109000
5470,86500
5471,108500
5472,885000
5473,110000
5474,65500
5475,39500
5476,91500
5477,99000
5478,113000
5479,63000
5480,77000
5481,99000
5482,125500
5483,96000
5484,869000
5485,111500
5486,52000
5487,121500
5488,41500
5489,94000
5490,38000
5491,106000
5492,90000
5493,43500
5494,93000
5495,70500
5496,80500
5497,96500
5498,843000
5499,132000
5500,117500
5501,74000
5502,55000
5503,105000
5504,77000
5505,530500
5506,108000
5507,101500
5508,76500
5509,73500
5510,127500
5511,81000
5512,76500
5513,101000
5514,120000
5515,72000
5516,105000
5517,114500
5518,39000
5519,85000
5520,73000
5521,324000
5522,105500
5523,66000
5524,107000
5525,633500
5526,69500
5527,69000
5528,89000
5529,103000
5530,81500
5531,197500
5532,696000
5533,82500
5534,70500
5535,90000
5536,123500
5537,81500
5538,113000
5539,99500
5540,65500
5541,122500
5542,47500
5543,111500
5544,118000
5545,116500
5546,86000
5547,122000
5548,61000
5549,52500
5550,81000
5551,92000
5552,107500
5553,90500
5554,62500
5555,48000
5556,60500
5557,67000
5558,80500
5559,70000
5560,778500
5561,121000
5562,616000
5563,66500
5564,68000
5565,104000
5566,108000
5567,127000
5568,92000
5569,842000
5570,813000
5571,83000
5572,110000
5573,816000
5574,102500
5575,78000
5576,62000
5577,59500
5578,132000
5579,657500
5580,84500
5581,66000
5582,76000
5583,112000
5584,119500
5585,131000
5586,70000
5587,103000
5588,58000
5589,94500
5590,105000
5591,80500
5592,108500
5593,48500
5594,73000
5595,51000
5596,98500
5597,90000
5598,59500
5599,92500
5600,89000
5601,96500
5602,19000
5603,79000
5604,74500
5605,80500
5606,61500
5607,38500
5608,102000
5609,101500
5610,45000
5611,55500
5612,54500
5613,88000
5614,89000
5615,49000
5616,70500
5617,102500
5618,130500
5619,100000
5620,86500
5621,107500
5622,72000
5623,56500
5624,77500
5625,113500
5626,126500
5627,72000
5628,48000
5629,99500
5630,41000
5631,619500
5632,653500
5633,52000
5634,106000
5635,91500
5636,56500
5637,62500
5638,120500
5639,120500
5640,115000
5641,120000
5642,85500
5643,86500
5644,52500
5645,116000
5646,114000
5647,873500
5648,68500
5649,70500
5650,838000
5651,126500
5652,89000
5653,107500
5654,110000
5655,86500
5656,79500
5657,683500
5658,108000
5659,62500
5660,117500
5661,51000
5662,79500
5663,38000
5664,88000
5665,117000
5666,596500
5667,84500
5668,104500
5669,64000
5670,102000
5671,275500
5672,100000
5673,82000
5674,88500
5675,45000
5676,63000
5677,196000
5678,576500
5679,65000
5680,611000
5681,859500
5682,116500
5683,87000
5684,85500
5685,108000
5686,129000
5687,162000
5688,121500
5689,62000
5690,111500
5691,54000
5692,666500
5693,116000
5694,25500
5695,94500
5696,26000
5697,97000
5698,666000
5699,74000
5700,110000
5701,96000
5702,55000
5703,55000
5704,58500
5705,116500
5706,82500
5707,96500
5708,67000
5709,78500
5710,119500
5711,66000
5712,134000
5713,120000
5714,80500
5715,69000
5716,108000
5717,20500
5718,58000
5719,111000
5720,131000
5721,65500
5722,61000
5723,98500
5724,77500
5725,111000
5726,54500
5727,667500
5728,93000
5729,67500
5730,785000
5731,95500
5732,120500
5733,126000
5734,195000
5735,101500
5736,100500
5737,132000
5738,767000
5739,49000
5740,85000
5741,77000
5742,89000
5743,56500
5744,110000
5745,82000
5746,121500
5747,555500
5748,87500
5749,75000
5750,797000
5751,58500
5752,52000
5753,95500
5754,47500
5755,86000
5756,79000
5757,90000
5758,115500
5759,52000
5760,36000
5761,91000
5762,68000
5763,96500
5764,81500
5765,99000
5766,70000
5767,74500
5768,85500
5769,86000
5770,94000
5771,47500
5772,109500
5773,86000
5774,105500
5775,322000
5776,121000
5777,64000
5778,115000
5779,60500
5780,119000
5781,43500
5782,98000
5783,88500
5784,79000
5785,186000
5786,74000
5787,90500
5788,78500
5789,96000
5790,76000
5791,64000
5792,661500
5793,31000
5794,125000
5795,124000
5796,99000
5797,88000
5798,105500
5799,128500
5800,75500
5801,90000
5802,42000
5803,83000
5804,119500
5805,95500
5806,98500
5807,70000
5808,64500
5809,54500
5810,85000
5811,101500
5812,99500
5813,57500
5814,94000
5815,86500
5816,118000
5817,669500
5818,44000
5819,47000
5820,614000
5821,124500
5822,53000
5823,73000
5824,78500
5825,42500
5826,95000
5827,93000
5828,59500
5829,78000
5830,89000
5831,67000
5832,126000
5833,47000
5834,97000
5835,820500
5836,90500
5837,46500
5838,49000
5839,714500
5840,89500
5841,344000
5842,98000
5843,73000
5844,86000
5845,85000
5846,80500
5847,96000
5848,103500
5849,95000
5850,99000
5851,56000
5852,111500
5853,113500
5854,119500
5855,527500
5856,118000
5857,80000
5858,122500
5859,66000
5860,77500
5861,84500
5862,39500
5863,122000
5864,112000
5865,599500
5866,67000
5867,128500
5868,130500
5869,73500
5870,79500
5871,60000
5872,129500
5873,66500
5874,109500
5875,57000
5876,111500
5877,67000
5878,118500
5879,58500
5880,91500
5881,78500
5882,94000
5883,111000
5884,108000
5885,66000
5886,69500
5887,62000
5888,107000
5889,544500
5890,106000
5891,72000
5892,102000
5893,106000
5894,97000
5895,80000
5896,106000
5897,664500
5898,115500
5899,101000
5900,77500
5901,126000
5902,88000
5903,119000
5904,849000
5905,35500
5906,61500
5907,99000
5908,47000
5909,128500
5910,72500
5911,75500
5912,103000
5913,101500
5914,72500
5915,82000
5916,96000
5917,109500
5918,97500
5919,119500
5920,104000
5921,31500
5922,113000
5923,105000
5924,79000
5925,62000
5926,49000
5927,70500
5928,87000
5929,108500
5930,61500
5931,81500
5932,65000
5933,74500
5934,28500
5935,107500
5936,341000
5937,50000
5938,92500
5939,56000
5940,77000
5941,64500
5942,91500
5943,113000
5944,123000
5945,85500
5946,62000
5947,699500
5948,34500
5949,571000
5950,85500
5951,47000
5952,119000
5953,86500
5954,60500
5955,49500
5956,42500
5957,123000
5958,103500
5959,82500
5960,533500
5961,65000
5962,97500
5963,99500
5964,255500
5965,69500
5966,78500
5967,81500
5968,67000
5969,509000
5970,79500
5971,111500
5972,71500
5973,115500
5974,134500
5975,28500
5976,120000
5977,80000
5978,32000
5979,66500
5980,104000
5981,94500
5982,95500
5983,79000
5984,99000
5985,88000
5986,96500
5987,50000
5988,108500
5989,59000
5990,62000
5991,69000
5992,77500
5993,97000
5994,100500
5995,69500
5996,84000
5997,77500
5998,53000
5999,124000
6000,125500
6001,660500
6002,41000
6003,626000
6004,86000
6005,619500
6006,94500
6007,107000
6008,37000
6009,561500
6010,73500
6011,38000
6012,77500
6013,83000
6014,117000
6015,93000
6016,89000
6017,61500
6018,79500
6019,837500
6020,112500
6021,73500
6022,52000
6023,88500
6024,77500
6025,704000
6026,572500
6027,106000
6028,99500
6029,67500
6030,66500
6031,30500
6032,106500
6033,896000
6034,117000
6035,62000
6036,99500
6037,90000
6038,84500
6039,121000
6040,66500
6041,120500
6042,92500
6043,72500
6044,70000
6045,58500
6046,82500
6047,121000
6048,57000
6049,74000
6050,68500
6051,83500
6052,77000
6053,66000
6054,53500
6055,133000
6056,849000
6057,76500
6058,79000
6059,132000
6060,128000
6061,71500
6062,129000
6063,99500
6064,103500
6065,111000
6066,56500
6067,99000
6068,90000
6069,108500
6070,75500
6071,67000
6072,70000
6073,98000
6074,115000
6075,42000
6076,87000
6077,115000
6078,503000
6079,43500
6080,607500
6081,97500
6082,46500
6083,51500
6084,98500
6085,110500
6086,126500
6087,102000
6088,634000
6089,99000
6090,74000
6091,97500
6092,112000
6093,84000
6094,78500
6095,127500
6096,90500
6097,45000
6098,96500
6099,72500
6100,108000
6101,52500
6102,34000
6103,90500
6104,102500
6105,23000
6106,86000
6107,59000
6108,106500
6109,70000
6110,636500
6111,74500
6112,74000
6113,120500
6114,65500
6115,77500
6116,66000
6117,68000
6118,66000
6119,69000
6120,51000
6121,83500
6122,94000
6123,79000
6124,49500
6125,43500
6126,66000
6127,60500
6128,82500
6129,103500
6130,78000
6131,129000
6132,57000
6133,75500
6134,129000
6135,75500
6136,53500
6137,92500
6138,60000
6139,79500
6140,81000
6141,108000
6142,64000
6143,95500
6144,663000
6145,115500
6146,99000
6147,96500
6148,80500
6149,99500
6150,18000
6151,73500
6152,106000
6153,99500
6154,81000
6155,123000
6156,80000
6157,95000
6158,29000
6159,134500
6160,106000
6161,72000
6162,76000
6163,60000
6164,109000
6165,43000
6166,113000
6167,99000
6168,107500
6169,66000
6170,99000
6171,78000
6172,95500
6173,59000
6174,79000
6175,79000
6176,107000
6177,58000
6178,29500
6179,73000
6180,65500
6181,74500
6182,103000
6183,65000
6184,88000
6185,66500
6186,77500
6187,94000
6188,76000
6189,118000
6190,104500
6191,101000
6192,56000
6193,83000
6194,113000
6195,37500
6196,91500
6197,80500
6198,76000
6199,122500
6200,86000
6201,46500
6202,617500
6203,120000
6204,73000
6205,74500
6206,85000
6207,87000
6208,101000
6209,97000
6210,90000
6211,111000
6212,91500
6213,105000
6214,89500
6215,84500
6216,72000
6217,130500
6218,77000
6219,113500
6220,118000
6221,101500
6222,108500
6223,135000
6224,102500
6225,95000
6226,117000
6227,88500
6228,84500
6229,133500
6230,134500
6231,111000
6232,84500
6233,61500
6234,79500
6235,78500
6236,77000
6237,112500
6238,94000
6239,103000
6240,70000
6241,56500
6242,65500
6243,74000
6244,84500
6245,93500
6246,107500
6247,656000
6248,66000
6249,99500
6250,81500
6251,76500
6252,646000
6253,100500
6254,47000
6255,40500
6256,61500
6257,96000
6258,52500
6259,59000
6260,875500
6261,92000
6262,131500
6263,78500
6264,72500
6265,93500
6266,63500
6267,79000
6268,134000
6269,102000
6270,61500
6271,58500
6272,682000
6273,523500
6274,649500
6275,852500
6276,110000
6277,44500
6278,115500
6279,97500
6280,94000
6281,658500
6282,64500
6283,52500
6284,113000
6285,101500
6286,124000
6287,60000
6288,84500
6289,60000
6290,80500
6291,99000
6292,111500
6293,74500
6294,35500
6295,70000
6296,45500
6297,92000
6298,61000
6299,95500
6300,46000
6301,66000
6302,103500
6303,560500
6304,86500
6305,91500
6306,125000
6307,101000
6308,64500
6309,63500
6310,119500
6311,85000
6312,97500
6313,76500
6314,700500
6315,56000
6316,105000
6317,68000
6318,120500
6319,85000
6320,93500
6321,115000
6322,85000
6323,117500
6324,23000
6325,67500
6326,674000
6327,106500
6328,81000
6329,97000
6330,39500
6331,89000
6332,30000
6333,102500
6334,727500
6335,69500
6336,105500
6337,117000
6338,116000
6339,68500
6340,78500
6341,89500
6342,72500
6343,86000
6344,101500
6345,117500
6346,91500
6347,56500
6348,98000
6349,700500
6350,568000
6351,78500
6352,114500
6353,56000
6354,96500
6355,64000
6356,95000
6357,73000
6358,102500
6359,35500
6360,130000
6361,76500
6362,98500
6363,63000
6364,100500
6365,89000
6366,332000
6367,59500
6368,97500
6369,97500
6370,98000
6371,755500
6372,54000
6373,52000
6374,77500
6375,105000
6376,43000
6377,87500
6378,52500
6379,117500
6380,99000
6381,619500
6382,79500
6383,128000
6384,95000
6385,35000
6386,42500
6387,76500
6388,89500
6389,68500
6390,65500
6391,556000
6392,95500
6393,59000
6394,75000
6395,84000
6396,88000
6397,165000
6398,87000
6399,896500
6400,130000
6401,126500
6402,117000
6403,51500
6404,111000
6405,94500
6406,98500
6407,99000
6408,87000
6409,97000
6410,106500
6411,108500
6412,97000
6413,101000
6414,85000
6415,81500
6416,74000
6417,80500
6418,72000
6419,84000
6420,85000
6421,39000
6422,96500
6423,101500
6424,64000
6425,76000
6426,124500
6427,71500
6428,69000
6429,55500
6430,81500
6431,87500
6432,40500
6433,323500
6434,827500
6435,122500
6436,108000
6437,107000
6438,90000
6439,105500
6440,776000
6441,85500
6442,98000
6443,101500
6444,117500
6445,82500
6446,81000
6447,268000
6448,82500
6449,60500
6450,77500
6451,104500
6452,95000
6453,565500
6454,100000
6455,91500
6456,86500
6457,57000
6458,55500
6459,75000
6460,95500
6461,92500
6462,93000
6463,122000
6464,104500
6465,71000
6466,108500
6467,68500
6468,84500
6469,73000
6470,70000
6471,102000
6472,80000
6473,44000
6474,70500
6475,96500
6476,85500
6477,120000
6478,53500
6479,112500
6480,70000
6481,31500
6482,246500
6483,134000
6484,112000
6485,85000
6486,842500
6487,90000
6488,56000
6489,387000
6490,65500
6491,36000
6492,101500
6493,53500
6494,76500
6495,97500
6496,121000
6497,77500
6498,45500
6499,111500
6500,65500
6501,121000
6502,59000
6503,76000
6504,120500
6505,88000
6506,120000
6507,101500
6508,81500
6509,38500
6510,54000
6511,87500
6512,75000
6513,29500
6514,79000
6515,96500
6516,115500
6517,82000
6518,47000
6519,75500
6520,43000
6521,98500
6522,125500
6523,71500
6524,35500
6525,94000
6526,79000
6527,98500
6528,48500
6529,83500
6530,62000
6531,58000
6532,111000
6533,90500
6534,123000
6535,70500
6536,87000
6537,101500
6538,108000
6539,75500
6540,131000
6541,54000
6542,132000
6543,84000
6544,56000
6545,50500
6546,134000
6547,115500
6548,110000
6549,68000
6550,125500
6551,28500
6552,89500
6553,69500
6554,69500
6555,97500
6556,115000
6557,114500
6558,374000
6559,74000
6560,83500
6561,86000
6562,121500
6563,71000
6564,92000
6565,49500
6566,83500
6567,131500
6568,87000
6569,71500
6570,93500
6571,115000
6572,53000
6573,96500
6574,537000
6575,94500
6576,45500
6577,95500
6578,89000
6579,99000
6580,89500
6581,621500
6582,44500
6583,85500
6584,120000
6585,95500
6586,299500
6587,62500
6588,109500
6589,78500
6590,124000
6591,887000
6592,80500
6593,127000
6594,194500
6595,101000
6596,111500
6597,28500
6598,98500
6599,96000
6600,90000
6601,82000
6602,115000
6603,821500
6604,43000
6605,68000
6606,109000
6607,114500
6608,116000
6609,48500
6610,66000
6611,92500
6612,72500
6613,46500
6614,90000
6615,79000
6616,90500
6617,120000
6618,60000
6619,68000
6620,520500
6621,68000
6622,110000
6623,87000
6624,85000
6625,65500
6626,667500
6627,48500
6628,157000
6629,121500
6630,603500
6631,100000
6632,63500
6633,571500
6634,65500
6635,111000
6636,68000
6637,95500
6638,60000
6639,59500
6640,106000
6641,77500
6642,325000
6643,107000
6644,122000
6645,90000
6646,15000
6647,99500
6648,92500
6649,88000
6650,106500
6651,68500
6652,80000
6653,27500
6654,101000
6655,132500
6656,101500
6657,72000
6658,702500
6659,62500
6660,107500
6661,88500
6662,81000
6663,220000
6664,55500
6665,57000
6666,91500
6667,130500
6668,120500
6669,71500
6670,35000
6671,121500
6672,78500
6673,90000
6674,119000
6675,132500
6676,134000
6677,62000
6678,79000
6679,124000
6680,48500
6681,78500
6682,116500
6683,107000
6684,823000
6685,53500
6686,107500
6687,79000
6688,95000
6689,56500
6690,51000
6691,114500
6692,57500
6693,77500
6694,232500
6695,109500
6696,88000
6697,53500
6698,39500
6699,115000
6700,130500
6701,59000
6702,98500
6703,89500
6704,120500
6705,77500
6706,91500
6707,524000
6708,59500
6709,94500
6710,112500
6711,76000
6712,42500
6713,202000
6714,30500
6715,114000
6716,119500
6717,82000
6718,82500
6719,85000
6720,591000
6721,112500
6722,122500
6723,106000
6724,78500
6725,127500
6726,108500
6727,53500
6728,66500
6729,64000
6730,116500
6731,85000
6732,99500
6733,66000
6734,21000
6735,860000
6736,36000
6737,106000
6738,111000
6739,57500
6740,96500
6741,70500
6742,33500
6743,104000
6744,61500
6745,28500
6746,70500
6747,85000
6748,93500
6749,55500
6750,75000
6751,118500
6752,78000
6753,113000
6754,66500
6755,51500
6756,102500
6757,84500
6758,102000
6759,99500
6760,39500
6761,109500
6762,95500
6763,116500
6764,121500
6765,103500
6766,89000
6767,94500
6768,60500
6769,93000
6770,47000
6771,22000
6772,83000
6773,45500
6774,75000
6775,38000
6776,82000
6777,85000
6778,105000
6779,41000
6780,40500
6781,131000
6782,108000
6783,545500
6784,36500
6785,45000
6786,112500
6787,54000
6788,112500
6789,112500
6790,134000
6791,79000
6792,60500
6793,80500
6794,111500
6795,49000
6796,72500
6797,97500
6798,79500
6799,81000
6800,89000
6801,98500
6802,581000
6803,92000
6804,49500
6805,366000
6806,226500
6807,126000
6808,85000
6809,89000
6810,69500
6811,37000
6812,71500
6813,57000
6814,88500
6815,58500
6816,125000
6817,813000
6818,112500
6819,102000
6820,115500
6821,62000
6822,177500
6823,608500
6824,122500
6825,273500
6826,59000
6827,104500
6828,76500
6829,43000
6830,19500
6831,63500
6832,38500
6833,70000
6834,124500
6835,796500
6836,67000
6837,563000
6838,45000
6839,48000
6840,79000
6841,108000
6842,79500
6843,100500
6844,93500
6845,78000
6846,126500
6847,54000
6848,133500
6849,61000
6850,89000
6851,90500
6852,105500
6853,71000
6854,102000
6855,87000
6856,103000
6857,89500
6858,689000
6859,686000
6860,60000
6861,74500
6862,102000
6863,130000
6864,77000
6865,76500
6866,63500
6867,97500
6868,49500
6869,46000
6870,117000
6871,92500
6872,55500
6873,37500
6874,848500
6875,112000
6876,775000
6877,86500
6878,118500
6879,65000
6880,58500
6881,87000
6882,67500
6883,105000
6884,93500
6885,80000
6886,82500
6887,575000
6888,100000
6889,116000
6890,52500
6891,62500
6892,81000
6893,59000
6894,94500
6895,60500
6896,96500
6897,87500
6898,76500
6899,88000
6900,91500
6901,79000
6902,174000
6903,102000
6904,101000
6905,63500
6906,132500
6907,89000
6908,43000
6909,92500
6910,100500
6911,102000
6912,124000
6913,140500
6914,56000
6915,58500
6916,66000
6917,63500
6918,61500
6919,96500
6920,55000
6921,87000
6922,92500
6923,76000
6924,50500
6925,112000
6926,71500
6927,72000
6928,87000
6929,93500
6930,87000
6931,118000
6932,96000
6933,102500
6934,95500
6935,76500
6936,78000
6937,95000
6938,88000
6939,97000
6940,76500
6941,599500
6942,78000
6943,81500
6944,94500
6945,85500
6946,81000
6947,101000
6948,89000
6949,90500
6950,96000
6951,61500
6952,67000
6953,44500
6954,81000
6955,103000
6956,48000
6957,835000
6958,105000
6959,79000
6960,62000
6961,105500
6962,89000
6963,77000
6964,67500
6965,47500
6966,112000
6967,109000
6968,73500
6969,74000
6970,63500
6971,53500
6972,127500
6973,114500
6974,41500
6975,358500
6976,108500
6977,40500
6978,63500
6979,68000
6980,338500
6981,89000
6982,102500
6983,110500
6984,839500
6985,57000
6986,97500
6987,109000
6988,90000
6989,57500
6990,108500
6991,674000
6992,100000
6993,89000
6994,101500
6995,117000
6996,45000
6997,82500
6998,64000
6999,96500
7000,46000
7001,73500
7002,112500
7003,124500
7004,32500
7005,110000
7006,40000
7007,30000
7008,78000
7009,64000
7010,75000
7011,61000
7012,83000
7013,97500
7014,93000
7015,130000
7016,96500
7017,121500
7018,85500
7019,97000
7020,95000
7021,88000
7022,34500
7023,132500
7024,86500
7025,59500
7026,79500
7027,89000
7028,73000
7029,765000
7030,29000
7031,51000
7032,109500
7033,126000
7034,111000
7035,77000
7036,68000
7037,113500
7038,83500
7039,134500
7040,99500
7041,97000
7042,108000
7043,102000
7044,89000
7045,86500
7046,71500
7047,114000
7048,118500
7049,60000
7050,73000
7051,94500
7052,84500
7053,117000
7054,32000
7055,105000
7056,107500
7057,105500
7058,129500
7059,111000
7060,61500
7061,110500
7062,77500
7063,60000
7064,101000
7065,112000
7066,92500
7067,744500
7068,133000
7069,828000
7070,45000
7071,72500
7072,768000
7073,53500
7074,113000
7075,55000
7076,29500
7077,872500
7078,64500
7079,59000
7080,80500
7081,841500
7082,48500
7083,87500
7084,75000
7085,80000
7086,58500
7087,84000
7088,83000
7089,80500
7090,120500
7091,130000
7092,91500
7093,74500
7094,33000
7095,101500
7096,120000
7097,83000
7098,114000
7099,63500
7100,97500
7101,89500
7102,115000
7103,294000
7104,503000
7105,91500
7106,80500
7107,133000
7108,103500
7109,68500
7110,105000
7111,48000
7112,76000
7113,58000
7114,92000
7115,117000
7116,805000
7117,101500
7118,82500
7119,103500
7120,81500
7121,67500
7122,804500
7123,115500
7124,83500
7125,25000
7126,65500
7127,72500
7128,70000
7129,60500
7130,120000
7131,103500
7132,106500
7133,80500
7134,91000
7135,83500
7136,36500
7137,41000
7138,76000
7139,106500
7140,28500
7141,873000
7142,80000
7143,93500
7144,108500
7145,104000
7146,94500
7147,103000
7148,64000
7149,86000
7150,100000
7151,131500
7152,119000
7153,828500
7154,98500
7155,117500
7156,62500
7157,49500
7158,80000
7159,72500
7160,57000
7161,65000
7162,41500
7163,103500
7164,79000
7165,88000
7166,50000
7167,79000
7168,68500
7169,66500
7170,85500
7171,77500
7172,104000
7173,28500
7174,92500
7175,74500
7176,79500
7177,117000
7178,53500
7179,77500
7180,101500
7181,130500
7182,74500
7183,86500
7184,87000
7185,81500
7186,90500
7187,37000
7188,575500
7189,91500
7190,74000
7191,75500
7192,89500
7193,92500
7194,125000
7195,70500
7196,39500
7197,53500
7198,63500
7199,82000
7200,99500
7201,115500
7202,109500
7203,127500
7204,86000
7205,62500
7206,865000
7207,66500
7208,97500
7209,60000
7210,39000
7211,118000
7212,129500
7213,93000
7214,91000
7215,347000
7216,71000
7217,84500
7218,36000
7219,75000
7220,48500
7221,100500
7222,120000
7223,51500
7224,736500
7225,128500
7226,135000
7227,87500
7228,91000
7229,752000
7230,56500
7231,34500
7232,129000
7233,93500
7234,116500
7235,129500
7236,96000
7237,108000
7238,70500
7239,899500
7240,98500
7241,83500
7242,75000
7243,52500
7244,58000
7245,94000
7246,91000
7247,110500
7248,84000
7249,103500
7250,99500
7251,61000
7252,49500
7253,39000
7254,124500
7255,87000
7256,128500
7257,71000
7258,103500
7259,43000
7260,42500
7261,38000
7262,72500
7263,740000
7264,41500
7265,65500
7266,71500
7267,64500
7268,42500
7269,83500
7270,95000
7271,87000
7272,104500
7273,79000
7274,65500
7275,42000
7276,107000
7277,98500
7278,113500
7279,39000
7280,112000
7281,126000
7282,102000
7283,101500
7284,85000
7285,99000
7286,104500
7287,86000
7288,87000
7289,134500
7290,27000
7291,75000
7292,97000
7293,103000
7294,69000
7295,119000
7296,108000
7297,70500
7298,98500
7299,87000
7300,85500
7301,79000
7302,89500
7303,93500
7304,69000
7305,95500
7306,134500
7307,54500
7308,89500
7309,80500
7310,77000
7311,99000
7312,109000
7313,528000
7314,86000
7315,68500
7316,110500
7317,66500
7318,91000
7319,868500
7320,65000
7321,290000
7322,65500
7323,86000
7324,125500
7325,59000
7326,96000
7327,74000
7328,105000
7329,22000
7330,57000
7331,68000
7332,47500
7333,113500
7334,73000
7335,71500
7336,92000
7337,78500
7338,105000
7339,109000
7340,91000
7341,60500
7342,60500
7343,100000
7344,116000
7345,85500
7346,101500
7347,505500
7348,114000
7349,109500
7350,118500
7351,55500
7352,852500
7353,127500
7354,73000
7355,109000
7356,45500
7357,125500
7358,125000
7359,119000
7360,132500
7361,75500
7362,80000
7363,82000
7364,91500
7365,49000
7366,62500
7367,95500
7368,61500
7369,98500
7370,69000
7371,129000
7372,134500
7373,106500
7374,56000
7375,77000
7376,41000
7377,66000
7378,75500
7379,116500
7380,127000
7381,889000
7382,115500
7383,111500
7384,85000
7385,71500
7386,81000
7387,67500
7388,103500
7389,66000
7390,75000
7391,51500
7392,98500
7393,84000
7394,40000
7395,87500
7396,20000
7397,122500
7398,81500
7399,129500
7400,73500
7401,821500
7402,238000
7403,55000
7404,711000
7405,97500
7406,124500
7407,33000
7408,80000
7409,133500
7410,88500
7411,88500
7412,59500
7413,64000
7414,122500
7415,93000
7416,45500
7417,104000
7418,73000
7419,72500
7420,71500
7421,100000
7422,73000
7423,133500
7424,67000
7425,92500
7426,64500
7427,105000
7428,119000
7429,32500
7430,103500
7431,72500
7432,777000
7433,91500
7434,330500
7435,121000
7436,72000
7437,86500
7438,31000
7439,120500
7440,106500
7441,52500
7442,89000
7443,53000
7444,114500
7445,70000
7446,114000
7447,79000
7448,102500
7449,117000
7450,105000
7451,79500
7452,90000
7453,50500
7454,62000
7455,70500
7456,105500
7457,96500
7458,60500
7459,228000
7460,79000
7461,103500
7462,129500
7463,105500
7464,78000
7465,104500
7466,77500
7467,96000
7468,109500
7469,130000
7470,123000
7471,91000
7472,114500
7473,83000
7474,65500
7475,94000
7476,70000
7477,122000
7478,24000
7479,53000
7480,91500
7481,123000
7482,99500
7483,92500
7484,86500
7485,41500
7486,72500
7487,108500
7488,102000
7489,63000
7490,100000
7491,100000
7492,91000
7493,72000
7494,893500
7495,94500
7496,52000
7497,73000
7498,109500
7499,87000
7500,65500
7501,93500
7502,78000
7503,103500
7504,82500
7505,79000
7506,129500
7507,99000
7508,105000
7509,62500
7510,131500
7511,85000
7512,93000
7513,55500
7514,113500
7515,79000
7516,70500
7517,105500
7518,93000
7519,59500
7520,61500
7521,85500
7522,85000
7523,97500
7524,73000
7525,102000
7526,101500
7527,123500
7528,50000
7529,95500
7530,87000
7531,82500
7532,71500
7533,72500
7534,92500
7535,109000
7536,82500
7537,895000
7538,107000
7539,45500
7540,78000
7541,86500
7542,101000
7543,42500
7544,84000
7545,72000
7546,81000
7547,100000
7548,104500
7549,45000
7550,102000
7551,95500
7552,595500
7553,96000
7554,114000
7555,48500
7556,95000
7557,109000
7558,73500
7559,86000
7560,82000
7561,93000
7562,51000
7563,90500
7564,82500
7565,89000
7566,77500
7567,84000
7568,74000
7569,92500
7570,120000
7571,76000
7572,64000
7573,60500
7574,85500
7575,68000
7576,151000
7577,101000
7578,560000
7579,84500
7580,123500
7581,82000
7582,60000
7583,122000
7584,736500
7585,109000
7586,128500
7587,74000
7588,128000
7589,72500
7590,88000
7591,97000
7592,115000
7593,79000
7594,65500
7595,176500
7596,89500
7597,85500
7598,23500
7599,93500
7600,121000
7601,516000
7602,111500
7603,70500
7604,61500
7605,98000
7606,97000
7607,114000
7608,63000
7609,98000
7610,90500
7611,98500
7612,63500
7613,50000
7614,83000
7615,68500
7616,93000
7617,27000
7618,95500
7619,68500
7620,102000
7621,84000
7622,86000
7623,64500
7624,110000
7625,79000
7626,31000
7627,76500
7628,93000
7629,110000
7630,71500
7631,101500
7632,75500
7633,75500
7634,127500
7635,90500
7636,69000
7637,71500
7638,748500
7639,521500
7640,72500
7641,86000
7642,96500
7643,121500
7644,83000
7645,100500
7646,104500
7647,244000
7648,110000
7649,124000
7650,80000
7651,68000
7652,61000
7653,104000
7654,103500
7655,80000
7656,90000
7657,72000
7658,103000
7659,81000
7660,70500
7661,104500
7662,337000
7663,197000
7664,92500
7665,49500
7666,73500
7667,100000
7668,54500
7669,221500
7670,42000
7671,72500
7672,77000
7673,92000
7674,65000
7675,67000
7676,110000
7677,96000
7678,83000
7679,818000
7680,128500
7681,118000
7682,94500
7683,90500
7684,128500
7685,108500
7686,89000
7687,69500
7688,111000
7689,86000
7690,38000
7691,54000
7692,95000
7693,805500
7694,525500
7695,106500
7696,103500
7697,100000
7698,28500
7699,66000
7700,90000
7701,51000
7702,89000
7703,64500
7704,71000
7705,85500
7706,695500
7707,70500
7708,76500
7709,101000
7710,101500
7711,81000
7712,47000
7713,91000
7714,888500
7715,116000
7716,71500
7717,130500
7718,106000
7719,120000
7720,89000
7721,621000
7722,88000
7723,122000
7724,101500
7725,115000
7726,52000
7727,83500
7728,114000
7729,102500
7730,45000
7731,116500
7732,113000
7733,61000
7734,94500
7735,113500
7736,84000
7737,95000
7738,73500
7739,56500
7740,93000
7741,71500
7742,69500
7743,74500
7744,89500
7745,41000
7746,71000
7747,83000
7748,84000
7749,74500
7750,86000
7751,72000
7752,127000
7753,74000
7754,124000
7755,106000
7756,379500
7757,17000
7758,92000
7759,62500
7760,64500
7761,110500
7762,58500
7763,94000
7764,76000
7765,84000
7766,97000
7767,86000
7768,78500
7769,47000
7770,72500
7771,104500
7772,89500
7773,87000
7774,132500
7775,45000
7776,134500
7777,129500
7778,82000
7779,111500
7780,657500
7781,94000
7782,92000
7783,844000
7784,122000
7785,117500
7786,35000
7787,123500
7788,122000
7789,70500
7790,93000
7791,65000
7792,110000
7793,91500
7794,69500
7795,118000
7796,98000
7797,97500
7798,72000
7799,104000
7800,89500
7801,118500
7802,72500
7803,38500
7804,80000
7805,85500
7806,66500
7807,90500
7808,56500
7809,76000
7810,55000
7811,63500
7812,15500
7813,89500
7814,102500
7815,111500
7816,92500
7817,96500
7818,124500
7819,63500
7820,55000
7821,95000
7822,112000
7823,24000
7824,85500
7825,91000
7826,107500
7827,70000
7828,83000
7829,120000
7830,797500
7831,71500
7832,104500
7833,65000
7834,67500
7835,119000
7836,119500
7837,85000
7838,92000
7839,97500
7840,93000
7841,29000
7842,126000
7843,100500
7844,79000
7845,91000
7846,51500
7847,80500
7848,77500
7849,705500
7850,103500
7851,63500
7852,89500
7853,53000
7854,122500
7855,94000
7856,46500
7857,39500
7858,75000
7859,82000
7860,766500
7861,76500
7862,64500
7863,73500
7864,48500
7865,768000
7866,106000
7867,71500
7868,356500
7869,122000
7870,504500
7871,98000
7872,106500
7873,101500
7874,80000
7875,120500
7876,107000
7877,94000
7878,64500
7879,98500
7880,82000
7881,88000
7882,366500
7883,68500
7884,102000
7885,76500
7886,39500
7887,97000
7888,81000
7889,76000
7890,60000
7891,89500
7892,115000
7893,94500
7894,21500
7895,112000
7896,117500
7897,134500
7898,111500
7899,390000
7900,95500
7901,58000
7902,90500
7903,98000
7904,864500
7905,79000
7906,48500
7907,110500
7908,108000
7909,77500
7910,68000
7911,73000
7912,134000
7913,62000
7914,60500
7915,128500
7916,97000
7917,68000
7918,43000
7919,91000
7920,99500
7921,62500
7922,66000
7923,53500
7924,58500
7925,83500
7926,819000
7927,106500
7928,129000
7929,118500
7930,120000
7931,60000
7932,116000
7933,60500
7934,99500
7935,765500
7936,616500
7937,88500
7938,66000
7939,93000
7940,31500
7941,97000
7942,77000
7943,130000
7944,269000
7945,112500
7946,92500
7947,105500
7948,123500
7949,73500
7950,104000
7951,121500
7952,700000
7953,68000
7954,105500
7955,33000
7956,101000
7957,106500
7958,61500
7959,102500
7960,94000
7961,113000
7962,120500
7963,121500
7964,57000
7965,91000
7966,51500
7967,59000
7968,95500
7969,97500
7970,44500
7971,84500
7972,52000
7973,96500
7974,74000
7975,101500
7976,122000
7977,69000
7978,63500
7979,124000
7980,23500
7981,75000
7982,125500
7983,70000
7984,44000
7985,47000
7986,82500
7987,39000
7988,93000
7989,58000
7990,78500
7991,22000
7992,92500
7993,56000
7994,91000
7995,111000
7996,32500
7997,110000
7998,126000
7999,103500
8000,825000
8001,123500
8002,623500
8003,116000
8004,63500
8005,93000
8006,75000
8007,113500
8008,105500
8009,115000
8010,525000
8011,62000
8012,94000
8013,74000
8014,102000
8015,133000
8016,556500
8017,95000
8018,102000
8019,46000
8020,104500
8021,116500
8022,102500
8023,92000
8024,822500
8025,115000
8026,101500
8027,133000
8028,54500
8029,88000
8030,110000
8031,90000
8032,81500
8033,85000
8034,77500
8035,103000
8036,111000
8037,84000
8038,113000
8039,40500
8040,120500
8041,58500
8042,77000
8043,108000
8044,75000
8045,78500
8046,103000
8047,89500
8048,99000
8049,78000
8050,85000
8051,108000
8052,82500
8053,130000
8054,63500
8055,78000
8056,100500
8057,101000
8058,85500
8059,40000
8060,61500
8061,127500
8062,50500
8063,83000
8064,120000
8065,103500
8066,107500
8067,43500
8068,73500
8069,42500
8070,75500
8071,91500
8072,42500
8073,48500
8074,56500
8075,97500
8076,108000
8077,44500
8078,32500
8079,24500
8080,244500
8081,65000
8082,75500
8083,86000
8084,69500
8085,100000
8086,102500
8087,81000
8088,117500
8089,64000
8090,58000
8091,69000
8092,62000
8093,34000
8094,71000
8095,92000
8096,44000
8097,100000
8098,71000
8099,55000
8100,95000
8101,57000
8102,70000
8103,100000
8104,75000
8105,84500
8106,873000
8107,26000
8108,92000
8109,121000
8110,63500
8111,82500
8112,79500
8113,122500
8114,129500
8115,91000
8116,226000
8117,88000
8118,202500
8119,128000
8120,85500
8121,70000
8122,105500
8123,52000
8124,111000
8125,563000
8126,63000
8127,93000
8128,101000
8129,61000
8130,58000
8131,100000
8132,87500
8133,96000
8134,36000
8135,84500
8136,80000
8137,85000
8138,15500
8139,233000
8140,523000
8141,92000
8142,59500
8143,102500
8144,81000
8145,84000
8146,81500
8147,62500
8148,106500
8149,61500
8150,776500
8151,96500
8152,71000
8153,65500
8154,50000
8155,44000
8156,98000
8157,99500
8158,111500
8159,91500
8160,47500
8161,92500
8162,84500
8163,68500
8164,63500
8165,58000
8166,72000
8167,75000
8168,100500
8169,225500
8170,80500
8171,46500
8172,55000
8173,110500
8174,637000
8175,54500
8176,83500
8177,99500
8178,40500
8179,712500
8180,110000
8181,53000
8182,53000
8183,30500
8184,101000
8185,50000
8186,80500
8187,32500
8188,92500
8189,74000
8190,74500
8191,89000
8192,55500
8193,92500
8194,55500
8195,86000
8196,84500
8197,57500
8198,791000
8199,63500
8200,113500
8201,792500
8202,545500
8203,74500
8204,69500
8205,133500
8206,111500
8207,91500
8208,31500
8209,89500
8210,63500
8211,67000
8212,85500
8213,94000
8214,76500
8215,102000
8216,109000
8217,510500
8218,124500
8219,80500
8220,83500
8221,106000
8222,82000
8223,118000
8224,109500
8225,76500
8226,73000
8227,90000
8228,83500
8229,75000
8230,66500
8231,15500
8232,80500
8233,92500
8234,69500
8235,48000
8236,75500
8237,85500
8238,91000
8239,57000
8240,104000
8241,71000
8242,98000
8243,89000
8244,82000
8245,104000
8246,79000
8247,128000
8248,163000
8249,84500
8250,85000
8251,109500
8252,102000
8253,122000
8254,69000
8255,79000
8256,96000
8257,784000
8258,48000
8259,97000
8260,96000
8261,114500
8262,49500
8263,119500
8264,107000
8265,77500
8266,83000
8267,48500
8268,92000
8269,68500
8270,34000
8271,393500
8272,120000
8273,22500
8274,87500
8275,95000
8276,130500
8277,96000
8278,66500
8279,57000
8280,99000
8281,115000
8282,110000
8283,53000
8284,86500
8285,36000
8286,94000
8287,81500
8288,78500
8289,121500
8290,76500
8291,80500
8292,120000
8293,121500
8294,58500
8295,56000
8296,656500
8297,66000
8298,66000
8299,657000
8300,804500
8301,99000
8302,85000
8303,737500
8304,76000
8305,114500
8306,57000
8307,112500
8308,116500
8309,61000
8310,90000
8311,118500
8312,75000
8313,106000
8314,868500
8315,63000
8316,53000
8317,98500
8318,92500
8319,105500
8320,88500
8321,115500
8322,93500
8323,86500
8324,102500
8325,82000
8326,88000
8327,115500
8328,89000
8329,34500
8330,74500
8331,531500
8332,118500
8333,61000
8334,91000
8335,87500
8336,115500
8337,71500
8338,97000
8339,63500
8340,87000
8341,85500
8342,101000
8343,25500
8344,61500
8345,84500
8346,23500
8347,119500
8348,64500
8349,101500
8350,102500
8351,79500
8352,115500
8353,97500
8354,101000
8355,130000
8356,124500
8357,116500
8358,85500
8359,113500
8360,104000
8361,93000
8362,90500
8363,644500
8364,82500
8365,92500
8366,68000
8367,701500
8368,114500
8369,51500
8370,120500
8371,57500
8372,50000
8373,54000
8374,110500
8375,55000
8376,80500
8377,267500
8378,100000
8379,80500
8380,88500
8381,47000
8382,103500
8383,79500
8384,99500
8385,354000
8386,113000
8387,39500
8388,81500
8389,89000
8390,87000
8391,107500
8392,77500
8393,77000
8394,88500
8395,64000
8396,99000
8397,87000
8398,72000
8399,87000
8400,64000
8401,100500
8402,122500
8403,114000
8404,75500
8405,104500
8406,97000
8407,785000
8408,101500
8409,106500
8410,60500
8411,120000
8412,114500
8413,93000
8414,57000
8415,90500
8416,131500
8417,99000
8418,118000
8419,103000
8420,95500
8421,511000
8422,118000
8423,75000
8424,21000
8425,119500
8426,101500
8427,114500
8428,68000
8429,119500
8430,92500
8431,75500
8432,51500
8433,90500
8434,69000
8435,127500
8436,101500
8437,54500
8438,111500
8439,73500
8440,95500
8441,111000
8442,81500
8443,97500
8444,76500
8445,262000
8446,71500
8447,74000
8448,106500
8449,400000
8450,115000
8451,102000
8452,84000
8453,71500
8454,121000
8455,83500
8456,117000
8457,74000
8458,50500
8459,76500
8460,114500
8461,76000
8462,110500
8463,99000
8464,89500
8465,78000
8466,61500
8467,119000
8468,67000
8469,128000
8470,77500
8471,121500
8472,111500
8473,75000
8474,127500
8475,90500
8476,84500
8477,97500
8478,106500
8479,96500
8480,124500
8481,88500
8482,90500
8483,97000
8484,44000
8485,101000
8486,94500
8487,74500
8488,93500
8489,110500
8490,840500
8491,82000
8492,89000
8493,83500
8494,112500
8495,842500
8496,93500
8497,75000
8498,44500
8499,41500
8500,54500
8501,99000
8502,46500
8503,647500
8504,507000
8505,121500
8506,103000
8507,75000
8508,48000
8509,110000
8510,85000
8511,75000
8512,99000
8513,131500
8514,53500
8515,97000
8516,49000
8517,95500
8518,92000
8519,561000
8520,109500
8521,63500
8522,119500
8523,52500
8524,82000
8525,106500
8526,92500
8527,132500
8528,101500
8529,75000
8530,101500
8531,55500
8532,56500
8533,81000
8534,114500
8535,81500
8536,121500
8537,548500
8538,40000
8539,86500
8540,80000
8541,65500
8542,102500
8543,116500
8544,129500
8545,42000
8546,53000
8547,111000
8548,67500
8549,78000
8550,93000
8551,106500
8552,95500
8553,83000
8554,70000
8555,86000
8556,76000
8557,99500
8558,83500
8559,75500
8560,61500
8561,68500
8562,93000
8563,82000
8564,71000
8565,113000
8566,73500
8567,54500
8568,39000
8569,51000
8570,78000
8571,118000
8572,59000
8573,76000
8574,72500
8575,84500
8576,81000
8577,103500
8578,91000
8579,120000
8580,76000
8581,83500
8582,21500
8583,52000
8584,55000
8585,50500
8586,131500
8587,51500
8588,76500
8589,106500
8590,113000
8591,122000
8592,704500
8593,50000
8594,122500
8595,55500
8596,97500
8597,112500
8598,28000
8599,122000
8600,66000
8601,110500
8602,99500
8603,74500
8604,53500
8605,106500
8606,100000
8607,86000
8608,112000
8609,127000
8610,90000
8611,110000
8612,96500
8613,125500
8614,36500
8615,120500
8616,55500
8617,51500
8618,120500
8619,96000
8620,103500
8621,90500
8622,93500
8623,101000
8624,81000
8625,112500
8626,39000
8627,43500
8628,80500
8629,106000
8630,95500
8631,66000
8632,94000
8633,730000
8634,38500
8635,49500
8636,85000
8637,51500
8638,717000
8639,75500
8640,173000
8641,75000
8642,120000
8643,67000
8644,85000
8645,65000
8646,84000
8647,96500
8648,88500
8649,109000
8650,107000
8651,111000
8652,100500
8653,133500
8654,753500
8655,81000
8656,116000
8657,63500
8658,113500
8659,99000
8660,130000
8661,122000
8662,55500
8663,90000
8664,512500
8665,84500
8666,66500
8667,81000
8668,677000
8669,90000
8670,515000
8671,63500
8672,106000
8673,112000
8674,49000
8675,98500
8676,96000
8677,66500
8678,79500
8679,77500
8680,119500
8681,75500
8682,70500
8683,23000
8684,100000
8685,116000
8686,58500
8687,107500
8688,90500
8689,126000
8690,78000
8691,68000
8692,118500
8693,108500
8694,69000
8695,52000
8696,133500
8697,100500
8698,73500
8699,98500
8700,68500
8701,87000
8702,116500
8703,55500
8704,96500
8705,82500
8706,112500
8707,127000
8708,508000
8709,77000
8710,69500
8711,52500
8712,60500
8713,122000
8714,80000
8715,73000
8716,79000
8717,77000
8718,90500
8719,96000
8720,100500
8721,99500
8722,71000
8723,85000
8724,28500
8725,652000
8726,95500
8727,62500
8728,669000
8729,46500
8730,95000
8731,91000
8732,75500
8733,639000
8734,80000
8735,107500
8736,65000
8737,120500
8738,71500
8739,82000
8740,56500
8741,112500
8742,104500
8743,79500
8744,78500
8745,108500
8746,87000
8747,103000
8748,67500
8749,81000
8750,91500
8751,668000
8752,79500
8753,91000
8754,51000
8755,62000
8756,127000
8757,120000
8758,110500
8759,55500
8760,92000
8761,84500
8762,54500
8763,87000
8764,119500
8765,52000
8766,102000
8767,82000
8768,73500
8769,69000
8770,296500
8771,86500
8772,81000
8773,71500
8774,68000
8775,41500
8776,70500
8777,52500
8778,97500
8779,70000
8780,67000
8781,85000
8782,394000
8783,529500
8784,104000
8785,130000
8786,103000
8787,106500
8788,110000
8789,113500
8790,105000
8791,320000
8792,114500
8793,116000
8794,59500
8795,69000
8796,83000
8797,104000
8798,630500
8799,22500
8800,92000
8801,96000
8802,879500
8803,693500
8804,37000
8805,76000
8806,65500
8807,130500
8808,87000
8809,57500
8810,100000
8811,119000
8812,645000
8813,109000
8814,239500
8815,96000
8816,65500
8817,114500
8818,889500
8819,109500
8820,62000
8821,532000
8822,61500
8823,655000
8824,64500
8825,89000
8826,88500
8827,105000
8828,18000
8829,114500
8830,98000
8831,60500
8832,684000
8833,81000
8834,50500
8835,89000
8836,109500
8837,49500
8838,43500
8839,30500
8840,109000
8841,105000
8842,108500
8843,52000
8844,134000
8845,108000
8846,121000
8847,98500
8848,78500
8849,122500
8850,90500
8851,39500
8852,107000
8853,72000
8854,76500
8855,115500
8856,52500
8857,61500
8858,78500
8859,80000
8860,134500
8861,29500
8862,60000
8863,114500
8864,106500
8865,110000
8866,112500
8867,49500
8868,352000
8869,96500
8870,117000
8871,129000
8872,83500
8873,86000
8874,80500
8875,109000
8876,61500
8877,62000
8878,91500
8879,80000
8880,69500
8881,36500
8882,79500
8883,78500
8884,117000
8885,117000
8886,23000
8887,91500
8888,20500
8889,107500
8890,57500
8891,41500
8892,91000
8893,124500
8894,97000
8895,102000
8896,86500
8897,78000
8898,74500
8899,83500
8900,119000
8901,118000
8902,85500
8903,76500
8904,107500
8905,101500
8906,78000
8907,58500
8908,120000
8909,114000
8910,67000
8911,102500
8912,800000
8913,87000
8914,118000
8915,77000
8916,40500
8917,110000
8918,80000
8919,64500
8920,75000
8921,523000
8922,769000
8923,23500
8924,98000
8925,125000
8926,92500
8927,86000
8928,72000
8929,122500
8930,47500
8931,52000
8932,58500
8933,96000
8934,110000
8935,115500
8936,111000
8937,81500
8938,109000
8939,86000
8940,64000
8941,44500
8942,119000
8943,114500
8944,32500
8945,56000
8946,83000
8947,98500
8948,89000
8949,101000
8950,16500
8951,55500
8952,31500
8953,90000
8954,96000
8955,30500
8956,94500
8957,114500
8958,97500
8959,108000
8960,111500
8961,43000
8962,115000
8963,96500
8964,92500
8965,128500
8966,165500
8967,129000
8968,63000
8969,129000
8970,85500
8971,98500
8972,133500
8973,90000
8974,116500
8975,538500
8976,723500
8977,99000
8978,117500
8979,71000
8980,99500
8981,117000
8982,77500
8983,101500
8984,287500
8985,116000
8986,78000
8987,101500
8988,119000
8989,40000
8990,88000
8991,64000
8992,118500
8993,79500
8994,92500
8995,91500
8996,44000
8997,65000
8998,122500
8999,71500
9000,56000
9001,130500
9002,113500
9003,82500
9004,97000
9005,89500
9006,117000
9007,595000
9008,50000
9009,96500
9010,102000
9011,118000
9012,87500
9013,114500
9014,110000
9015,744000
9016,91500
9017,16500
9018,73500
9019,100500
9020,90000
9021,103500
9022,40000
9023,134000
9024,101500
9025,124000
9026,131500
9027,671500
9028,84500
9029,112000
9030,106500
9031,65000
9032,111500
9033,111500
9034,183500
9035,719500
9036,66000
9037,53500
9038,55500
9039,775000
9040,59500
9041,104000
9042,57500
9043,22500
9044,88500
9045,95000
9046,59500
9047,107000
9048,26500
9049,93500
9050,61500
9051,91000
9052,107000
9053,127000
9054,48500
9055,93000
9056,90500
9057,96000
9058,109500
9059,798000
9060,92000
9061,102000
9062,45500
9063,760500
9064,35000
9065,56500
9066,67000
9067,123500
9068,72000
9069,66000
9070,79000
9071,97500
9072,39000
9073,55500
9074,860500
9075,54500
9076,35500
9077,118500
9078,114500
9079,51500
9080,64500
9081,63500
9082,391500
9083,93000
9084,126000
9085,810000
9086,86000
9087,123000
9088,103000
9089,117500
9090,83500
9091,67500
9092,83500
9093,52000
9094,107000
9095,115000
9096,87000
9097,86000
9098,44500
9099,77000
9100,820500
9101,159500
9102,53000
9103,63000
9104,94500
9105,134000
9106,77000
9107,120000
9108,65000
9109,113000
9110,63500
9111,93500
9112,70500
9113,73000
9114,62000
9115,95000
9116,113500
9117,72500
9118,87500
9119,110000
9120,101000
9121,120000
9122,49500
9123,107000
9124,81000
9125,42500
9126,102500
9127,70500
9128,87000
9129,79500
9130,91000
9131,109000
9132,24500
9133,59500
9134,133000
9135,42000
9136,69000
9137,96000
9138,115000
9139,85500
9140,77000
9141,90500
9142,269000
9143,73000
9144,83000
9145,89500
9146,40000
9147,104500
9148,134000
9149,97500
9150,109500
9151,133500
9152,127000
9153,87500
9154,99500
9155,105000
9156,77500
9157,62500
9158,65500
9159,81500
9160,79000
9161,116500
9162,54500
9163,91500
9164,92000
9165,31000
9166,77000
9167,36000
9168,62000
9169,88000
9170,81500
9171,870500
9172,107500
9173,125500
9174,72000
9175,105000
9176,100500
9177,89000
9178,92500
9179,107500
9180,95000
9181,66500
9182,110000
9183,90000
9184,85000
9185,51000
9186,65500
9187,46000
9188,47000
9189,100500
9190,27000
9191,182000
9192,55000
9193,75000
9194,76500
9195,106500
9196,90000
9197,79500
9198,111000
9199,81000
9200,93000
9201,110000
9202,132000
9203,74000
9204,86000
9205,99500
9206,92500
9207,120500
9208,92000
9209,95500
9210,107500
9211,79000
9212,98000
9213,66000
9214,61500
9215,109500
9216,85500
9217,262000
9218,100500
9219,105500
9220,127000
9221,77000
9222,117500
9223,64500
9224,127500
9225,73500
9226,624500
9227,40000
9228,71000
9229,45500
9230,64000
9231,100000
9232,83500
9233,101500
9234,112000
9235,64000
9236,248500
9237,18000
9238,105000
9239,80000
9240,68500
9241,86000
9242,132000
9243,43500
9244,84000
9245,213000
9246,96500
9247,81500
9248,102500
9249,88500
9250,133000
9251,83500
9252,707500
9253,83500
9254,62500
9255,80500
9256,131000
9257,79500
9258,106000
9259,92000
9260,68000
9261,54500
9262,98000
9263,71000
9264,54000
9265,115500
9266,73500
9267,774500
9268,61000
9269,40000
9270,644000
9271,90000
9272,88000
9273,94000
9274,54000
9275,67500
9276,45500
9277,656500
9278,90000
9279,101000
9280,505000
9281,86000
9282,100500
9283,63000
9284,94500
9285,96000
9286,68500
9287,37500
9288,88500
9289,37500
9290,44500
9291,76000
9292,110500
9293,110500
9294,63500
9295,78500
9296,110000
9297,866500
9298,123000
9299,74000
9300,68000
9301,51000
9302,89000
9303,100000
9304,672500
9305,69000
9306,71000
9307,84000
9308,52500
9309,85500
9310,116500
9311,607500
9312,51500
9313,96000
9314,57000
9315,122000
9316,86000
9317,49500
9318,114000
9319,30000
9320,90000
9321,80500
9322,217000
9323,21500
9324,112000
9325,65000
9326,81000
9327,112500
9328,75500
9329,83500
9330,97000
9331,109000
9332,64500
9333,94000
9334,301000
9335,123500
9336,91500
9337,83500
9338,359000
9339,69500
9340,114000
9341,89000
9342,80000
9343,67000
9344,71500
9345,124000
9346,25000
9347,60500
9348,72500
9349,31500
9350,129500
9351,94000
9352,102000
9353,95000
9354,123500
9355,868000
9356,83000
9357,94000
9358,109000
9359,85000
9360,846500
9361,105500
9362,107000
9363,100500
9364,83000
9365,131500
9366,66500
9367,645000
9368,122000
9369,75000
9370,77500
9371,75500
9372,109500
9373,103000
9374,43000
9375,550000
9376,89000
9377,73500
9378,69500
9379,859000
9380,504000
9381,85500
9382,114500
9383,59000
9384,128500
9385,62500
9386,71000
9387,95500
9388,123000
9389,102500
9390,50500
9391,114000
9392,66000
9393,103000
9394,97500
9395,56000
9396,94500
9397,109500
9398,120500
9399,36500
9400,114500
9401,67500
9402,74500
9403,75000
9404,115500
9405,70000
9406,84500
9407,97000
9408,74000
9409,100000
9410,212500
9411,118500
9412,100000
9413,83500
9414,866000
9415,65500
9416,114000
9417,25000
9418,118500
9419,91500
9420,46000
9421,83500
9422,122500
9423,120000
9424,64000
9425,96500
9426,116000
9427,92500
9428,108500
9429,83500
9430,755000
9431,109500
9432,43500
9433,704500
9434,67500
9435,127500
9436,77000
9437,130500
9438,98500
9439,95500
9440,74500
9441,98500
9442,102500
9443,99000
9444,61000
9445,101500
9446,66500
9447,97500
9448,79000
9449,83000
9450,82500
9451,110500
9452,109000
9453,99000
9454,83500
9455,110500
9456,87000
9457,68000
9458,57500
9459,855000
9460,65500
9461,23500
9462,103000
9463,114500
9464,94500
9465,94000
9466,62500
9467,84500
9468,73000
9469,84500
9470,94000
9471,80500
9472,76500
9473,34500
9474,63500
9475,126000
9476,51000
9477,99500
9478,84000
9479,751500
9480,112500
9481,117000
9482,110500
9483,86500
9484,76500
9485,84000
9486,52500
9487,93000
9488,123500
9489,124500
9490,105500
9491,75500
9492,128000
9493,108500
9494,84500
9495,23500
9496,58500
9497,601000
9498,675500
9499,96500
9500,86000
9501,88500
9502,64000
9503,86500
9504,68500
9505,98000
9506,94500
9507,99000
9508,90500
9509,85000
9510,87500
9511,75000
9512,89500
9513,133000
9514,82000
9515,46500
9516,84500
9517,93500
9518,70000
9519,104500
9520,726000
9521,131500
9522,110000
9523,48000
9524,109500
9525,93000
9526,127500
9527,81000
9528,93000
9529,88500
9530,120000
9531,84000
9532,93500
9533,92000
9534,95000
9535,98000
9536,39500
9537,71500
9538,61000
9539,62000
9540,93500
9541,85000
9542,52000
9543,130000
9544,115000
9545,81500
9546,69500
9547,112000
9548,749000
9549,97500
9550,65000
9551,128500
9552,72000
9553,74500
9554,108500
9555,121000
9556,202000
9557,80500
9558,56000
9559,818500
9560,76000
9561,132000
9562,95000
9563,85500
9564,625000
9565,91000
9566,119000
9567,121000
9568,33500
9569,74000
9570,73500
9571,127500
9572,117000
9573,107000
9574,105000
9575,69000
9576,84000
9577,247000
9578,62000
9579,67000
9580,127000
9581,100000
9582,97000
9583,63500
9584,85500
9585,107000
9586,64500
9587,799500
9588,116500
9589,117000
9590,71500
9591,95000
9592,61500
9593,679500
9594,80000
9595,99000
9596,75000
9597,116000
9598,77000
9599,762500
9600,35000
9601,126000
9602,122500
9603,95500
9604,122000
9605,47500
9606,117000
9607,64500
9608,67000
9609,67000
9610,69000
9611,23500
9612,108000
9613,130500
9614,57000
9615,723000
9616,59000
9617,100500
9618,104000
9619,33500
9620,85000
9621,77000
9622,46000
9623,115500
9624,43500
9625,112000
9626,73500
9627,66500
9628,91500
9629,35000
9630,109000
9631,47000
9632,114500
9633,103000
9634,37000
9635,88500
9636,69500
9637,114000
9638,62000
9639,99500
9640,107000
9641,80000
9642,23000
9643,90000
9644,98000
9645,852500
9646,95500
9647,69000
9648,79000
9649,62500
9650,23500
9651,88500
9652,76500
9653,561500
9654,823000
9655,124500
9656,89000
9657,109500
9658,75000
9659,122500
9660,75000
9661,54000
9662,95500
9663,56000
9664,76000
9665,120500
9666,112500
9667,74500
9668,59500
9669,92500
9670,65000
9671,101000
9672,28000
9673,64500
9674,127500
9675,57500
9676,75000
9677,53000
9678,73500
9679,90000
9680,717500
9681,104000
9682,57000
9683,55500
9684,41500
9685,97500
9686,91500
9687,94500
9688,109500
9689,558000
9690,73000
9691,113500
9692,121500
9693,88000
9694,82000
9695,99000
9696,78500
9697,99000
9698,106500
9699,130500
9700,67000
9701,119500
9702,675000
9703,111000
9704,54500
9705,99000
9706,69000
9707,102500
9708,87000
9709,93000
9710,117000
9711,59000
9712,881000
9713,65500
9714,109000
9715,77000
9716,808000
9717,67000
9718,123500
9719,597000
9720,97000
9721,85000
9722,97500
9723,49500
9724,820000
9725,87000
9726,94500
9727,111000
9728,58000
9729,32500
9730,88500
9731,63500
9732,112500
9733,96500
9734,95500
9735,78000
9736,64000
9737,53000
9738,85500
9739,128500
9740,73500
9741,62500
9742,122000
9743,99000
9744,73000
9745,86000
9746,89500
9747,75500
9748,78500
9749,101500
9750,91500
9751,563000
9752,63500
9753,85500
9754,84000
9755,95000
9756,879000
9757,76500
9758,54000
9759,88500
9760,90000
9761,67000
9762,88000
9763,103000
9764,126500
9765,83000
9766,124500
9767,82500
9768,114500
9769,57500
9770,103500
9771,100000
9772,77000
9773,65000
9774,77500
9775,76500
9776,109000
9777,100500
9778,99500
9779,52000
9780,680000
9781,652000
9782,79500
9783,110000
9784,854000
9785,110000
9786,127500
9787,34000
9788,69500
9789,50500
9790,41000
9791,45000
9792,43000
9793,123500
9794,53000
9795,60500
9796,96500
9797,99500
9798,87000
9799,85000
9800,99000
9801,73500
9802,16500
9803,128500
9804,121500
9805,28000
9806,94500
9807,117500
9808,64500
9809,128000
9810,105500
9811,35500
9812,24000
9813,70500
9814,123000
9815,86500
9816,46000
9817,89500
9818,92500
9819,46500
9820,73500
9821,113500
9822,113500
9823,117000
9824,76500
9825,75000
9826,591000
9827,90000
9828,108500
9829,75500
9830,50500
9831,73500
9832,134000
9833,101500
9834,44000
9835,92000
9836,73500
9837,808500
9838,697500
9839,59500
9840,57000
9841,65000
9842,74500
9843,94000
9844,78500
9845,104000
9846,500000
9847,52000
9848,134000
9849,94000
9850,78000
9851,93000
9852,608000
9853,23500
9854,589000
9855,121000
9856,38500
9857,80500
9858,82000
9859,90500
9860,84000
9861,82000
9862,637000
9863,65000
9864,76500
9865,689500
9866,79000
9867,67000
9868,52000
9869,114500
9870,114000
9871,81500
9872,116500
9873,46500
9874,35000
9875,90000
9876,127000
9877,60500
9878,42500
9879,84000
9880,94000
9881,732500
9882,82000
9883,91500
9884,115000
9885,58500
9886,70500
9887,64500
9888,68000
9889,69500
9890,529000
9891,91000
9892,526500
9893,111000
9894,86500
9895,117500
9896,69500
9897,128000
9898,83000
9899,112500
9900,95000
9901,35500
9902,81500
9903,122500
9904,129000
9905,89000
9906,90000
9907,642000
9908,31000
9909,121500
9910,23000
9911,120000
9912,68500
9913,61500
9914,40000
9915,76500
9916,56500
9917,70500
9918,122500
9919,104500
9920,101000
9921,107000
9922,115500
9923,101500
9924,102000
9925,63500
9926,864500
9927,101500
9928,67500
9929,78000
9930,108500
9931,67000
9932,110000
9933,73500
9934,129000
9935,58000
9936,67500
9937,81500
9938,89000
9939,99000
9940,60000
9941,64500
9942,105500
9943,72500
9944,72500
9945,85000
9946,93500
9947,96000
9948,603500
9949,107500
9950,109500
9951,775500
9952,115000
9953,102500
9954,57000
9955,870500
9956,47500
9957,105500
9958,85000
9959,100000
9960,49500
9961,83500
9962,125500
9963,111500
9964,49000
9965,88000
9966,105000
9967,625000
9968,100000
9969,100000
9970,53000
9971,59500
9972,60500
9973,93000
9974,42000
9975,123000
9976,121500
9977,79000
9978,61500
9979,113000
9980,755500
9981,120500
9982,108500
9983,47000
9984,35500
9985,123500
9986,113000
9987,62500
9988,107000
9989,74500
9990,188500
9991,72500
9992,54000
9993,74500
9994,78000
9995,106500
9996,54500
9997,843500
9998,127500
9999,105000
10000,593000
