taskId,lengthMI
1,95000
2,772000
3,102000
4,599000
5,99000
6,117500
7,102500
8,117500
9,67000
10,128500
11,103000
12,76000
13,90500
14,59500
15,67000
16,114000
17,118500
18,80500
19,28500
20,57500
21,109000
22,100000
23,101000
24,856500
25,873500
26,53500
27,77500
28,97000
29,102500
30,620000
31,74500
32,81000
33,98000
34,65000
35,58000
36,107500
37,90000
38,49500
39,123500
40,134000
41,104500
42,81000
43,92000
44,101500
45,73500
46,99000
47,62500
48,85000
49,47000
50,70500
51,76500
52,25000
53,88500
54,96500
55,108000
56,104000
57,88000
58,51500
59,123500
60,79000
61,32500
62,59000
63,81000
64,97000
65,90000
66,128500
67,41000
68,80000
69,45000
70,716500
71,53000
72,117000
73,87500
74,124500
75,114000
76,109000
77,64000
78,343000
79,70000
80,79000
81,67500
82,84000
83,99000
84,78500
85,73000
86,92500
87,128000
88,92000
89,77000
90,131500
91,78000
92,60500
93,70000
94,73000
95,61500
96,93500
97,83000
98,37000
99,100500
100,107000
101,65500
102,61500
103,111000
104,74000
105,100500
106,77000
107,32500
108,96000
109,874500
110,58500
111,124500
112,77000
113,120000
114,69000
115,107000
116,75500
117,113500
118,50500
119,69500
120,64000
121,85000
122,96500
123,77500
124,62500
125,88500
126,53500
127,29500
128,118000
129,130000
130,61000
131,87500
132,100000
133,860000
134,108000
135,56500
136,71500
137,68000
138,45500
139,99500
140,70000
141,132500
142,100500
143,75500
144,83000
145,74500
146,81000
147,61000
148,77500
149,71500
150,62500
151,673000
152,107000
153,97000
154,94000
155,116500
156,119500
157,75500
158,123000
159,100500
160,85000
161,101000
162,868000
163,89500
164,52000
165,82500
166,36500
167,104000
168,867000
169,54500
170,511500
171,91500
172,93000
173,59000
174,119000
175,71500
176,94500
177,64000
178,114500
179,643000
180,135000
181,102500
182,105500
183,67000
184,98000
185,78000
186,133000
187,764500
188,69500
189,106000
190,95000
191,132000
192,108500
193,30500
194,129000
195,59500
196,113000
197,37500
198,89000
199,105500
200,42000
201,80000
202,94000
203,70000
204,75000
205,77500
206,84000
207,105500
208,88000
209,127500
210,88000
211,63000
212,573000
213,102500
214,78000
215,120000
216,95000
217,71000
218,100500
219,67000
220,87500
221,53500
222,898000
223,79000
224,55500
225,20000
226,130500
227,97000
228,65000
229,93500
230,70500
231,61500
232,102500
233,108500
234,788500
235,681500
236,63000
237,117500
238,73000
239,574000
240,47500
241,108000
242,93000
243,115000
244,104000
245,129500
246,57500
247,114000
248,76000
249,50000
250,85000
251,102000
252,108500
253,105000
254,62500
255,65500
256,109500
257,72000
258,74500
259,91500
260,69500
261,46000
262,99500
263,102000
264,135000
265,87500
266,85000
267,79000
268,600500
269,86000
270,61000
271,87000
272,50500
273,106500
274,85500
275,97000
276,68000
277,398500
278,87500
279,70500
280,105000
281,80500
282,104000
283,108000
284,92000
285,50500
286,86500
287,76000
288,75000
289,112000
290,78000
291,104500
292,96000
293,103000
294,501500
295,119000
296,883000
297,71000
298,37500
299,74000
300,93500
301,102000
302,101500
303,57500
304,75000
305,78500
306,39500
307,763000
308,36500
309,127500
310,51000
311,84000
312,66500
313,84500
314,82500
315,65500
316,866500
317,46500
318,80000
319,106500
320,69000
321,110500
322,126000
323,785500
324,61000
325,86000
326,104000
327,80500
328,74500
329,107500
330,83000
331,78000
332,77000
333,98500
334,114000
335,73500
336,125500
337,89500
338,108000
339,131000
340,34000
341,83500
342,90500
343,47500
344,48000
345,62500
346,68500
347,100000
348,92000
349,39000
350,62500
351,35000
352,127000
353,72500
354,77000
355,88500
356,71500
357,126000
358,100500
359,111500
360,80000
361,104500
362,66500
363,107500
364,92500
365,193500
366,116000
367,69500
368,91500
369,44000
370,88500
371,58000
372,83500
373,63000
374,115500
375,64000
376,86000
377,100500
378,883000
379,78000
380,70500
381,115000
382,712000
383,126500
384,524000
385,48500
386,71000
387,99500
388,131500
389,82000
390,121000
391,126500
392,70000
393,87500
394,804000
395,72500
396,109000
397,81500
398,104500
399,65000
400,55000
401,542000
402,569500
403,93500
404,84000
405,106000
406,130000
407,113000
408,115500
409,23000
410,64000
411,806500
412,64000
413,85000
414,94500
415,111500
416,93500
417,510500
418,19000
419,87000
420,97500
421,77500
422,116500
423,109000
424,52000
425,79000
426,108500
427,109000
428,126500
429,81000
430,98000
431,86500
432,94500
433,76500
434,120000
435,59000
436,94500
437,59000
438,106500
439,93500
440,73000
441,79000
442,113000
443,109000
444,54500
445,94000
446,121000
447,54000
448,129000
449,45000
450,103000
451,64000
452,65000
453,112000
454,116000
455,108000
456,78500
457,103000
458,380000
459,83500
460,116500
461,33500
462,95000
463,124500
464,628000
465,77000
466,74000
467,877000
468,58000
469,90500
470,78000
471,111500
472,54000
473,97000
474,69000
475,44000
476,55500
477,33000
478,17000
479,65000
480,63500
481,95500
482,74000
483,50500
484,97000
485,39000
486,119500
487,58000
488,114000
489,95000
490,84000
491,79000
492,82000
493,97500
494,105500
495,94500
496,203500
497,77000
498,97000
499,68500
500,121500
501,68500
502,113000
503,71000
504,104000
505,91500
506,98500
507,120000
508,80000
509,66000
510,87000
511,123000
512,75000
513,29500
514,62500
515,119000
516,108500
517,134500
518,116000
519,122500
520,109000
521,103000
522,97500
523,124000
524,52000
525,73000
526,73000
527,100500
528,97000
529,43500
530,127500
531,107500
532,105000
533,59500
534,51500
535,58500
536,542000
537,612000
538,662500
539,67000
540,111000
541,151000
542,97000
543,99000
544,71500
545,118000
546,94000
547,119500
548,61000
549,50500
550,121000
551,88500
552,106000
553,72500
554,61000
555,75500
556,74500
557,79500
558,75500
559,66500
560,102000
561,60500
562,90500
563,126500
564,116000
565,110500
566,73500
567,56500
568,42000
569,86500
570,83500
571,116500
572,132000
573,49500
574,77500
575,154500
576,65500
577,99000
578,101500
579,83000
580,109000
581,66000
582,131500
583,116000
584,125000
585,124000
586,686000
587,89000
588,20500
589,49000
590,72000
591,571000
592,134500
593,93000
594,93000
595,124500
596,31000
597,112000
598,37000
599,77000
600,131500
601,100500
602,98500
603,51500
604,836000
605,94500
606,67000
607,68000
608,123000
609,85000
610,101000
611,75500
612,117000
613,39000
614,146000
615,307000
616,50500
617,80500
618,39500
619,94000
620,101000
621,81500
622,97000
623,89500
624,106000
625,40000
626,110000
627,42500
628,127500
629,41000
630,85000
631,69000
632,73500
633,64000
634,105500
635,95500
636,65000
637,83500
638,65000
639,84000
640,102000
641,64500
642,552500
643,16500
644,81500
645,33500
646,123000
647,100500
648,74000
649,82000
650,102500
651,836000
652,92500
653,94000
654,73000
655,59000
656,85500
657,70500
658,52500
659,67500
660,69500
661,44000
662,84500
663,147500
664,111000
665,58500
666,95500
667,72500
668,63000
669,883000
670,89500
671,39000
672,98000
673,71500
674,72000
675,88000
676,81000
677,103500
678,69500
679,54500
680,79500
681,109500
682,139500
683,98500
684,80500
685,129000
686,88000
687,135000
688,779500
689,64500
690,86500
691,78000
692,87000
693,99000
694,98000
695,64000
696,45500
697,67500
698,70500
699,83000
700,762500
701,826000
702,93500
703,77500
704,113500
705,74500
706,40000
707,126500
708,115000
709,77500
710,115000
711,74000
712,33000
713,88500
714,80000
715,84000
716,84500
717,71000
718,79500
719,58000
720,89500
721,87500
722,51500
723,48000
724,70000
725,47000
726,18500
727,78500
728,122000
729,121500
730,75500
731,124000
732,97000
733,78000
734,43000
735,125000
736,106000
737,72000
738,104500
739,96000
740,77500
741,83000
742,71500
743,113000
744,61000
745,27000
746,102500
747,91000
748,114000
749,73500
750,629000
751,95000
752,122500
753,73000
754,55500
755,243500
756,67500
757,122500
758,62500
759,87500
760,85500
761,105500
762,90000
763,108000
764,241000
765,60500
766,95000
767,807500
768,82000
769,44000
770,514000
771,121000
772,59000
773,117000
774,121500
775,50500
776,37500
777,347500
778,131000
779,92500
780,99000
781,63500
782,62000
783,57500
784,835000
785,36000
786,111000
787,117500
788,650500
789,102500
790,113500
791,76000
792,29500
793,62000
794,123000
795,838000
796,117500
797,72500
798,88500
799,599000
800,117500
801,89500
802,62000
803,67500
804,97000
805,69500
806,106500
807,170500
808,758500
809,79000
810,99000
811,71000
812,93000
813,693000
814,102000
815,106500
816,111000
817,103000
818,83000
819,96000
820,36500
821,77000
822,67000
823,118500
824,94000
825,130000
826,98500
827,70000
828,94500
829,65000
830,99500
831,104500
832,82000
833,71500
834,57500
835,104500
836,224500
837,55500
838,123000
839,122500
840,91500
841,105500
842,127000
843,104500
844,86500
845,74000
846,90500
847,95500
848,90000
849,105000
850,33000
851,53000
852,53500
853,91500
854,67000
855,71500
856,129000
857,91000
858,66000
859,61000
860,91500
861,35000
862,98500
863,56500
864,69000
865,82000
866,57500
867,115500
868,351000
869,46000
870,89000
871,76500
872,86500
873,85500
874,86000
875,100000
876,784500
877,91500
878,89500
879,69000
880,56500
881,60000
882,63500
883,31500
884,79500
885,73500
886,78000
887,620500
888,99500
889,109500
890,372500
891,845500
892,69000
893,70500
894,68500
895,122000
896,79500
897,51000
898,67000
899,120500
900,102500
901,89500
902,95000
903,48500
904,743500
905,67500
906,63500
907,568000
908,85500
909,239000
910,111500
911,61500
912,100000
913,21500
914,73500
915,57000
916,54500
917,60500
918,71500
919,109000
920,58000
921,134000
922,95000
923,94000
924,123000
925,77000
926,113500
927,48000
928,869000
929,109500
930,58500
931,606500
932,99500
933,816500
934,584500
935,113500
936,102000
937,67500
938,112000
939,59000
940,99000
941,86000
942,112500
943,119500
944,86000
945,61000
946,62500
947,513000
948,73000
949,75000
950,78500
951,81500
952,64500
953,57500
954,24500
955,70000
956,128000
957,48000
958,80000
959,64000
960,41000
961,86000
962,80000
963,100000
964,47500
965,687500
966,106500
967,99000
968,358000
969,110500
970,94000
971,854500
972,123500
973,59500
974,42000
975,53000
976,85500
977,91000
978,153000
979,72000
980,127500
981,111000
982,107500
983,107500
984,98500
985,55000
986,130500
987,120000
988,33000
989,79000
990,89000
991,126500
992,90000
993,90000
994,75000
995,83000
996,126500
997,556500
998,78000
999,60500
1000,750000
1001,78500
1002,788500
1003,81000
1004,39000
1005,66500
1006,89000
1007,98000
1008,84000
1009,114000
1010,59000
1011,94500
1012,591500
1013,91500
1014,16000
1015,112500
1016,96500
1017,93000
1018,107500
1019,677000
1020,49000
1021,39000
1022,41500
1023,62000
1024,122000
1025,109000
1026,86000
1027,69500
1028,108000
1029,37500
1030,120000
1031,70500
1032,101000
1033,83500
1034,52500
1035,105000
1036,91500
1037,82500
1038,677500
1039,63000
1040,83500
1041,116500
1042,35500
1043,500000
1044,99000
1045,50000
1046,105000
1047,122000
1048,77500
1049,44500
1050,75000
1051,113000
1052,630000
1053,71500
1054,73000
1055,71500
1056,117500
1057,92500
1058,92500
1059,46500
1060,134000
1061,118000
1062,50000
1063,32000
1064,87000
1065,78500
1066,108000
1067,84000
1068,133000
1069,123500
1070,87000
1071,84000
1072,128000
1073,91500
1074,89000
1075,102000
1076,103500
1077,131000
1078,37500
1079,67500
1080,62500
1081,106000
1082,89000
1083,118500
1084,18500
1085,79500
1086,76000
1087,32000
1088,83000
1089,58000
1090,737000
1091,64000
1092,111000
1093,119000
1094,92000
1095,101500
1096,65500
1097,112000
1098,102500
1099,764000
1100,66500
1101,48500
1102,744000
1103,111500
1104,73000
1105,83000
1106,115500
1107,85000
1108,83000
1109,117000
1110,80000
1111,38000
1112,714500
1113,335000
1114,89000
1115,80000
1116,77500
1117,41500
1118,71500
1119,54000
1120,779500
1121,49000
1122,94000
1123,107500
1124,112000
1125,90000
1126,35000
1127,89000
1128,196500
1129,92000
1130,47000
1131,86500
1132,132500
1133,120500
1134,81500
1135,78000
1136,85500
1137,76000
1138,112000
1139,45500
1140,83000
1141,91500
1142,59000
1143,120000
1144,100000
1145,120500
1146,101000
1147,63500
1148,65000
1149,121500
1150,155000
1151,70500
1152,124000
1153,106000
1154,79500
1155,90000
1156,113000
1157,89000
1158,73500
1159,122000
1160,98000
1161,112500
1162,82000
1163,804500
1164,96500
1165,69000
1166,62500
1167,69500
1168,51000
1169,100000
1170,219000
1171,92500
1172,127000
1173,109500
1174,54000
1175,93500
1176,104500
1177,77000
1178,84500
1179,891000
1180,77500
1181,132500
1182,803000
1183,77000
1184,118000
1185,60000
1186,93000
1187,83500
1188,126500
1189,73000
1190,48000
1191,37500
1192,97500
1193,69500
1194,718000
1195,87500
1196,104000
1197,22500
1198,112000
1199,84000
1200,617000
1201,116500
1202,81500
1203,131500
1204,98500
1205,67000
1206,102000
1207,102000
1208,83500
1209,770000
1210,57500
1211,56500
1212,63500
1213,67000
1214,68500
1215,57500
1216,303500
1217,71000
1218,63000
1219,129500
1220,59000
1221,84000
1222,50500
1223,127000
1224,83500
1225,117500
1226,684000
1227,53000
1228,78500
1229,379500
1230,50500
1231,131000
1232,82500
1233,107000
1234,86000
1235,806000
1236,134000
1237,77500
1238,98000
1239,62000
1240,79500
1241,83500
1242,115500
1243,98500
1244,72500
1245,103000
1246,98000
1247,64000
1248,76500
1249,108000
1250,76000
1251,69500
1252,126500
1253,87000
1254,86000
1255,70000
1256,213000
1257,96000
1258,50000
1259,110000
1260,53000
1261,42500
1262,90500
1263,92000
1264,96500
1265,76500
1266,78000
1267,74000
1268,104000
1269,71000
1270,70000
1271,77000
1272,113500
1273,75000
1274,95000
1275,29500
1276,93500
1277,109000
1278,56000
1279,39500
1280,129000
1281,107000
1282,42500
1283,81000
1284,92000
1285,121000
1286,121000
1287,113500
1288,131500
1289,80000
1290,91500
1291,73500
1292,111000
1293,96500
1294,609500
1295,73000
1296,39000
1297,123500
1298,119000
1299,530000
1300,131500
1301,39000
1302,103000
1303,40500
1304,22000
1305,671500
1306,73500
1307,71000
1308,69500
1309,81000
1310,87500
1311,132000
1312,61500
1313,52000
1314,49500
1315,514000
1316,81500
1317,30500
1318,108000
1319,54000
1320,64000
1321,55500
1322,86500
1323,56000
1324,77500
1325,105500
1326,120500
1327,123500
1328,69000
1329,96500
1330,49500
1331,98000
1332,86000
1333,77000
1334,115000
1335,123000
1336,43500
1337,96500
1338,74500
1339,100500
1340,74500
1341,92500
1342,112000
1343,46000
1344,733000
1345,30500
1346,56500
1347,67500
1348,86500
1349,102500
1350,94500
1351,89500
1352,86000
1353,75000
1354,101000
1355,63500
1356,48500
1357,69500
1358,97500
1359,58000
1360,110500
1361,148500
1362,111500
1363,90000
1364,88000
1365,133000
1366,59000
1367,98000
1368,89500
1369,751500
1370,32000
1371,86500
1372,59500
1373,102000
1374,109500
1375,63500
1376,128000
1377,32500
1378,50500
1379,75500
1380,98000
1381,69500
1382,34000
1383,116000
1384,70000
1385,118000
1386,85000
1387,113000
1388,96500
1389,99500
1390,46500
1391,108000
1392,45500
1393,62500
1394,69000
1395,89500
1396,49500
1397,106500
1398,45500
1399,93500
1400,84000
1401,89500
1402,80000
1403,92000
1404,49500
1405,96000
1406,123000
1407,530500
1408,31500
1409,103000
1410,57000
1411,60500
1412,767500
1413,63000
1414,57000
1415,110000
1416,71500
1417,54000
1418,41500
1419,83500
1420,98000
1421,783000
1422,28500
1423,92000
1424,40500
1425,689000
1426,126000
1427,29500
1428,93500
1429,111000
1430,76500
1431,63500
1432,98000
1433,124500
1434,110500
1435,101000
1436,95000
1437,96500
1438,62500
1439,83000
1440,109500
1441,64500
1442,80000
1443,100000
1444,74000
1445,29500
1446,92500
1447,114000
1448,80000
1449,100000
1450,42000
1451,115000
1452,73000
1453,87500
1454,60500
1455,95000
1456,73500
1457,101000
1458,101000
1459,36000
1460,72500
1461,75000
1462,97500
1463,62000
1464,520500
1465,100000
1466,32000
1467,94500
1468,90500
1469,130000
1470,86500
1471,37000
1472,106500
1473,68500
1474,839000
1475,90500
1476,65000
1477,91500
1478,41500
1479,124000
1480,58500
1481,98000
1482,608500
1483,72000
1484,91000
1485,121500
1486,855000
1487,111000
1488,101500
1489,97000
1490,124000
1491,100500
1492,76000
1493,563500
1494,105000
1495,125000
1496,110500
1497,89000
1498,90500
1499,91500
1500,63500
1501,59500
1502,43500
1503,72500
1504,131000
1505,92000
1506,54500
1507,63500
1508,31500
1509,93500
1510,117500
1511,59000
1512,61500
1513,81500
1514,101500
1515,99000
1516,87500
1517,106500
1518,80500
1519,95500
1520,132500
1521,75000
1522,77500
1523,117500
1524,78000
1525,88500
1526,42500
1527,798000
1528,69500
1529,88500
1530,390000
1531,97500
1532,109500
1533,113500
1534,102000
1535,93000
1536,106500
1537,106500
1538,132000
1539,86000
1540,93500
1541,115000
1542,56000
1543,81500
1544,87000
1545,92000
1546,54000
1547,39000
1548,113000
1549,88000
1550,94500
1551,69000
1552,118500
1553,67500
1554,84500
1555,98000
1556,95500
1557,127000
1558,85500
1559,98500
1560,113500
1561,42500
1562,95000
1563,80500
1564,194500
1565,113500
1566,73500
1567,111500
1568,715500
1569,71500
1570,61000
1571,76500
1572,51500
1573,63500
1574,104000
1575,48000
1576,884000
1577,111000
1578,71000
1579,356000
1580,72000
1581,41000
1582,75500
1583,119000
1584,77000
1585,96500
1586,102500
1587,113000
1588,67500
1589,107500
1590,663000
1591,130000
1592,92000
1593,63500
1594,87500
1595,599500
1596,50000
1597,103000
1598,48000
1599,76000
1600,111500
1601,54000
1602,80000
1603,114500
1604,51000
1605,75000
1606,83500
1607,47000
1608,100000
1609,115500
1610,112000
1611,64500
1612,121000
1613,109000
1614,83500
1615,104500
1616,77500
1617,92500
1618,119500
1619,98000
1620,123500
1621,77000
1622,85000
1623,62000
1624,92000
1625,568500
1626,99500
1627,17000
1628,48000
1629,94000
1630,80500
1631,37000
1632,76000
1633,131500
1634,210000
1635,97000
1636,46000
1637,82000
1638,32000
1639,81000
1640,75000
1641,110500
1642,72000
1643,60500
1644,88000
1645,66500
1646,106500
1647,62500
1648,60000
1649,95000
1650,75500
1651,109000
1652,105000
1653,107000
1654,87000
1655,114000
1656,87500
1657,592000
1658,104500
1659,38500
1660,87500
1661,92500
1662,102500
1663,87500
1664,108000
1665,847500
1666,71500
1667,59500
1668,92500
1669,80500
1670,89500
1671,37000
1672,47000
1673,129000
1674,109000
1675,99500
1676,542500
1677,132000
1678,89000
1679,122000
1680,75500
1681,19500
1682,87000
1683,18000
1684,95000
1685,113000
1686,101000
1687,94000
1688,90000
1689,77500
1690,72500
1691,94000
1692,94000
1693,132500
1694,98500
1695,105500
1696,98500
1697,71500
1698,63500
1699,123500
1700,55000
1701,100500
1702,112500
1703,68000
1704,825500
1705,104000
1706,86500
1707,78000
1708,132500
1709,47500
1710,102000
1711,79000
1712,133500
1713,94000
1714,75500
1715,123000
1716,77000
1717,127500
1718,111000
1719,98000
1720,117000
1721,77500
1722,108000
1723,74000
1724,97000
1725,51000
1726,125500
1727,30000
1728,53500
1729,100000
1730,92500
1731,113500
1732,43000
1733,862500
1734,72500
1735,97500
1736,79500
1737,88500
1738,816000
1739,101500
1740,535000
1741,89000
1742,59500
1743,37000
1744,71000
1745,55000
1746,36000
1747,103000
1748,601500
1749,116000
1750,83500
1751,129000
1752,127000
1753,102500
1754,33500
1755,81000
1756,690000
1757,131000
1758,73000
1759,114000
1760,107500
1761,70000
1762,72000
1763,96000
1764,47500
1765,93000
1766,90000
1767,69000
1768,72500
1769,49000
1770,35500
1771,55500
1772,87500
1773,88500
1774,74500
1775,99000
1776,536000
1777,130000
1778,72500
1779,77000
1780,104000
1781,96500
1782,106500
1783,24500
1784,66000
1785,66500
1786,105500
1787,126000
1788,110500
1789,109000
1790,69500
1791,21000
1792,82000
1793,107500
1794,91000
1795,724500
1796,97500
1797,71500
1798,69500
1799,80000
1800,103500
1801,600500
1802,90500
1803,78000
1804,93000
1805,108000
1806,100500
1807,89000
1808,68000
1809,880500
1810,79500
1811,115500
1812,118000
1813,57000
1814,114500
1815,58000
1816,103000
1817,117000
1818,87500
1819,762000
1820,93500
1821,133500
1822,26500
1823,77500
1824,129000
1825,75500
1826,92000
1827,61500
1828,130000
1829,33500
1830,15500
1831,93000
1832,99500
1833,70000
1834,218000
1835,32000
1836,95000
1837,587500
1838,86000
1839,86000
1840,65500
1841,66500
1842,120000
1843,115000
1844,89000
1845,92000
1846,109000
1847,26500
1848,120500
1849,674500
1850,82500
1851,59000
1852,78500
1853,97000
1854,77500
1855,88000
1856,86500
1857,61000
1858,92000
1859,86000
1860,89500
1861,103500
1862,102500
1863,866000
1864,86000
1865,97500
1866,108500
1867,96500
1868,126500
1869,67000
1870,60500
1871,31000
1872,768000
1873,108500
1874,79000
1875,77500
1876,132000
1877,115000
1878,78000
1879,80500
1880,94500
1881,123000
1882,86000
1883,92500
1884,35500
1885,102500
1886,749000
1887,82000
1888,55500
1889,41500
1890,726500
1891,107500
1892,42500
1893,23000
1894,72000
1895,40500
1896,73000
1897,132000
1898,60000
1899,35000
1900,100000
1901,108000
1902,92000
1903,759000
1904,32500
1905,100500
1906,54000
1907,83500
1908,52500
1909,337500
1910,121500
1911,100000
1912,39500
1913,55000
1914,83000
1915,73500
1916,114000
1917,66500
1918,52500
1919,123000
1920,74000
1921,96000
1922,99500
1923,116500
1924,79500
1925,75500
1926,84000
1927,80500
1928,104000
1929,81500
1930,56500
1931,63000
1932,89000
1933,91000
1934,71500
1935,593500
1936,77500
1937,91500
1938,95000
1939,70500
1940,67500
1941,122000
1942,55500
1943,85000
1944,96500
1945,69000
1946,108000
1947,55500
1948,121000
1949,109500
1950,84500
1951,101000
1952,75000
1953,109000
1954,118000
1955,66500
1956,99000
1957,83000
1958,124500
1959,65500
1960,844500
1961,116000
1962,92500
1963,94000
1964,72500
1965,110500
1966,132000
1967,67000
1968,118500
1969,24500
1970,126000
1971,95000
1972,73000
1973,49000
1974,76000
1975,86000
1976,169000
1977,701500
1978,113000
1979,45500
1980,114500
1981,65000
1982,126000
1983,85500
1984,58000
1985,87000
1986,69000
1987,120500
1988,80000
1989,69500
1990,93000
1991,79500
1992,75000
1993,49000
1994,116000
1995,56000
1996,69000
1997,74500
1998,96000
1999,113500
2000,50500
2001,64500
2002,103500
2003,104500
2004,101500
2005,128000
2006,79000
2007,49000
2008,54500
2009,72000
2010,660500
2011,102500
2012,51000
2013,79500
2014,585000
2015,93500
2016,104000
2017,15500
2018,63500
2019,119500
2020,130500
2021,88500
2022,96500
2023,96500
2024,77500
2025,117000
2026,52000
2027,58500
2028,126500
2029,92500
2030,54500
2031,33000
2032,105000
2033,53000
2034,63000
2035,80500
2036,542000
2037,115000
2038,106000
2039,38000
2040,113500
2041,79000
2042,327000
2043,40500
2044,80000
2045,109500
2046,58500
2047,112000
2048,103000
2049,73500
2050,103000
2051,783500
2052,126000
2053,96500
2054,63500
2055,80500
2056,69000
2057,83500
2058,130500
2059,59500
2060,51000
2061,128000
2062,88500
2063,66500
2064,101500
2065,19000
2066,57000
2067,83500
2068,91000
2069,73500
2070,38500
2071,64000
2072,64000
2073,57000
2074,62000
2075,92500
2076,116000
2077,128500
2078,101500
2079,41500
2080,123500
2081,91500
2082,119500
2083,106000
2084,103500
2085,270500
2086,89000
2087,83500
2088,40000
2089,48500
2090,92500
2091,92500
2092,95500
2093,100500
2094,745000
2095,84500
2096,66000
2097,56500
2098,91000
2099,70500
2100,60500
2101,77000
2102,93500
2103,55500
2104,106500
2105,82000
2106,153500
2107,119500
2108,106000
2109,66000
2110,87000
2111,89000
2112,89500
2113,95000
2114,102500
2115,104000
2116,87500
2117,78000
2118,129500
2119,91500
2120,51000
2121,85000
2122,103500
2123,100000
2124,398500
2125,75500
2126,82500
2127,811000
2128,146000
2129,54000
2130,96500
2131,107000
2132,65000
2133,374000
2134,96000
2135,90500
2136,24500
2137,128000
2138,122000
2139,103000
2140,99500
2141,82500
2142,99000
2143,95000
2144,96000
2145,60500
2146,29500
2147,36000
2148,116500
2149,122000
2150,87500
2151,51000
2152,92500
2153,66500
2154,97500
2155,91000
2156,50500
2157,111000
2158,610500
2159,106500
2160,116500
2161,91000
2162,74000
2163,122500
2164,89500
2165,111500
2166,86500
2167,56000
2168,76000
2169,49000
2170,60500
2171,75000
2172,69500
2173,60000
2174,76000
2175,100000
2176,90000
2177,105500
2178,81000
2179,60500
2180,69000
2181,115000
2182,85000
2183,89000
2184,87000
2185,125500
2186,89500
2187,545500
2188,73000
2189,76500
2190,44500
2191,863500
2192,79500
2193,504000
2194,105500
2195,105000
2196,70500
2197,768000
2198,832500
2199,87500
2200,76000
2201,89000
2202,595500
2203,118000
2204,96000
2205,66000
2206,76000
2207,67500
2208,91500
2209,78000
2210,48000
2211,767000
2212,70000
2213,108500
2214,54500
2215,57500
2216,96500
2217,97000
2218,63000
2219,78500
2220,102500
2221,132500
2222,133000
2223,57500
2224,73000
2225,81000
2226,88000
2227,106500
2228,98000
2229,84500
2230,132500
2231,90500
2232,44500
2233,88500
2234,74000
2235,82500
2236,339000
2237,103000
2238,49500
2239,92500
2240,102000
2241,75000
2242,768000
2243,114000
2244,73500
2245,108500
2246,71000
2247,64000
2248,113500
2249,44000
2250,83500
2251,27000
2252,51500
2253,61500
2254,22000
2255,133500
2256,214000
2257,67000
2258,102500
2259,74500
2260,722000
2261,108000
2262,117500
2263,39500
2264,675000
2265,97000
2266,121500
2267,92000
2268,94000
2269,125000
2270,746500
2271,148500
2272,128000
2273,797000
2274,86000
2275,30500
2276,78500
2277,86500
2278,89000
2279,93500
2280,67500
2281,89000
2282,553500
2283,45000
2284,78000
2285,873000
2286,74500
2287,129000
2288,83500
2289,94000
2290,61000
2291,89500
2292,98500
2293,115000
2294,66000
2295,73500
2296,37000
2297,114000
2298,77000
2299,72000
2300,97000
2301,121500
2302,65500
2303,30500
2304,58500
2305,540500
2306,104000
2307,94500
2308,63500
2309,97500
2310,76500
2311,88500
2312,62500
2313,46500
2314,94000
2315,101500
2316,87500
2317,39500
2318,107000
2319,118000
2320,70000
2321,83500
2322,84500
2323,734500
2324,77500
2325,87000
2326,116000
2327,104000
2328,34000
2329,78000
2330,81500
2331,54000
2332,113000
2333,99000
2334,100000
2335,78500
2336,124500
2337,123500
2338,108500
2339,94000
2340,105500
2341,51000
2342,77000
2343,118500
2344,115000
2345,107500
2346,86500
2347,804000
2348,37500
2349,72500
2350,113500
2351,39500
2352,98000
2353,65000
2354,71500
2355,53500
2356,127500
2357,93000
2358,87000
2359,67000
2360,95000
2361,109500
2362,94500
2363,92000
2364,45500
2365,67500
2366,725500
2367,65000
2368,54500
2369,97000
2370,43500
2371,117000
2372,115500
2373,81500
2374,89500
2375,99500
2376,54500
2377,81500
2378,121500
2379,83000
2380,130500
2381,108000
2382,79000
2383,78000
2384,115000
2385,84000
2386,114500
2387,21500
2388,74500
2389,41000
2390,100000
2391,85500
2392,124000
2393,61000
2394,681500
2395,129500
2396,119500
2397,67500
2398,131000
2399,119500
2400,59000
2401,98500
2402,91500
2403,99500
2404,86000
2405,120500
2406,82500
2407,624000
2408,99500
2409,81000
2410,71000
2411,32500
2412,100000
2413,84500
2414,264000
2415,95000
2416,88500
2417,67500
2418,57000
2419,86500
2420,41000
2421,63000
2422,89500
2423,81500
2424,88000
2425,49000
2426,71500
2427,54500
2428,118000
2429,86000
2430,85000
2431,107000
2432,787000
2433,124000
2434,53000
2435,97500
2436,59000
2437,62000
2438,74000
2439,65500
2440,110000
2441,93500
2442,53000
2443,68500
2444,71000
2445,120500
2446,125500
2447,524000
2448,38500
2449,80500
2450,91500
2451,100500
2452,92000
2453,81000
2454,54000
2455,84500
2456,68500
2457,85500
2458,49000
2459,85500
2460,104500
2461,95500
2462,95500
2463,76500
2464,107500
2465,110000
2466,68500
2467,120500
2468,98000
2469,92500
2470,101500
2471,113000
2472,80000
2473,95500
2474,118500
2475,120500
2476,94500
2477,62500
2478,109000
2479,82000
2480,64500
2481,101500
2482,73000
2483,64000
2484,84500
2485,33000
2486,86000
2487,101500
2488,79500
2489,79500
2490,80500
2491,120500
2492,59500
2493,46000
2494,118500
2495,218500
2496,49000
2497,61500
2498,105000
2499,84000
2500,61500
2501,111000
2502,42500
2503,131500
2504,62000
2505,93500
2506,78000
2507,574500
2508,127500
2509,59500
2510,63500
2511,108000
2512,133500
2513,85500
2514,95500
2515,116000
2516,245000
2517,86500
2518,108500
2519,655000
2520,41500
2521,63000
2522,107500
2523,92000
2524,60000
2525,70500
2526,121500
2527,45500
2528,65500
2529,688500
2530,127500
2531,108000
2532,74500
2533,81000
2534,101000
2535,41000
2536,133000
2537,56000
2538,81000
2539,105500
2540,75500
2541,131500
2542,84000
2543,88000
2544,67500
2545,729500
2546,72500
2547,119000
2548,58000
2549,86500
2550,106500
2551,95000
2552,111500
2553,87500
2554,103500
2555,54000
2556,749500
2557,45500
2558,84000
2559,50500
2560,83500
2561,104500
2562,133500
2563,67000
2564,131000
2565,111000
2566,102000
2567,93000
2568,86000
2569,399500
2570,26000
2571,107000
2572,44000
2573,117000
2574,38000
2575,70500
2576,82500
2577,72500
2578,112000
2579,38000
2580,115000
2581,96500
2582,111000
2583,530500
2584,66000
2585,76000
2586,37000
2587,86500
2588,46000
2589,75000
2590,42500
2591,41000
2592,76500
2593,76500
2594,67000
2595,133000
2596,64000
2597,104500
2598,64000
2599,90500
2600,29000
2601,67500
2602,711500
2603,47500
2604,125000
2605,80000
2606,60500
2607,120000
2608,85500
2609,74000
2610,102000
2611,801000
2612,99000
2613,57000
2614,59000
2615,70000
2616,105000
2617,80000
2618,46500
2619,98000
2620,73000
2621,71000
2622,131500
2623,91000
2624,91500
2625,18500
2626,97500
2627,87500
2628,66000
2629,75000
2630,103500
2631,60000
2632,86000
2633,31000
2634,65000
2635,68000
2636,85000
2637,47500
2638,132000
2639,119000
2640,130000
2641,814500
2642,121500
2643,87500
2644,105000
2645,119500
2646,58000
2647,87500
2648,100000
2649,116000
2650,59500
2651,103000
2652,510500
2653,87000
2654,81500
2655,89000
2656,77500
2657,109500
2658,106000
2659,91500
2660,681000
2661,586000
2662,105000
2663,60000
2664,105000
2665,105000
2666,82000
2667,97500
2668,66000
2669,96000
2670,64500
2671,72500
2672,108000
2673,85000
2674,212500
2675,118000
2676,72000
2677,92000
2678,78000
2679,88000
2680,99500
2681,62000
2682,96000
2683,123500
2684,130000
2685,113500
2686,96000
2687,96000
2688,112500
2689,79000
2690,112500
2691,111500
2692,745500
2693,892000
2694,88000
2695,47500
2696,99000
2697,843000
2698,740000
2699,75500
2700,98000
2701,81000
2702,94000
2703,81000
2704,121000
2705,62500
2706,130000
2707,97000
2708,79000
2709,123500
2710,60000
2711,71500
2712,94500
2713,108000
2714,99000
2715,111500
2716,78000
2717,128000
2718,95000
2719,72500
2720,90000
2721,97500
2722,80000
2723,119000
2724,54000
2725,71500
2726,85500
2727,87500
2728,131500
2729,69500
2730,38000
2731,76500
2732,54500
2733,101000
2734,75000
2735,118000
2736,117000
2737,49000
2738,101000
2739,63500
2740,118000
2741,127500
2742,117000
2743,97500
2744,85000
2745,133000
2746,74500
2747,79000
2748,85500
2749,42000
2750,683500
2751,119500
2752,77000
2753,84000
2754,78500
2755,107000
2756,59000
2757,54000
2758,85500
2759,91500
2760,81500
2761,72000
2762,67500
2763,185000
2764,85000
2765,98500
2766,128000
2767,98500
2768,133000
2769,768000
2770,81500
2771,83000
2772,76000
2773,77000
2774,117000
2775,103000
2776,99000
2777,82000
2778,107000
2779,108500
2780,661500
2781,82500
2782,58500
2783,864000
2784,118000
2785,57000
2786,97000
2787,108500
2788,121000
2789,115000
2790,82500
2791,638000
2792,102500
2793,94500
2794,116500
2795,124000
2796,104500
2797,73500
2798,62000
2799,101000
2800,95500
2801,87000
2802,42500
2803,55000
2804,806500
2805,89500
2806,70000
2807,81000
2808,62500
2809,118500
2810,53500
2811,80500
2812,62500
2813,839000
2814,90000
2815,83500
2816,56500
2817,70500
2818,81000
2819,79500
2820,94500
2821,89000
2822,110000
2823,36500
2824,83500
2825,86000
2826,97500
2827,50500
2828,90500
2829,61000
2830,98500
2831,57000
2832,107500
2833,81500
2834,53500
2835,76500
2836,44000
2837,79500
2838,106000
2839,115000
2840,67000
2841,106000
2842,203000
2843,120000
2844,76000
2845,116000
2846,49000
2847,117500
2848,101500
2849,56500
2850,859000
2851,39500
2852,129000
2853,68500
2854,133500
2855,108500
2856,99500
2857,97500
2858,105000
2859,88000
2860,55000
2861,93500
2862,96500
2863,84000
2864,266500
2865,57500
2866,59000
2867,72000
2868,85000
2869,64500
2870,126500
2871,75500
2872,98500
2873,60000
2874,97000
2875,98000
2876,93000
2877,56500
2878,108000
2879,72500
2880,109000
2881,75000
2882,81000
2883,114000
2884,89000
2885,90000
2886,869500
2887,58000
2888,104500
2889,100500
2890,114000
2891,108000
2892,105500
2893,112000
2894,91500
2895,67000
2896,73500
2897,78500
2898,72500
2899,61000
2900,106000
2901,26500
2902,113000
2903,74500
2904,102000
2905,79500
2906,77000
2907,24000
2908,55000
2909,80000
2910,80500
2911,98500
2912,80000
2913,115500
2914,131000
2915,67500
2916,43000
2917,69000
2918,106500
2919,122000
2920,81500
2921,104000
2922,79500
2923,52500
2924,76000
2925,131500
2926,55000
2927,76000
2928,84000
2929,77500
2930,87000
2931,45500
2932,110000
2933,96500
2934,85000
2935,68500
2936,69500
2937,134000
2938,129000
2939,72500
2940,68500
2941,90500
2942,100500
2943,103000
2944,72500
2945,48000
2946,576000
2947,41500
2948,70500
2949,504000
2950,124500
2951,67500
2952,95500
2953,72500
2954,87500
2955,119000
2956,107500
2957,85500
2958,96500
2959,57000
2960,42000
2961,92000
2962,60000
2963,82500
2964,74000
2965,83000
2966,103000
2967,92500
2968,86000
2969,83000
2970,109500
2971,135000
2972,130000
2973,101000
2974,83000
2975,620500
2976,63000
2977,84500
2978,121500
2979,716000
2980,743500
2981,115000
2982,72000
2983,68500
2984,95500
2985,107000
2986,126000
2987,51000
2988,53500
2989,57500
2990,102500
2991,116500
2992,865000
2993,644500
2994,96000
2995,92500
2996,68000
2997,530500
2998,79000
2999,74500
3000,103500
3001,59500
3002,99000
3003,92000
3004,58000
3005,615000
3006,79000
3007,366000
3008,127500
3009,125000
3010,107000
3011,106500
3012,28000
3013,67500
3014,131000
3015,659500
3016,88000
3017,117500
3018,131500
3019,16500
3020,94000
3021,115500
3022,579500
3023,81500
3024,124000
3025,84500
3026,87500
3027,97000
3028,115000
3029,79000
3030,103000
3031,92500
3032,84500
3033,63500
3034,752500
3035,77500
3036,88000
3037,40500
3038,49500
3039,85500
3040,95000
3041,111500
3042,290500
3043,280000
3044,64000
3045,74500
3046,105500
3047,307500
3048,283500
3049,642000
3050,101000
3051,75000
3052,45500
3053,83000
3054,94000
3055,66000
3056,109000
3057,131000
3058,105500
3059,90500
3060,109000
3061,78500
3062,102000
3063,111000
3064,119000
3065,34000
3066,617500
3067,66500
3068,610000
3069,690500
3070,102000
3071,109000
3072,90000
3073,72500
3074,84000
3075,59500
3076,56000
3077,103000
3078,69000
3079,58500
3080,79500
3081,62500
3082,89000
3083,85500
3084,119500
3085,114000
3086,68000
3087,83000
3088,124000
3089,135000
3090,122500
3091,82000
3092,100500
3093,117500
3094,75500
3095,639500
3096,104000
3097,50500
3098,106500
3099,41500
3100,50500
3101,111500
3102,59500
3103,74000
3104,95000
3105,108500
3106,51500
3107,62500
3108,86500
3109,48500
3110,111000
3111,803500
3112,114000
3113,126000
3114,64000
3115,104500
3116,46500
3117,87000
3118,62000
3119,276000
3120,97500
3121,79000
3122,616500
3123,40000
3124,120500
3125,35000
3126,132000
3127,120500
3128,117000
3129,95000
3130,108500
3131,669000
3132,68000
3133,62500
3134,17500
3135,102500
3136,48000
3137,70500
3138,62500
3139,112500
3140,95000
3141,27000
3142,98500
3143,108000
3144,67000
3145,51500
3146,96500
3147,55000
3148,87000
3149,100000
3150,126000
3151,24000
3152,75000
3153,41000
3154,83000
3155,52500
3156,40500
3157,68000
3158,102000
3159,59500
3160,73000
3161,76500
3162,119500
3163,34000
3164,75000
3165,104000
3166,117500
3167,133000
3168,122500
3169,67000
3170,77000
3171,61000
3172,49000
3173,88000
3174,67000
3175,73000
3176,76500
3177,897000
3178,104000
3179,131000
3180,68500
3181,76500
3182,73000
3183,69000
3184,105000
3185,63000
3186,49500
3187,114500
3188,112500
3189,76000
3190,248500
3191,62500
3192,48000
3193,76000
3194,84500
3195,66500
3196,119000
3197,73000
3198,86000
3199,74000
3200,97000
3201,90500
3202,231000
3203,45000
3204,46000
3205,107000
3206,103000
3207,80500
3208,32500
3209,103500
3210,109500
3211,82000
3212,84000
3213,125500
3214,70500
3215,112000
3216,77000
3217,101000
3218,116000
3219,64000
3220,97000
3221,106000
3222,67500
3223,106500
3224,106500
3225,75000
3226,58500
3227,108000
3228,79000
3229,93500
3230,76500
3231,130000
3232,118000
3233,780500
3234,100500
3235,55000
3236,83000
3237,92500
3238,90500
3239,83000
3240,44500
3241,69000
3242,31000
3243,55000
3244,73500
3245,102000
3246,77500
3247,65000
3248,84500
3249,26500
3250,90000
3251,64500
3252,171500
3253,86500
3254,87500
3255,75500
3256,72000
3257,92500
3258,108000
3259,93500
3260,72500
3261,81000
3262,80500
3263,631500
3264,628000
3265,113500
3266,62500
3267,74500
3268,74000
3269,107000
3270,102500
3271,96000
3272,108500
3273,111000
3274,78500
3275,88000
3276,104000
3277,65000
3278,93000
3279,69500
3280,89000
3281,99500
3282,84000
3283,102500
3284,20000
3285,670500
3286,78500
3287,63000
3288,662000
3289,72500
3290,99000
3291,70000
3292,84500
3293,78000
3294,76500
3295,60500
3296,125500
3297,101500
3298,92500
3299,118500
3300,108000
3301,83000
3302,98000
3303,100000
3304,54000
3305,49500
3306,84000
3307,57500
3308,115500
3309,104500
3310,63500
3311,104000
3312,73500
3313,123000
3314,67000
3315,54500
3316,34000
3317,91000
3318,189500
3319,54500
3320,101000
3321,747500
3322,83000
3323,115500
3324,113500
3325,43500
3326,68000
3327,49500
3328,21000
3329,67000
3330,676000
3331,60000
3332,45000
3333,128000
3334,126000
3335,75500
3336,724000
3337,105500
3338,287000
3339,86000
3340,72000
3341,95500
3342,713000
3343,87000
3344,118500
3345,89500
3346,57000
3347,69500
3348,80500
3349,55500
3350,75000
3351,23500
3352,100500
3353,111000
3354,103500
3355,39000
3356,62000
3357,95000
3358,871500
3359,88500
3360,106500
3361,107500
3362,53500
3363,798500
3364,120000
3365,132000
3366,95000
3367,114500
3368,859500
3369,120500
3370,118000
3371,51000
3372,125000
3373,77500
3374,610500
3375,75000
3376,55500
3377,71500
3378,61500
3379,82000
3380,112000
3381,69500
3382,50000
3383,107500
3384,71500
3385,45000
3386,74000
3387,107000
3388,90500
3389,64500
3390,78000
3391,81500
3392,119000
3393,56000
3394,120000
3395,137500
3396,763500
3397,69500
3398,111000
3399,105000
3400,72500
3401,87500
3402,80500
3403,91000
3404,88000
3405,107500
3406,40500
3407,68500
3408,60500
3409,83000
3410,31500
3411,119000
3412,120000
3413,111000
3414,132000
3415,114000
3416,46000
3417,57500
3418,42000
3419,59000
3420,109500
3421,76000
3422,87000
3423,86000
3424,126000
3425,102500
3426,121000
3427,67000
3428,58000
3429,71500
3430,95000
3431,769500
3432,70000
3433,50500
3434,555000
3435,111500
3436,82500
3437,78500
3438,783500
3439,69500
3440,31500
3441,69000
3442,118500
3443,775000
3444,111000
3445,92000
3446,65000
3447,88500
3448,93000
3449,73000
3450,85000
3451,92500
3452,106500
3453,109500
3454,91500
3455,103000
3456,844500
3457,44500
3458,89000
3459,65500
3460,78500
3461,77000
3462,65500
3463,105000
3464,54500
3465,45000
3466,100000
3467,90500
3468,64500
3469,57500
3470,52500
3471,68500
3472,66000
3473,59500
3474,91000
3475,124500
3476,22000
3477,58500
3478,103500
3479,70000
3480,99500
3481,72500
3482,86000
3483,58000
3484,76500
3485,91000
3486,83500
3487,90500
3488,62500
3489,56500
3490,45500
3491,667500
3492,89000
3493,99500
3494,106000
3495,23500
3496,35000
3497,113000
3498,117000
3499,112000
3500,703000
3501,72000
3502,72500
3503,99000
3504,62500
3505,44000
3506,698000
3507,94500
3508,52000
3509,54000
3510,102500
3511,697000
3512,101500
3513,88000
3514,59000
3515,64000
3516,77500
3517,90000
3518,73500
3519,69000
3520,74000
3521,55500
3522,53500
3523,91000
3524,147000
3525,67500
3526,763000
3527,88000
3528,106000
3529,587000
3530,61500
3531,821500
3532,95000
3533,96000
3534,84000
3535,76500
3536,118000
3537,88000
3538,113000
3539,84500
3540,105000
3541,66500
3542,68000
3543,92500
3544,74500
3545,55500
3546,99000
3547,115500
3548,122000
3549,93500
3550,63000
3551,98000
3552,78000
3553,39000
3554,588000
3555,106500
3556,63500
3557,68000
3558,106000
3559,83000
3560,67000
3561,675000
3562,43500
3563,40000
3564,385500
3565,101000
3566,87000
3567,55000
3568,81000
3569,83500
3570,101500
3571,95000
3572,128000
3573,710500
3574,108500
3575,58500
3576,613000
3577,127000
3578,95000
3579,38000
3580,132500
3581,64500
3582,79000
3583,97000
3584,111500
3585,95000
3586,59000
3587,717500
3588,75500
3589,80500
3590,50500
3591,119500
3592,83000
3593,113500
3594,34000
3595,27000
3596,109500
3597,107500
3598,78000
3599,54000
3600,88000
3601,62000
3602,79500
3603,71500
3604,82500
3605,52000
3606,830500
3607,64500
3608,103000
3609,40500
3610,102500
3611,90500
3612,57000
3613,53500
3614,58000
3615,74000
3616,62500
3617,113000
3618,59500
3619,96000
3620,69500
3621,102500
3622,107000
3623,55500
3624,71500
3625,90500
3626,114000
3627,90000
3628,107000
3629,78000
3630,79000
3631,50000
3632,28500
3633,58500
3634,104500
3635,99500
3636,73500
3637,117500
3638,102000
3639,38000
3640,111000
3641,86500
3642,75500
3643,743500
3644,67000
3645,512500
3646,95500
3647,107500
3648,828000
3649,68000
3650,97000
3651,43500
3652,73500
3653,110500
3654,116000
3655,72000
3656,113500
3657,76500
3658,87500
3659,67500
3660,83000
3661,80500
3662,685000
3663,72000
3664,123500
3665,61000
3666,93500
3667,74000
3668,768000
3669,96000
3670,75000
3671,75500
3672,117500
3673,120000
3674,76000
3675,129500
3676,88000
3677,73000
3678,60500
3679,99000
3680,101500
3681,669500
3682,53500
3683,85500
3684,45000
3685,29500
3686,129500
3687,320500
3688,614000
3689,319000
3690,48000
3691,47000
3692,95000
3693,63500
3694,77000
3695,74000
3696,74000
3697,110500
3698,109000
3699,102500
3700,132000
3701,60500
3702,89000
3703,134500
3704,84000
3705,101500
3706,45500
3707,72500
3708,98500
3709,95000
3710,96000
3711,750000
3712,96000
3713,52000
3714,88500
3715,99500
3716,94500
3717,126000
3718,70500
3719,124000
3720,385500
3721,113500
3722,74000
3723,101000
3724,130000
3725,116000
3726,37000
3727,389500
3728,67500
3729,17000
3730,85000
3731,101500
3732,84500
3733,120000
3734,122500
3735,41000
3736,88000
3737,89000
3738,30500
3739,114500
3740,72500
3741,31000
3742,80500
3743,99500
3744,762500
3745,82500
3746,96500
3747,97000
3748,59000
3749,106500
3750,44000
3751,61500
3752,43000
3753,116000
3754,874500
3755,70500
3756,123500
3757,83000
3758,66500
3759,73500
3760,67000
3761,77000
3762,60500
3763,71000
3764,392000
3765,73500
3766,123000
3767,109500
3768,131500
3769,19500
3770,104500
3771,101000
3772,66000
3773,84500
3774,40500
3775,84000
3776,61500
3777,87000
3778,107000
3779,96000
3780,78000
3781,90500
3782,60500
3783,388000
3784,127000
3785,38500
3786,53500
3787,124000
3788,54000
3789,46000
3790,632000
3791,75500
3792,78000
3793,101000
3794,91500
3795,100500
3796,125000
3797,54500
3798,108000
3799,103500
3800,105000
3801,538500
3802,88000
3803,82000
3804,61000
3805,50500
3806,117000
3807,92000
3808,106000
3809,67500
3810,97500
3811,108500
3812,89500
3813,106000
3814,40000
3815,93000
3816,33500
3817,74000
3818,98000
3819,121000
3820,126500
3821,83000
3822,74500
3823,98500
3824,121500
3825,110000
3826,96000
3827,79000
3828,61000
3829,70000
3830,94500
3831,104000
3832,19000
3833,97000
3834,82000
3835,109000
3836,83000
3837,118500
3838,73500
3839,67000
3840,109000
3841,79500
3842,71500
3843,18500
3844,56500
3845,92500
3846,90000
3847,61000
3848,88500
3849,82000
3850,108000
3851,204500
3852,106500
3853,61000
3854,57000
3855,69000
3856,114000
3857,68500
3858,97500
3859,119500
3860,49000
3861,41000
3862,56500
3863,67500
3864,131500
3865,63500
3866,96500
3867,104500
3868,108000
3869,49500
3870,89500
3871,58500
3872,48500
3873,45000
3874,70000
3875,77500
3876,131000
3877,599000
3878,27000
3879,76000
3880,105000
3881,118000
3882,90500
3883,110500
3884,101000
3885,116500
3886,62000
3887,45500
3888,50500
3889,91000
3890,61500
3891,92500
3892,72500
3893,121000
3894,890500
3895,65500
3896,71000
3897,80500
3898,60000
3899,64000
3900,96000
3901,105500
3902,61500
3903,124500
3904,103500
3905,112000
3906,112500
3907,103000
3908,653500
3909,104500
3910,87000
3911,91500
3912,84500
3913,637500
3914,111500
3915,35500
3916,129000
3917,108500
3918,89500
3919,51500
3920,121500
3921,83000
3922,101500
3923,110500
3924,67500
3925,18500
3926,121000
3927,73500
3928,78500
3929,87500
3930,60500
3931,96500
3932,760000
3933,87000
3934,97000
3935,22500
3936,50500
3937,43500
3938,859000
3939,127500
3940,119000
3941,71000
3942,88000
3943,81500
3944,28500
3945,191500
3946,22500
3947,113000
3948,73000
3949,62000
3950,59500
3951,106000
3952,91000
3953,89000
3954,86000
3955,84000
3956,54000
3957,94500
3958,353000
3959,123000
3960,67000
3961,774000
3962,90000
3963,82000
3964,85000
3965,105500
3966,78000
3967,501500
3968,46000
3969,112500
3970,47000
3971,65500
3972,79000
3973,98500
3974,76500
3975,100000
3976,106000
3977,74000
3978,61500
3979,77500
3980,63500
3981,81000
3982,84000
3983,57000
3984,120500
3985,106500
3986,119000
3987,46500
3988,79500
3989,75500
3990,109500
3991,43000
3992,119000
3993,62500
3994,77500
3995,116000
3996,103500
3997,67000
3998,51500
3999,87500
4000,87500
4001,91500
4002,56000
4003,59000
4004,38000
4005,86500
4006,121000
4007,94000
4008,57500
4009,76000
4010,100500
4011,131000
4012,49500
4013,106500
4014,83000
4015,72000
4016,115000
4017,743000
4018,96000
4019,68000
4020,65500
4021,63000
4022,73500
4023,81500
4024,100500
4025,106500
4026,100500
4027,84500
4028,59500
4029,27000
4030,68500
4031,55000
4032,123000
4033,120500
4034,105500
4035,543000
4036,95000
4037,65000
4038,114000
4039,510000
4040,100000
4041,56000
4042,77000
4043,77500
4044,71500
4045,31000
4046,31500
4047,517000
4048,84500
4049,97000
4050,75000
4051,119000
4052,33500
4053,81000
4054,107500
4055,79500
4056,49500
4057,112500
4058,93000
4059,80500
4060,134000
4061,39500
4062,642000
4063,66000
4064,77000
4065,111500
4066,63000
4067,87500
4068,34500
4069,86500
4070,62500
4071,44500
4072,84500
4073,234500
4074,63000
4075,520500
4076,73000
4077,78000
4078,93500
4079,82500
4080,58000
4081,79000
4082,41500
4083,57000
4084,69000
4085,99500
4086,130000
4087,81500
4088,30500
4089,542500
4090,70500
4091,810500
4092,131000
4093,112000
4094,98000
4095,88000
4096,104000
4097,43000
4098,753000
4099,48000
4100,91500
4101,66000
4102,72500
4103,92000
4104,58500
4105,100000
4106,80500
4107,93000
4108,104500
4109,82000
4110,93000
4111,69000
4112,561000
4113,50000
4114,66000
4115,96500
4116,74000
4117,97000
4118,78500
4119,98500
4120,80000
4121,109500
4122,87000
4123,63500
4124,87500
4125,89500
4126,83500
4127,85500
4128,83000
4129,98000
4130,68500
4131,106500
4132,94500
4133,59500
4134,528500
4135,54500
4136,863000
4137,97000
4138,88500
4139,107000
4140,83500
4141,84000
4142,41000
4143,52000
4144,97500
4145,77000
4146,635500
4147,80500
4148,101500
4149,55500
4150,60000
4151,47000
4152,90500
4153,82000
4154,32500
4155,105500
4156,117000
4157,91500
4158,119000
4159,58000
4160,47000
4161,647000
4162,75000
4163,64500
4164,93500
4165,111000
4166,72500
4167,85500
4168,74000
4169,84500
4170,117500
4171,873000
4172,104000
4173,114000
4174,92500
4175,98000
4176,100500
4177,75500
4178,97500
4179,47000
4180,50000
4181,88000
4182,86500
4183,83000
4184,105500
4185,103500
4186,108500
4187,87500
4188,71500
4189,755500
4190,87500
4191,37500
4192,68500
4193,76000
4194,47000
4195,61000
4196,64000
4197,40000
4198,95500
4199,73000
4200,118500
4201,63000
4202,121500
4203,66000
4204,81000
4205,814000
4206,44000
4207,29000
4208,109500
4209,72500
4210,63500
4211,96000
4212,39000
4213,99000
4214,90000
4215,91000
4216,54000
4217,43500
4218,96500
4219,113000
4220,103000
4221,111500
4222,90000
4223,69000
4224,120000
4225,102500
4226,125000
4227,67000
4228,90500
4229,115500
4230,843500
4231,59000
4232,105500
4233,278000
4234,82500
4235,520500
4236,47000
4237,30500
4238,103000
4239,46500
4240,113000
4241,90000
4242,74000
4243,108500
4244,102000
4245,82000
4246,61000
4247,36000
4248,92000
4249,61000
4250,45500
4251,88500
4252,54000
4253,111000
4254,66000
4255,16500
4256,114000
4257,53500
4258,39500
4259,70000
4260,117000
4261,63000
4262,98000
4263,45000
4264,88000
4265,53000
4266,873000
4267,121500
4268,123000
4269,105500
4270,53000
4271,85000
4272,129500
4273,66000
4274,49500
4275,55000
4276,118000
4277,122500
4278,43500
4279,53000
4280,44000
4281,107000
4282,63000
4283,105500
4284,106000
4285,80000
4286,67500
4287,115500
4288,68500
4289,69500
4290,64000
4291,123500
4292,111000
4293,107500
4294,102000
4295,80000
4296,603500
4297,123000
4298,113000
4299,92500
4300,94500
4301,55500
4302,67500
4303,115500
4304,130000
4305,122500
4306,69000
4307,89000
4308,132500
4309,82000
4310,123000
4311,121000
4312,133500
4313,96000
4314,114500
4315,119000
4316,125000
4317,82000
4318,121000
4319,130000
4320,97500
4321,100000
4322,70000
4323,85000
4324,237500
4325,77000
4326,82000
4327,59500
4328,118000
4329,103500
4330,64500
4331,88500
4332,98500
4333,99000
4334,72500
4335,84500
4336,98500
4337,77500
4338,63500
4339,72500
4340,110000
4341,87000
4342,631000
4343,94500
4344,106500
4345,85500
4346,96500
4347,61000
4348,40000
4349,119000
4350,48000
4351,56000
4352,87500
4353,109500
4354,77000
4355,80000
4356,84000
4357,58500
4358,120500
4359,91500
4360,83500
4361,99500
4362,92500
4363,674000
4364,69000
4365,84500
4366,95000
4367,106000
4368,36000
4369,68500
4370,85000
4371,67500
4372,113000
4373,95500
4374,48000
4375,116500
4376,54000
4377,90500
4378,244500
4379,92000
4380,104000
4381,70000
4382,69000
4383,95500
4384,62500
4385,65500
4386,103000
4387,25000
4388,120000
4389,55500
4390,113000
4391,78000
4392,71500
4393,39000
4394,110500
4395,34500
4396,57500
4397,65500
4398,16000
4399,106000
4400,118000
4401,94000
4402,67500
4403,90000
4404,532500
4405,92000
4406,94000
4407,71000
4408,89000
4409,29500
4410,89000
4411,51500
4412,120000
4413,89000
4414,101000
4415,737500
4416,69000
4417,111000
4418,87000
4419,81500
4420,99000
4421,62500
4422,49500
4423,143000
4424,827500
4425,88000
4426,106500
4427,129500
4428,50500
4429,38000
4430,69000
4431,117000
4432,75000
4433,89500
4434,78500
4435,87500
4436,75500
4437,109000
4438,64000
4439,54500
4440,85500
4441,92000
4442,79500
4443,65500
4444,805500
4445,134500
4446,653000
4447,53000
4448,126000
4449,76000
4450,111500
4451,682500
4452,122500
4453,123500
4454,74500
4455,46500
4456,86000
4457,117000
4458,131500
4459,25000
4460,110000
4461,71500
4462,211000
4463,566500
4464,667500
4465,57000
4466,88500
4467,98000
4468,77500
4469,74500
4470,105500
4471,85000
4472,94000
4473,134000
4474,106000
4475,58500
4476,96500
4477,124500
4478,72500
4479,50500
4480,121500
4481,65000
4482,79000
4483,74000
4484,109000
4485,100500
4486,785000
4487,70000
4488,60500
4489,769000
4490,62500
4491,112000
4492,68500
4493,782500
4494,89500
4495,82000
4496,85000
4497,99000
4498,80000
4499,46500
4500,91000
4501,118000
4502,114500
4503,97500
4504,92500
4505,89000
4506,112500
4507,102000
4508,81000
4509,77500
4510,81000
4511,85500
4512,613000
4513,814500
4514,103500
4515,62000
4516,120500
4517,129000
4518,94000
4519,60000
4520,19500
4521,68000
4522,84000
4523,39000
4524,358500
4525,125500
4526,53500
4527,55500
4528,86000
4529,746500
4530,101000
4531,38500
4532,78500
4533,21500
4534,80500
4535,564500
4536,90000
4537,68500
4538,89000
4539,51000
4540,38500
4541,98500
4542,700500
4543,102500
4544,754000
4545,89500
4546,59000
4547,58500
4548,89000
4549,86500
4550,57000
4551,39500
4552,98500
4553,127000
4554,128500
4555,81500
4556,56500
4557,80500
4558,21000
4559,80000
4560,57500
4561,63000
4562,49500
4563,116000
4564,28000
4565,83000
4566,52500
4567,838000
4568,59000
4569,100500
4570,88000
4571,64000
4572,108500
4573,77500
4574,91000
4575,87000
4576,70000
4577,86000
4578,81000
4579,88000
4580,65000
4581,117500
4582,107000
4583,74500
4584,114500
4585,75000
4586,62500
4587,89000
4588,80500
4589,65000
4590,88500
4591,83000
4592,54500
4593,69500
4594,81000
4595,91500
4596,50000
4597,119500
4598,73000
4599,61000
4600,66500
4601,110000
4602,67500
4603,41000
4604,116500
4605,75500
4606,22500
4607,101000
4608,80000
4609,68500
4610,46500
4611,105000
4612,106500
4613,69500
4614,99000
4615,122500
4616,117500
4617,886500
4618,98500
4619,51500
4620,91000
4621,68500
4622,110500
4623,122500
4624,83500
4625,124000
4626,90500
4627,95000
4628,79500
4629,118500
4630,71500
4631,45000
4632,133500
4633,68500
4634,127000
4635,826500
4636,100000
4637,98000
4638,80000
4639,129000
4640,60000
4641,160500
4642,104000
4643,127000
4644,49000
4645,60000
4646,101500
4647,34000
4648,64500
4649,75000
4650,83000
4651,63000
4652,33500
4653,68000
4654,72500
4655,35000
4656,114000
4657,112500
4658,71000
4659,85500
4660,48500
4661,74500
4662,61500
4663,29000
4664,113500
4665,57500
4666,87000
4667,87000
4668,55000
4669,304500
4670,61500
4671,36000
4672,65000
4673,104000
4674,91500
4675,97000
4676,49500
4677,63000
4678,51500
4679,54500
4680,78500
4681,632500
4682,132000
4683,63500
4684,90500
4685,80000
4686,278500
4687,33500
4688,107000
4689,91000
4690,52000
4691,84500
4692,801000
4693,58000
4694,115000
4695,106500
4696,61500
4697,93500
4698,119000
4699,96000
4700,113500
4701,90000
4702,66000
4703,70000
4704,90500
4705,123000
4706,101500
4707,94000
4708,123500
4709,89500
4710,104500
4711,131000
4712,68000
4713,66500
4714,114000
4715,73500
4716,49000
4717,84500
4718,135000
4719,55000
4720,59500
4721,96000
4722,95500
4723,76000
4724,89500
4725,58500
4726,96000
4727,52000
4728,123500
4729,89000
4730,107500
4731,530000
4732,116500
4733,74500
4734,87000
4735,114500
4736,62500
4737,62000
4738,57500
4739,89500
4740,61500
4741,86500
4742,86000
4743,112500
4744,19500
4745,127500
4746,108500
4747,26500
4748,98500
4749,90500
4750,16500
4751,57500
4752,93500
4753,112500
4754,77500
4755,98000
4756,62500
4757,105000
4758,53500
4759,55000
4760,129000
4761,103000
4762,81500
4763,74000
4764,127500
4765,60500
4766,96500
4767,98500
4768,75000
4769,63500
4770,76500
4771,88000
4772,77500
4773,79000
4774,101500
4775,734000
4776,29000
4777,40000
4778,116500
4779,53500
4780,75500
4781,77500
4782,53500
4783,536000
4784,122000
4785,73500
4786,96000
4787,78500
4788,94000
4789,30500
4790,93500
4791,99000
4792,89500
4793,57500
4794,54000
4795,56500
4796,110000
4797,133500
4798,135000
4799,127000
4800,23500
4801,129000
4802,123500
4803,96500
4804,62500
4805,50500
4806,103000
4807,87000
4808,44000
4809,99500
4810,118500
4811,48500
4812,76500
4813,52500
4814,99500
4815,72000
4816,84500
4817,75500
4818,107000
4819,113000
4820,122500
4821,80500
4822,87000
4823,81000
4824,82500
4825,88000
4826,46000
4827,49000
4828,93500
4829,19500
4830,57500
4831,103500
4832,90000
4833,106000
4834,71500
4835,94000
4836,61500
4837,103500
4838,100000
4839,69500
4840,44000
4841,52500
4842,93500
4843,94500
4844,81500
4845,71000
4846,71000
4847,59500
4848,32000
4849,116000
4850,105000
4851,112000
4852,57000
4853,90000
4854,103500
4855,61000
4856,62500
4857,96500
4858,89500
4859,76500
4860,107500
4861,45500
4862,73500
4863,117000
4864,99500
4865,120500
4866,76000
4867,106500
4868,112500
4869,65500
4870,90000
4871,114000
4872,115500
4873,113000
4874,16500
4875,95000
4876,112000
4877,43000
4878,92000
4879,104000
4880,119500
4881,83000
4882,86500
4883,109000
4884,79000
4885,115500
4886,100500
4887,99000
4888,73000
4889,91000
4890,82500
4891,122000
4892,64000
4893,51500
4894,63500
4895,128500
4896,104500
4897,107000
4898,74000
4899,112000
4900,98500
4901,45500
4902,75500
4903,97500
4904,102000
4905,58500
4906,42500
4907,97000
4908,128000
4909,77000
4910,870500
4911,103500
4912,128000
4913,64000
4914,80500
4915,606000
4916,108000
4917,866500
4918,102000
4919,79500
4920,91000
4921,90000
4922,36000
4923,69000
4924,95500
4925,68000
4926,74500
4927,111000
4928,101500
4929,85500
4930,105500
4931,81000
4932,118000
4933,506500
4934,113000
4935,82000
4936,132500
4937,61000
4938,115000
4939,134500
4940,75000
4941,61000
4942,45500
4943,54500
4944,73500
4945,58500
4946,68500
4947,133000
4948,63500
4949,94000
4950,115500
4951,872000
4952,81500
4953,71500
4954,113000
4955,126000
4956,67000
4957,62500
4958,93500
4959,73500
4960,92000
4961,59500
4962,60000
4963,839500
4964,80500
4965,194000
4966,57000
4967,121000
4968,87500
4969,85000
4970,104000
4971,59000
4972,67000
4973,116500
4974,55000
4975,133500
4976,98500
4977,39000
4978,98500
4979,48000
4980,68000
4981,69000
4982,79500
4983,126500
4984,74000
4985,82000
4986,77500
4987,91000
4988,115500
4989,68500
4990,79000
4991,31000
4992,28000
4993,123500
4994,79500
4995,33500
4996,102500
4997,99000
4998,88500
4999,68000
5000,67500
5001,77500
5002,68500
5003,63000
5004,112500
5005,129000
5006,99000
5007,74000
5008,82000
5009,70000
5010,63000
5011,104500
5012,120000
5013,80500
5014,111000
5015,104500
5016,84000
5017,126500
5018,118500
5019,59000
5020,116500
5021,98500
5022,551000
5023,620500
5024,107000
5025,40500
5026,49000
5027,65500
5028,113500
5029,116000
5030,44000
5031,114500
5032,108000
5033,84500
5034,50000
5035,617500
5036,62500
5037,75500
5038,99000
5039,35000
5040,50500
5041,96000
5042,40500
5043,76500
5044,121000
5045,45000
5046,52000
5047,102000
5048,128500
5049,894500
5050,124500
5051,60000
5052,129500
5053,112000
5054,70000
5055,86000
5056,96000
5057,61000
5058,105500
5059,82000
5060,108000
5061,104000
5062,85000
5063,91500
5064,129500
5065,100000
5066,81000
5067,804000
5068,108000
5069,65500
5070,105500
5071,127500
5072,86500
5073,99500
5074,112500
5075,350000
5076,18000
5077,31000
5078,73000
5079,609500
5080,80500
5081,135000
5082,93500
5083,90500
5084,527000
5085,74500
5086,93500
5087,59500
5088,855000
5089,84000
5090,99500
5091,59000
5092,80000
5093,71500
5094,87500
5095,98000
5096,112500
5097,108000
5098,66500
5099,308000
5100,93500
5101,98500
5102,99500
5103,103000
5104,75500
5105,90000
5106,300000
5107,35000
5108,106000
5109,892000
5110,102500
5111,91000
5112,119500
5113,75500
5114,85500
5115,125500
5116,123500
5117,108500
5118,81500
5119,128000
5120,382500
5121,112500
5122,47500
5123,21500
5124,91000
5125,524500
5126,113000
5127,751000
5128,629000
5129,63500
5130,78500
5131,47500
5132,93500
5133,90500
5134,114000
5135,96000
5136,56500
5137,76500
5138,92000
5139,98000
5140,68000
5141,127500
5142,90000
5143,91000
5144,717000
5145,92000
5146,107500
5147,98500
5148,100000
5149,37500
5150,33000
5151,64500
5152,82000
5153,104000
5154,53500
5155,91000
5156,65000
5157,89500
5158,86500
5159,121000
5160,49500
5161,117500
5162,104000
5163,142500
5164,114500
5165,77000
5166,71000
5167,88000
5168,75500
5169,107000
5170,52500
5171,112000
5172,96500
5173,535500
5174,43000
5175,111500
5176,121000
5177,88500
5178,54500
5179,44500
5180,76000
5181,93500
5182,87500
5183,84000
5184,47000
5185,71000
5186,63000
5187,55500
5188,68500
5189,31500
5190,662500
5191,638500
5192,90000
5193,89000
5194,48000
5195,75500
5196,67000
5197,74000
5198,91000
5199,83000
5200,40500
5201,114000
5202,87500
5203,129000
5204,125500
5205,66000
5206,56500
5207,118500
5208,72000
5209,831500
5210,63000
5211,62500
5212,70000
5213,46000
5214,60500
5215,102000
5216,127500
5217,59500
5218,110000
5219,101000
5220,855500
5221,79500
5222,134500
5223,107000
5224,46500
5225,55500
5226,129000
5227,85500
5228,101500
5229,119500
5230,95500
5231,126500
5232,118500
5233,89500
5234,48500
5235,57000
5236,85000
5237,112500
5238,838500
5239,120000
5240,834500
5241,125500
5242,69000
5243,84000
5244,87500
5245,36500
5246,59000
5247,51500
5248,66000
5249,799500
5250,91500
5251,74000
5252,77500
5253,56500
5254,68500
5255,61000
5256,89500
5257,116000
5258,55000
5259,66000
5260,640000
5261,82500
5262,63000
5263,98500
5264,133000
5265,89000
5266,118500
5267,131000
5268,51000
5269,94500
5270,96000
5271,82000
5272,94000
5273,78000
5274,42000
5275,38500
5276,26000
5277,102500
5278,53000
5279,115000
5280,71000
5281,97000
5282,690000
5283,49500
5284,102500
5285,82500
5286,87000
5287,86500
5288,110000
5289,91000
5290,566500
5291,110500
5292,50000
5293,758000
5294,124000
5295,85500
5296,52000
5297,875000
5298,94000
5299,121000
5300,101000
5301,97000
5302,105500
5303,116500
5304,69500
5305,107500
5306,69000
5307,124000
5308,68000
5309,131000
5310,84000
5311,80000
5312,67500
5313,39500
5314,838000
5315,52500
5316,744000
5317,715000
5318,129500
5319,65500
5320,94500
5321,75500
5322,54500
5323,31500
5324,92000
5325,103500
5326,53500
5327,29500
5328,69000
5329,55000
5330,72000
5331,93000
5332,112000
5333,96000
5334,58000
5335,94000
5336,126500
5337,72500
5338,507500
5339,114500
5340,48500
5341,103500
5342,102000
5343,132500
5344,74000
5345,95500
5346,121500
5347,76000
5348,69000
5349,81500
5350,82500
5351,72500
5352,118000
5353,94000
5354,69500
5355,119500
5356,110000
5357,98500
5358,87000
5359,128500
5360,44000
5361,49000
5362,98500
5363,123000
5364,58500
5365,110500
5366,63500
5367,42500
5368,89500
5369,78000
5370,652000
5371,114000
5372,55500
5373,104500
5374,121000
5375,71500
5376,55500
5377,126500
5378,67000
5379,644000
5380,113000
5381,94000
5382,114000
5383,104000
5384,92500
5385,118000
5386,102000
5387,118500
5388,82500
5389,93000
5390,107500
5391,97000
5392,97500
5393,64500
5394,108000
5395,106000
5396,129500
5397,71000
5398,73500
5399,104000
5400,91500
5401,93000
5402,92500
5403,783000
5404,59000
5405,86000
5406,63500
5407,99000
5408,66500
5409,114500
5410,60000
5411,116000
5412,83500
5413,93000
5414,62500
5415,74000
5416,550000
5417,23500
5418,96000
5419,111000
5420,737000
5421,80500
5422,31500
5423,66500
5424,127500
5425,112000
5426,78500
5427,42000
5428,126000
5429,110000
5430,49500
5431,95000
5432,104000
5433,118000
5434,84000
5435,87000
5436,116000
5437,43000
5438,81000
5439,106000
5440,74000
5441,61000
5442,227000
5443,72500
5444,74000
5445,80000
5446,69500
5447,27500
5448,130500
5449,548000
5450,88000
5451,94000
5452,75500
5453,24500
5454,81000
5455,84500
5456,98000
5457,125000
5458,82000
5459,66500
5460,103000
5461,18500
5462,89500
5463,63000
5464,396500
5465,80000
5466,86000
5467,92500
5468,76000
5469,126000
5470,78000
5471,80000
5472,114000
5473,79500
5474,89000
5475,106500
5476,65000
5477,108000
5478,99000
5479,77000
5480,81000
5481,89000
5482,55500
5483,69500
5484,99000
5485,109500
5486,62000
5487,102500
5488,83000
5489,63500
5490,98500
5491,63000
5492,81000
5493,91000
5494,48500
5495,77500
5496,865000
5497,94500
5498,171000
5499,896000
5500,78500
5501,126500
5502,40000
5503,80000
5504,753500
5505,100000
5506,89000
5507,761500
5508,84000
5509,108500
5510,567000
5511,30500
5512,61000
5513,109000
5514,39500
5515,111500
5516,41000
5517,345500
5518,109500
5519,90500
5520,60500
5521,100000
5522,104500
5523,91000
5524,57500
5525,61000
5526,95500
5527,108500
5528,126000
5529,118000
5530,84500
5531,38500
5532,96000
5533,75000
5534,74500
5535,375000
5536,106000
5537,100000
5538,678000
5539,125500
5540,91000
5541,110500
5542,820500
5543,73000
5544,82500
5545,50500
5546,828500
5547,81000
5548,28000
5549,31500
5550,93500
5551,111500
5552,121000
5553,79500
5554,87500
5555,112500
5556,51500
5557,44000
5558,75000
5559,24000
5560,82000
5561,93000
5562,76500
5563,70000
5564,71000
5565,88000
5566,99500
5567,73500
5568,83000
5569,92500
5570,117000
5571,77500
5572,85500
5573,69000
5574,61500
5575,97000
5576,134000
5577,75500
5578,539000
5579,114500
5580,87000
5581,102000
5582,29000
5583,107500
5584,111000
5585,74500
5586,123500
5587,69500
5588,76000
5589,101000
5590,236500
5591,104500
5592,357500
5593,85500
5594,99500
5595,43500
5596,385000
5597,111500
5598,70500
5599,43000
5600,102500
5601,117500
5602,134000
5603,115500
5604,63500
5605,58500
5606,103000
5607,772500
5608,125000
5609,84500
5610,104500
5611,65000
5612,85000
5613,101500
5614,503000
5615,97500
5616,81500
5617,56000
5618,43000
5619,57000
5620,99000
5621,169500
5622,307500
5623,113500
5624,66500
5625,95000
5626,92000
5627,61000
5628,76000
5629,114500
5630,84500
5631,64000
5632,787500
5633,107000
5634,393500
5635,78000
5636,72500
5637,759500
5638,85000
5639,97000
5640,56000
5641,130000
5642,85500
5643,66500
5644,661000
5645,96500
5646,510500
5647,72500
5648,105000
5649,102000
5650,64000
5651,74500
5652,85000
5653,70500
5654,70500
5655,105500
5656,119000
5657,260500
5658,40000
5659,79000
5660,72500
5661,85000
5662,75500
5663,119000
5664,121000
5665,104500
5666,117000
5667,124500
5668,102000
5669,86000
5670,59500
5671,54500
5672,207500
5673,46000
5674,100000
5675,75500
5676,99000
5677,98500
5678,82000
5679,67000
5680,100000
5681,79500
5682,93000
5683,67500
5684,712000
5685,132000
5686,100500
5687,97000
5688,95500
5689,75000
5690,53500
5691,61000
5692,76500
5693,120500
5694,119000
5695,45000
5696,124500
5697,77000
5698,100000
5699,156500
5700,106500
5701,107500
5702,64000
5703,81000
5704,95500
5705,74500
5706,68000
5707,97000
5708,866000
5709,120500
5710,69500
5711,83500
5712,100500
5713,71000
5714,48000
5715,108500
5716,93500
5717,89000
5718,673500
5719,95000
5720,80000
5721,517500
5722,741500
5723,97500
5724,48000
5725,111500
5726,54000
5727,86000
5728,88000
5729,42000
5730,55000
5731,116000
5732,83500
5733,133000
5734,33000
5735,112500
5736,80000
5737,109500
5738,88000
5739,57500
5740,563000
5741,54000
5742,120500
5743,37500
5744,43000
5745,120500
5746,303500
5747,127000
5748,82000
5749,42500
5750,886000
5751,133500
5752,46000
5753,108500
5754,610000
5755,128500
5756,43500
5757,50000
5758,63500
5759,70500
5760,134000
5761,74500
5762,104500
5763,39500
5764,45000
5765,64000
5766,68500
5767,99500
5768,58000
5769,98000
5770,104500
5771,71500
5772,85000
5773,80500
5774,207000
5775,46500
5776,116500
5777,131000
5778,118000
5779,71500
5780,68000
5781,89500
5782,58000
5783,370500
5784,80500
5785,67000
5786,88000
5787,52500
5788,110000
5789,79500
5790,58000
5791,119000
5792,626000
5793,81000
5794,73000
5795,66500
5796,103500
5797,52500
5798,112500
5799,123500
5800,112500
5801,85000
5802,57000
5803,104500
5804,80000
5805,54000
5806,126000
5807,70500
5808,87500
5809,91000
5810,204500
5811,83500
5812,42500
5813,69500
5814,68500
5815,29500
5816,118000
5817,115000
5818,655500
5819,65000
5820,109500
5821,51000
5822,125500
5823,64500
5824,65500
5825,106500
5826,99500
5827,107500
5828,110500
5829,124500
5830,87000
5831,153000
5832,55500
5833,42000
5834,96500
5835,118500
5836,643000
5837,93500
5838,114000
5839,123500
5840,662000
5841,63000
5842,121500
5843,106000
5844,70500
5845,71000
5846,839000
5847,69000
5848,105000
5849,49500
5850,75000
5851,43000
5852,74500
5853,354000
5854,42500
5855,111500
5856,731500
5857,88000
5858,70000
5859,82000
5860,119000
5861,102000
5862,59000
5863,81500
5864,26500
5865,75000
5866,38000
5867,63500
5868,559500
5869,106500
5870,70500
5871,62000
5872,84500
5873,80500
5874,81000
5875,44500
5876,789000
5877,122500
5878,862500
5879,105000
5880,93500
5881,75500
5882,44500
5883,96500
5884,23000
5885,98000
5886,50000
5887,593500
5888,95000
5889,71000
5890,53000
5891,104500
5892,110000
5893,72500
5894,124500
5895,104000
5896,176000
5897,126500
5898,49000
5899,71500
5900,33500
5901,73000
5902,102000
5903,99000
5904,118000
5905,118000
5906,69000
5907,291000
5908,99000
5909,99000
5910,613500
5911,133000
5912,77500
5913,57500
5914,77500
5915,62500
5916,89000
5917,95500
5918,82500
5919,814000
5920,97000
5921,29500
5922,110000
5923,79000
5924,69000
5925,644500
5926,39000
5927,98500
5928,33500
5929,85500
5930,97000
5931,65500
5932,95000
5933,47500
5934,43000
5935,86500
5936,100000
5937,89000
5938,119000
5939,95000
5940,97500
5941,112500
5942,48000
5943,83500
5944,19500
5945,58500
5946,55500
5947,73000
5948,107000
5949,71000
5950,101000
5951,71000
5952,24000
5953,56000
5954,64000
5955,75500
5956,109000
5957,87000
5958,96000
5959,44500
5960,111500
5961,81500
5962,111500
5963,87000
5964,82000
5965,84500
5966,105000
5967,53000
5968,97500
5969,838500
5970,70000
5971,121000
5972,69000
5973,83000
5974,58000
5975,101000
5976,125500
5977,98000
5978,80000
5979,89000
5980,74000
5981,63000
5982,123500
5983,88500
5984,56000
5985,64500
5986,46000
5987,116000
5988,102500
5989,31500
5990,60500
5991,83500
5992,91000
5993,81500
5994,62000
5995,89500
5996,85500
5997,65000
5998,102500
5999,59000
6000,41000
6001,58500
6002,67500
6003,79500
6004,57500
6005,93500
6006,49000
6007,47500
6008,61000
6009,28500
6010,44500
6011,117500
6012,99000
6013,100500
6014,72000
6015,95000
6016,41500
6017,92000
6018,90000
6019,54500
6020,67000
6021,64000
6022,126500
6023,60000
6024,53000
6025,122500
6026,107000
6027,56000
6028,109500
6029,103500
6030,115500
6031,67000
6032,97000
6033,75000
6034,44000
6035,56500
6036,82000
6037,66500
6038,76000
6039,117500
6040,88000
6041,95000
6042,52500
6043,53000
6044,71000
6045,105000
6046,121000
6047,88500
6048,105500
6049,117500
6050,524000
6051,120500
6052,111000
6053,130500
6054,66500
6055,62000
6056,89000
6057,80000
6058,30000
6059,85500
6060,104500
6061,118500
6062,116000
6063,83500
6064,84500
6065,63500
6066,91000
6067,20500
6068,114000
6069,75000
6070,95500
6071,99000
6072,112000
6073,97000
6074,58000
6075,61500
6076,79500
6077,646500
6078,86000
6079,79500
6080,649000
6081,89000
6082,59500
6083,115000
6084,64000
6085,81500
6086,536000
6087,89000
6088,58000
6089,107000
6090,37500
6091,117500
6092,86000
6093,824000
6094,79000
6095,125500
6096,54000
6097,119500
6098,82000
6099,115000
6100,95500
6101,99500
6102,95000
6103,124500
6104,61000
6105,80500
6106,114500
6107,775000
6108,512000
6109,102500
6110,90500
6111,69500
6112,694500
6113,79000
6114,42000
6115,92000
6116,116500
6117,85500
6118,100500
6119,92500
6120,228000
6121,101500
6122,112000
6123,864500
6124,49000
6125,582500
6126,791500
6127,62500
6128,107000
6129,52500
6130,115500
6131,59500
6132,107000
6133,110500
6134,68000
6135,84000
6136,29000
6137,119500
6138,68500
6139,48000
6140,228500
6141,127000
6142,71000
6143,112500
6144,80500
6145,86000
6146,88500
6147,19000
6148,79500
6149,661500
6150,111500
6151,809000
6152,35500
6153,90000
6154,603500
6155,87500
6156,45500
6157,36500
6158,102000
6159,83000
6160,122500
6161,80000
6162,86000
6163,707500
6164,98000
6165,115500
6166,105000
6167,111000
6168,124500
6169,101500
6170,76000
6171,88500
6172,117500
6173,24000
6174,134000
6175,56000
6176,768500
6177,89500
6178,30500
6179,100000
6180,111000
6181,87500
6182,66500
6183,86500
6184,73000
6185,79500
6186,105500
6187,95500
6188,129000
6189,91500
6190,616000
6191,647000
6192,91500
6193,65500
6194,81000
6195,99500
6196,39000
6197,121000
6198,77500
6199,121500
6200,103500
6201,123500
6202,892500
6203,60500
6204,111500
6205,90000
6206,25500
6207,47000
6208,97000
6209,67000
6210,84500
6211,29000
6212,123500
6213,682000
6214,101500
6215,115500
6216,685500
6217,71000
6218,86000
6219,88500
6220,111000
6221,98000
6222,61500
6223,120500
6224,94000
6225,99000
6226,60500
6227,585500
6228,52000
6229,86000
6230,654500
6231,55000
6232,131500
6233,110500
6234,92000
6235,124500
6236,85000
6237,36000
6238,118500
6239,132500
6240,86000
6241,74500
6242,56500
6243,651000
6244,57500
6245,127500
6246,45000
6247,59000
6248,75500
6249,108500
6250,120000
6251,103000
6252,51500
6253,43000
6254,104000
6255,119000
6256,76500
6257,57500
6258,94000
6259,34500
6260,46500
6261,57000
6262,35500
6263,55000
6264,97000
6265,110500
6266,93000
6267,70000
6268,95000
6269,59500
6270,88000
6271,104000
6272,124500
6273,93000
6274,63000
6275,108000
6276,92000
6277,114500
6278,76000
6279,52500
6280,74500
6281,88000
6282,86500
6283,33000
6284,126000
6285,76000
6286,72000
6287,55000
6288,64000
6289,114500
6290,70000
6291,125500
6292,65000
6293,103500
6294,82500
6295,52500
6296,29000
6297,96500
6298,118000
6299,86500
6300,60500
6301,86000
6302,106500
6303,56500
6304,101000
6305,98500
6306,98000
6307,131000
6308,57500
6309,96000
6310,119000
6311,635000
6312,98000
6313,133000
6314,68000
6315,122000
6316,64000
6317,90000
6318,112000
6319,117500
6320,100500
6321,102000
6322,56500
6323,70000
6324,110000
6325,94500
6326,89000
6327,45000
6328,112000
6329,46000
6330,61500
6331,83000
6332,98500
6333,176000
6334,42500
6335,117500
6336,26000
6337,89000
6338,74000
6339,110000
6340,60000
6341,77500
6342,82500
6343,104500
6344,51000
6345,73000
6346,70500
6347,73500
6348,101000
6349,249000
6350,88500
6351,90500
6352,122000
6353,104500
6354,94500
6355,95000
6356,536000
6357,126000
6358,726000
6359,74500
6360,65000
6361,502500
6362,110000
6363,120000
6364,109500
6365,102000
6366,105000
6367,131500
6368,57500
6369,66000
6370,91500
6371,104000
6372,124000
6373,90000
6374,92000
6375,85000
6376,112000
6377,114000
6378,111500
6379,121500
6380,130500
6381,83500
6382,122500
6383,29500
6384,74500
6385,771500
6386,99500
6387,128500
6388,817000
6389,96000
6390,106000
6391,78000
6392,132000
6393,69500
6394,61000
6395,66000
6396,52500
6397,121000
6398,117500
6399,88500
6400,63000
6401,103000
6402,108000
6403,30000
6404,118000
6405,70500
6406,73000
6407,55500
6408,127000
6409,121000
6410,81500
6411,75500
6412,48000
6413,81000
6414,44500
6415,118000
6416,37000
6417,101000
6418,120000
6419,27000
6420,95000
6421,101000
6422,106500
6423,89500
6424,541500
6425,106000
6426,856000
6427,62000
6428,95000
6429,80500
6430,77000
6431,99000
6432,87500
6433,276000
6434,130500
6435,70500
6436,78000
6437,115500
6438,102000
6439,115500
6440,104000
6441,68500
6442,44000
6443,111500
6444,101000
6445,117000
6446,70000
6447,112000
6448,517000
6449,101000
6450,79000
6451,100500
6452,41500
6453,57000
6454,59000
6455,525000
6456,95500
6457,119500
6458,76000
6459,72000
6460,127000
6461,88500
6462,105000
6463,93000
6464,112500
6465,121500
6466,63000
6467,107500
6468,110000
6469,788500
6470,126000
6471,109000
6472,71000
6473,94500
6474,122000
6475,79500
6476,80500
6477,64000
6478,66000
6479,89500
6480,81500
6481,90500
6482,99500
6483,73500
6484,50000
6485,81000
6486,104500
6487,67000
6488,177000
6489,175000
6490,102000
6491,531500
6492,39000
6493,96000
6494,56000
6495,81500
6496,335000
6497,82500
6498,548500
6499,131000
6500,66000
6501,112000
6502,508500
6503,94500
6504,110500
6505,82000
6506,122500
6507,46000
6508,845500
6509,105500
6510,100000
6511,91000
6512,125000
6513,73500
6514,123000
6515,828000
6516,553500
6517,95500
6518,60500
6519,97500
6520,121500
6521,228500
6522,134500
6523,130000
6524,103500
6525,71500
6526,86500
6527,39000
6528,116500
6529,82000
6530,114500
6531,49000
6532,126000
6533,92500
6534,104000
6535,51500
6536,109000
6537,40500
6538,51000
6539,115500
6540,103000
6541,259500
6542,41000
6543,86000
6544,55500
6545,80000
6546,503000
6547,98000
6548,132000
6549,72000
6550,64500
6551,105500
6552,87500
6553,109000
6554,52500
6555,87000
6556,126000
6557,68500
6558,44000
6559,117000
6560,71000
6561,117000
6562,59000
6563,67500
6564,115500
6565,76000
6566,36000
6567,35500
6568,73000
6569,55500
6570,68000
6571,97500
6572,111500
6573,111000
6574,536000
6575,59000
6576,75000
6577,73500
6578,69000
6579,35500
6580,840500
6581,76000
6582,133000
6583,52000
6584,57000
6585,88000
6586,85500
6587,39500
6588,119000
6589,120500
6590,86000
6591,120500
6592,56500
6593,106000
6594,21000
6595,802500
6596,72500
6597,66000
6598,55000
6599,96500
6600,87500
6601,104000
6602,25500
6603,77500
6604,58500
6605,80000
6606,119000
6607,98000
6608,93000
6609,99500
6610,759000
6611,92500
6612,98000
6613,98500
6614,68500
6615,72500
6616,59000
6617,89000
6618,82500
6619,104500
6620,586500
6621,104500
6622,90000
6623,72500
6624,116000
6625,63500
6626,105500
6627,119500
6628,66000
6629,114500
6630,649000
6631,24500
6632,111500
6633,87500
6634,56000
6635,898500
6636,114000
6637,113500
6638,134000
6639,65000
6640,872000
6641,128000
6642,34000
6643,95500
6644,89500
6645,71500
6646,111500
6647,117000
6648,49500
6649,96000
6650,70500
6651,112000
6652,76000
6653,130500
6654,52000
6655,131500
6656,133000
6657,91500
6658,94500
6659,45000
6660,104000
6661,84000
6662,72000
6663,101000
6664,116000
6665,81000
6666,107500
6667,85000
6668,126000
6669,54500
6670,90000
6671,28500
6672,105000
6673,102000
6674,133500
6675,65500
6676,73500
6677,62000
6678,126500
6679,68000
6680,707500
6681,811500
6682,85000
6683,331500
6684,81500
6685,70000
6686,113500
6687,100000
6688,92500
6689,116500
6690,113000
6691,255000
6692,722500
6693,48500
6694,126500
6695,43500
6696,118500
6697,74500
6698,111000
6699,61000
6700,109500
6701,119000
6702,127000
6703,69500
6704,90000
6705,73500
6706,95500
6707,92000
6708,49000
6709,117500
6710,110500
6711,70500
6712,847000
6713,83500
6714,74000
6715,55000
6716,100000
6717,88000
6718,86000
6719,120000
6720,93000
6721,115500
6722,720000
6723,80500
6724,129000
6725,35500
6726,67500
6727,551500
6728,109500
6729,897500
6730,96000
6731,78500
6732,78000
6733,69500
6734,109500
6735,84000
6736,56500
6737,101500
6738,112000
6739,110500
6740,117000
6741,115500
6742,816000
6743,90000
6744,81000
6745,127000
6746,84000
6747,120000
6748,109500
6749,38000
6750,55500
6751,69500
6752,65000
6753,77500
6754,108000
6755,99000
6756,132000
6757,57000
6758,129500
6759,66000
6760,70000
6761,98000
6762,128500
6763,80000
6764,123500
6765,98000
6766,573000
6767,72000
6768,73500
6769,82500
6770,134500
6771,27500
6772,103000
6773,561000
6774,532000
6775,72000
6776,66500
6777,85000
6778,105500
6779,31000
6780,110000
6781,722500
6782,105000
6783,134000
6784,37500
6785,125500
6786,68000
6787,49000
6788,108000
6789,95500
6790,34500
6791,18000
6792,43500
6793,78500
6794,125000
6795,107500
6796,78500
6797,71500
6798,370500
6799,96500
6800,65500
6801,76000
6802,112500
6803,67500
6804,123000
6805,83500
6806,133000
6807,108000
6808,110000
6809,81000
6810,63000
6811,65000
6812,107000
6813,94000
6814,115000
6815,102500
6816,95500
6817,66500
6818,59500
6819,835500
6820,86000
6821,77500
6822,106500
6823,89500
6824,77500
6825,38000
6826,61000
6827,102500
6828,90500
6829,97500
6830,897500
6831,75000
6832,93500
6833,48000
6834,98000
6835,125500
6836,100000
6837,46000
6838,113000
6839,100500
6840,834000
6841,93000
6842,98000
6843,55000
6844,126500
6845,62500
6846,103000
6847,102500
6848,55500
6849,93500
6850,829000
6851,45000
6852,43500
6853,76500
6854,106500
6855,55000
6856,97000
6857,52500
6858,90500
6859,77000
6860,605500
6861,93000
6862,710000
6863,95500
6864,80000
6865,84500
6866,97500
6867,110000
6868,114000
6869,97000
6870,104000
6871,133000
6872,110000
6873,72000
6874,60500
6875,80500
6876,118000
6877,106500
6878,87000
6879,83000
6880,86000
6881,66000
6882,54000
6883,72000
6884,31000
6885,73000
6886,75000
6887,90000
6888,89000
6889,104500
6890,111000
6891,62500
6892,67500
6893,88500
6894,70500
6895,109000
6896,117000
6897,51000
6898,111500
6899,46000
6900,74000
6901,101000
6902,120500
6903,123500
6904,47000
6905,68000
6906,112000
6907,98000
6908,106000
6909,72500
6910,129500
6911,131500
6912,88000
6913,126500
6914,89000
6915,62500
6916,741000
6917,565500
6918,90000
6919,92000
6920,107500
6921,820500
6922,620500
6923,85500
6924,676500
6925,78500
6926,106500
6927,76500
6928,82500
6929,76000
6930,69000
6931,88000
6932,45500
6933,77500
6934,125000
6935,76000
6936,98500
6937,51000
6938,101000
6939,585000
6940,115000
6941,106500
6942,42000
6943,58500
6944,101500
6945,82500
6946,108500
6947,63000
6948,119500
6949,82000
6950,42500
6951,111500
6952,40000
6953,89000
6954,45000
6955,93000
6956,74000
6957,87000
6958,95500
6959,69000
6960,89000
6961,50000
6962,68000
6963,99000
6964,114500
6965,66500
6966,150000
6967,71500
6968,106500
6969,83500
6970,103000
6971,86000
6972,95500
6973,101500
6974,90000
6975,97000
6976,84500
6977,674000
6978,83500
6979,86000
6980,94500
6981,93500
6982,106000
6983,82000
6984,89500
6985,83000
6986,60000
6987,62500
6988,80000
6989,79500
6990,80000
6991,122500
6992,91000
6993,261000
6994,134500
6995,46500
6996,110500
6997,109500
6998,60500
6999,98000
7000,64000
7001,102000
7002,622500
7003,117500
7004,76000
7005,45500
7006,45000
7007,80000
7008,92000
7009,38500
7010,98500
7011,133500
7012,123500
7013,82000
7014,125000
7015,76500
7016,35500
7017,88000
7018,80000
7019,91000
7020,99500
7021,82500
7022,90000
7023,39500
7024,76500
7025,64000
7026,77500
7027,113000
7028,54000
7029,118500
7030,116500
7031,37000
7032,81000
7033,120000
7034,89500
7035,81000
7036,64500
7037,734500
7038,62000
7039,106000
7040,91000
7041,96000
7042,88000
7043,60000
7044,72000
7045,117500
7046,84500
7047,132500
7048,91500
7049,49500
7050,619500
7051,91000
7052,762500
7053,85500
7054,130000
7055,41500
7056,48000
7057,46000
7058,117000
7059,55000
7060,106000
7061,93000
7062,28500
7063,101500
7064,557000
7065,109500
7066,28000
7067,50000
7068,90000
7069,78000
7070,74000
7071,84500
7072,99500
7073,51000
7074,52000
7075,121500
7076,97000
7077,43000
7078,107000
7079,41500
7080,45000
7081,104500
7082,129000
7083,70000
7084,78500
7085,78000
7086,24000
7087,110500
7088,114500
7089,122500
7090,73000
7091,60000
7092,97500
7093,87000
7094,96000
7095,92000
7096,32000
7097,106000
7098,118000
7099,62500
7100,23000
7101,77000
7102,106000
7103,103000
7104,118000
7105,55000
7106,106500
7107,72500
7108,66000
7109,43500
7110,129500
7111,71500
7112,82000
7113,37500
7114,112000
7115,94000
7116,82500
7117,115500
7118,73000
7119,84500
7120,66000
7121,74000
7122,368000
7123,324000
7124,100500
7125,64000
7126,81000
7127,36000
7128,101000
7129,69500
7130,82000
7131,102000
7132,54500
7133,101500
7134,155500
7135,29500
7136,847500
7137,107500
7138,92500
7139,70500
7140,63500
7141,115500
7142,76500
7143,61000
7144,58500
7145,65000
7146,75500
7147,111500
7148,86500
7149,66000
7150,77000
7151,48500
7152,48000
7153,31500
7154,65000
7155,87500
7156,91000
7157,98000
7158,117000
7159,58000
7160,110000
7161,126500
7162,100000
7163,124500
7164,75500
7165,87500
7166,81000
7167,35000
7168,58000
7169,113500
7170,92500
7171,84500
7172,64500
7173,60500
7174,92500
7175,77000
7176,112500
7177,116000
7178,57000
7179,704500
7180,39000
7181,85000
7182,96500
7183,102500
7184,87500
7185,57000
7186,102500
7187,94500
7188,100000
7189,63000
7190,112000
7191,65000
7192,111500
7193,80500
7194,94500
7195,70000
7196,102000
7197,118000
7198,45000
7199,100500
7200,54000
7201,101500
7202,72000
7203,54500
7204,75000
7205,88000
7206,106500
7207,49500
7208,65000
7209,82500
7210,107000
7211,500000
7212,41500
7213,57000
7214,67000
7215,114500
7216,127000
7217,554000
7218,78500
7219,113500
7220,811500
7221,68500
7222,98000
7223,94000
7224,874500
7225,71000
7226,77500
7227,89500
7228,54500
7229,50000
7230,117500
7231,123500
7232,93500
7233,94000
7234,94000
7235,103500
7236,51000
7237,65000
7238,107000
7239,86000
7240,105000
7241,134500
7242,763500
7243,25500
7244,69000
7245,37500
7246,87000
7247,121000
7248,76000
7249,84000
7250,102000
7251,49000
7252,110500
7253,58500
7254,36500
7255,95000
7256,55500
7257,99000
7258,55000
7259,129000
7260,339000
7261,68500
7262,110000
7263,90500
7264,86500
7265,108000
7266,82000
7267,94500
7268,54500
7269,68500
7270,67000
7271,104500
7272,81500
7273,31000
7274,119500
7275,74000
7276,83500
7277,94500
7278,120000
7279,70500
7280,73000
7281,78500
7282,80500
7283,97500
7284,101500
7285,88500
7286,61000
7287,94000
7288,107500
7289,62500
7290,86500
7291,74500
7292,61000
7293,81500
7294,124500
7295,89500
7296,120500
7297,41500
7298,102500
7299,83000
7300,44500
7301,37500
7302,87000
7303,62500
7304,68500
7305,161000
7306,123000
7307,83500
7308,826000
7309,38000
7310,67000
7311,558500
7312,74500
7313,89000
7314,90000
7315,49000
7316,113000
7317,103500
7318,79500
7319,75500
7320,108000
7321,121000
7322,542000
7323,51000
7324,92500
7325,54000
7326,88500
7327,114000
7328,51000
7329,82000
7330,126500
7331,103000
7332,106000
7333,60500
7334,637500
7335,77000
7336,114500
7337,26500
7338,632500
7339,98500
7340,68500
7341,76000
7342,887000
7343,576000
7344,105000
7345,80500
7346,119000
7347,686500
7348,65500
7349,98500
7350,113000
7351,54000
7352,108000
7353,50500
7354,62500
7355,784000
7356,126500
7357,43000
7358,106000
7359,121500
7360,105000
7361,131500
7362,59500
7363,821000
7364,114500
7365,76500
7366,107500
7367,85500
7368,96000
7369,87000
7370,51000
7371,56500
7372,233000
7373,792000
7374,66000
7375,23000
7376,20500
7377,30500
7378,77000
7379,91500
7380,110000
7381,122000
7382,92000
7383,63500
7384,101500
7385,87000
7386,112500
7387,524500
7388,127000
7389,62500
7390,83500
7391,102000
7392,132500
7393,81000
7394,85000
7395,52000
7396,68000
7397,106500
7398,101000
7399,50500
7400,112500
7401,94500
7402,92000
7403,92000
7404,82000
7405,79500
7406,506000
7407,117500
7408,119000
7409,101500
7410,97500
7411,106500
7412,57000
7413,659500
7414,55500
7415,88000
7416,86000
7417,32500
7418,77500
7419,89500
7420,50500
7421,49500
7422,100500
7423,667500
7424,70500
7425,124000
7426,39000
7427,97500
7428,71000
7429,51500
7430,108500
7431,111500
7432,118500
7433,110500
7434,64000
7435,894500
7436,85500
7437,89000
7438,111000
7439,121000
7440,109000
7441,101000
7442,27500
7443,82500
7444,110000
7445,96500
7446,85000
7447,132500
7448,107500
7449,84500
7450,53500
7451,99500
7452,103000
7453,18500
7454,89000
7455,743500
7456,73500
7457,69500
7458,114000
7459,72000
7460,773500
7461,88500
7462,79500
7463,36000
7464,90000
7465,117500
7466,114000
7467,102500
7468,91000
7469,91500
7470,94500
7471,53000
7472,80500
7473,99000
7474,895000
7475,50500
7476,112000
7477,562000
7478,85500
7479,57000
7480,55000
7481,108500
7482,79500
7483,48000
7484,68500
7485,617500
7486,92500
7487,73000
7488,96500
7489,92500
7490,130500
7491,95000
7492,379500
7493,83500
7494,95500
7495,72000
7496,98500
7497,232500
7498,78500
7499,108000
7500,76500
7501,58000
7502,177500
7503,109000
7504,73000
7505,104500
7506,112500
7507,93000
7508,515000
7509,84000
7510,69000
7511,66000
7512,102500
7513,20500
7514,81000
7515,626500
7516,124500
7517,830000
7518,623000
7519,119000
7520,113000
7521,102500
7522,99000
7523,71000
7524,122500
7525,67500
7526,97500
7527,121000
7528,108500
7529,130500
7530,86000
7531,22500
7532,77000
7533,95000
7534,89000
7535,68000
7536,78000
7537,71500
7538,115000
7539,51500
7540,62500
7541,43000
7542,71000
7543,74000
7544,79500
7545,114500
7546,128500
7547,31500
7548,53000
7549,44500
7550,96500
7551,92000
7552,33500
7553,25500
7554,98500
7555,71000
7556,56000
7557,70000
7558,83500
7559,98000
7560,51500
7561,84000
7562,113500
7563,113500
7564,63500
7565,95000
7566,54500
7567,106000
7568,76000
7569,93000
7570,82500
7571,91500
7572,126500
7573,101500
7574,114500
7575,300500
7576,95500
7577,102000
7578,79000
7579,73000
7580,668500
7581,16000
7582,106000
7583,604000
7584,109500
7585,93000
7586,92500
7587,91500
7588,53500
7589,74500
7590,150500
7591,77000
7592,64000
7593,747500
7594,73000
7595,128000
7596,113500
7597,50000
7598,93500
7599,95000
7600,41500
7601,77000
7602,739500
7603,96500
7604,59500
7605,81000
7606,75500
7607,114000
7608,89000
7609,118500
7610,94000
7611,91000
7612,131500
7613,64000
7614,108500
7615,864000
7616,93000
7617,41500
7618,98000
7619,109000
7620,87500
7621,125000
7622,41500
7623,99500
7624,98000
7625,122500
7626,67000
7627,58500
7628,87000
7629,44500
7630,90000
7631,714500
7632,119500
7633,121000
7634,93500
7635,55000
7636,57500
7637,121000
7638,109000
7639,80000
7640,80500
7641,52000
7642,779500
7643,70000
7644,54500
7645,666500
7646,562500
7647,364000
7648,73000
7649,94000
7650,24500
7651,574000
7652,119000
7653,76000
7654,51000
7655,68500
7656,100000
7657,104000
7658,711000
7659,61000
7660,64000
7661,80000
7662,69500
7663,84000
7664,89000
7665,83500
7666,82000
7667,94500
7668,41500
7669,73500
7670,37500
7671,69000
7672,68000
7673,126500
7674,76000
7675,76500
7676,80000
7677,301000
7678,82500
7679,21000
7680,83000
7681,588500
7682,27500
7683,124500
7684,56000
7685,674500
7686,87500
7687,55500
7688,86000
7689,89500
7690,92500
7691,97000
7692,67000
7693,71500
7694,118000
7695,79500
7696,40500
7697,96500
7698,53500
7699,69000
7700,132500
7701,85500
7702,63000
7703,45500
7704,71000
7705,103500
7706,17000
7707,73000
7708,72500
7709,132500
7710,50500
7711,80000
7712,99000
7713,86000
7714,98000
7715,49500
7716,118000
7717,114000
7718,814000
7719,96500
7720,133500
7721,53500
7722,63000
7723,128000
7724,92500
7725,55500
7726,127000
7727,58000
7728,114500
7729,90000
7730,120000
7731,62500
7732,70500
7733,114500
7734,74500
7735,114000
7736,107500
7737,76000
7738,20500
7739,577500
7740,84500
7741,120000
7742,51500
7743,113500
7744,78500
7745,56000
7746,83500
7747,35500
7748,107500
7749,107000
7750,88000
7751,62500
7752,75500
7753,113500
7754,105000
7755,86500
7756,113500
7757,501000
7758,121500
7759,50500
7760,100500
7761,44000
7762,80000
7763,105500
7764,813500
7765,128500
7766,82000
7767,71000
7768,74000
7769,105500
7770,83000
7771,73000
7772,114000
7773,67000
7774,88500
7775,36500
7776,118000
7777,105500
7778,89000
7779,94000
7780,678500
7781,91500
7782,44000
7783,37000
7784,83500
7785,101000
7786,50000
7787,96500
7788,85000
7789,50000
7790,57500
7791,63500
7792,45000
7793,83500
7794,47500
7795,111500
7796,79500
7797,85000
7798,57000
7799,104000
7800,49000
7801,77000
7802,53500
7803,65000
7804,115500
7805,66500
7806,45500
7807,72000
7808,84500
7809,90000
7810,89000
7811,87000
7812,82500
7813,78000
7814,102500
7815,22500
7816,62500
7817,118500
7818,97500
7819,63500
7820,74000
7821,59500
7822,109000
7823,120000
7824,43000
7825,116500
7826,73500
7827,107000
7828,121500
7829,88500
7830,121000
7831,83500
7832,525500
7833,623000
7834,109500
7835,73000
7836,99000
7837,100000
7838,871500
7839,70500
7840,57000
7841,501500
7842,60500
7843,118000
7844,73500
7845,90000
7846,41500
7847,56000
7848,76000
7849,88000
7850,77000
7851,67500
7852,59500
7853,97000
7854,511000
7855,80500
7856,81000
7857,83500
7858,78000
7859,109500
7860,41000
7861,120500
7862,103000
7863,128000
7864,70000
7865,88500
7866,123500
7867,95500
7868,91000
7869,111500
7870,78500
7871,52500
7872,46000
7873,84500
7874,100000
7875,47500
7876,103000
7877,117000
7878,135000
7879,81000
7880,43000
7881,70000
7882,39500
7883,56000
7884,55500
7885,134000
7886,57000
7887,90000
7888,104000
7889,58000
7890,783500
7891,70500
7892,30500
7893,79000
7894,54500
7895,80000
7896,77500
7897,113000
7898,96500
7899,54000
7900,82500
7901,115000
7902,102000
7903,693000
7904,104500
7905,75000
7906,122000
7907,86500
7908,112000
7909,113000
7910,63000
7911,96000
7912,107500
7913,60000
7914,33000
7915,67500
7916,101000
7917,334000
7918,254000
7919,108000
7920,88000
7921,106000
7922,109000
7923,704500
7924,67500
7925,89500
7926,76000
7927,107500
7928,122500
7929,111000
7930,72500
7931,109000
7932,112000
7933,50000
7934,90000
7935,67500
7936,608500
7937,99500
7938,129500
7939,66000
7940,58500
7941,39500
7942,78000
7943,706500
7944,525500
7945,89500
7946,786000
7947,49000
7948,629000
7949,92000
7950,850000
7951,109000
7952,122000
7953,63000
7954,104000
7955,41500
7956,72500
7957,105000
7958,67000
7959,81000
7960,119000
7961,61500
7962,59000
7963,61500
7964,110000
7965,105000
7966,56000
7967,70500
7968,88000
7969,104500
7970,107500
7971,87000
7972,78000
7973,57500
7974,95500
7975,119000
7976,92000
7977,78000
7978,123500
7979,100000
7980,37500
7981,63000
7982,77000
7983,114000
7984,101000
7985,70500
7986,68000
7987,98500
7988,54500
7989,83500
7990,118000
7991,84000
7992,50000
7993,55500
7994,59500
7995,77000
7996,32000
7997,82500
7998,80500
7999,100000
8000,32000
8001,109000
8002,103000
8003,32000
8004,105500
8005,85500
8006,89500
8007,45500
8008,63500
8009,123000
8010,116500
8011,108000
8012,68500
8013,124000
8014,50000
8015,63000
8016,106500
8017,52000
8018,89000
8019,42500
8020,37000
8021,106500
8022,52500
8023,53000
8024,97500
8025,83500
8026,110500
8027,107500
8028,82000
8029,65000
8030,71500
8031,360500
8032,79000
8033,102000
8034,75500
8035,78500
8036,104500
8037,84000
8038,74500
8039,68500
8040,100500
8041,42500
8042,95000
8043,93500
8044,876000
8045,113000
8046,84500
8047,54500
8048,48500
8049,83000
8050,70500
8051,70000
8052,107000
8053,76000
8054,97500
8055,98500
8056,104000
8057,104500
8058,508000
8059,128500
8060,45500
8061,50500
8062,767500
8063,96500
8064,106500
8065,123000
8066,70000
8067,40500
8068,77500
8069,74500
8070,71500
8071,87500
8072,74500
8073,88000
8074,74500
8075,114000
8076,794000
8077,84000
8078,81500
8079,115000
8080,51000
8081,46500
8082,34500
8083,44000
8084,334000
8085,117500
8086,126000
8087,42500
8088,79500
8089,91000
8090,37000
8091,92000
8092,75000
8093,53500
8094,78500
8095,84000
8096,70000
8097,86500
8098,330500
8099,88000
8100,73500
8101,108000
8102,76000
8103,54000
8104,55000
8105,126000
8106,78500
8107,88000
8108,80000
8109,96500
8110,119000
8111,62000
8112,76000
8113,86000
8114,71000
8115,124500
8116,67000
8117,109500
8118,127500
8119,58000
8120,833000
8121,60500
8122,128000
8123,89500
8124,47500
8125,125000
8126,104000
8127,109500
8128,103500
8129,58500
8130,75500
8131,123500
8132,71000
8133,62000
8134,735500
8135,86500
8136,106500
8137,162500
8138,86500
8139,91000
8140,662500
8141,123500
8142,60000
8143,81000
8144,71500
8145,677500
8146,53500
8147,75500
8148,97000
8149,108000
8150,86500
8151,85000
8152,77500
8153,111000
8154,96500
8155,812500
8156,110000
8157,92000
8158,98000
8159,100500
8160,65500
8161,78000
8162,122000
8163,55500
8164,53000
8165,21500
8166,30500
8167,118000
8168,61500
8169,58500
8170,47500
8171,105000
8172,105000
8173,102500
8174,43500
8175,114500
8176,83500
8177,307000
8178,610500
8179,41500
8180,108000
8181,83000
8182,69500
8183,55000
8184,97000
8185,98000
8186,121500
8187,109000
8188,95000
8189,96000
8190,111000
8191,96000
8192,109500
8193,98500
8194,677000
8195,45000
8196,124500
8197,846500
8198,513500
8199,91000
8200,68500
8201,109500
8202,96500
8203,101500
8204,80500
8205,97000
8206,90500
8207,527000
8208,125500
8209,92000
8210,104000
8211,80500
8212,94500
8213,45000
8214,120500
8215,111000
8216,895500
8217,85500
8218,69000
8219,62000
8220,282500
8221,103000
8222,123500
8223,36000
8224,64500
8225,87500
8226,128000
8227,70500
8228,47500
8229,86000
8230,243500
8231,110500
8232,102500
8233,74000
8234,69500
8235,68000
8236,108500
8237,126000
8238,70000
8239,115500
8240,131000
8241,99000
8242,537000
8243,78500
8244,125500
8245,92000
8246,760500
8247,41000
8248,93000
8249,81500
8250,106500
8251,132000
8252,39000
8253,114500
8254,83500
8255,534000
8256,106500
8257,99000
8258,109000
8259,47000
8260,63500
8261,101500
8262,66500
8263,107000
8264,42000
8265,117500
8266,371000
8267,91500
8268,97000
8269,122000
8270,802500
8271,123000
8272,52500
8273,109500
8274,83000
8275,113000
8276,93000
8277,110000
8278,107000
8279,83500
8280,34000
8281,80500
8282,38000
8283,79500
8284,26000
8285,81000
8286,100000
8287,108500
8288,71500
8289,58500
8290,80500
8291,68000
8292,29000
8293,67500
8294,92000
8295,91500
8296,109500
8297,173000
8298,86500
8299,86500
8300,125500
8301,68500
8302,68500
8303,94000
8304,78500
8305,115000
8306,103500
8307,73000
8308,167000
8309,49000
8310,41000
8311,712000
8312,45000
8313,104000
8314,82000
8315,46000
8316,118000
8317,106500
8318,76000
8319,112500
8320,43500
8321,112500
8322,116500
8323,221500
8324,85000
8325,51500
8326,105500
8327,65500
8328,129000
8329,90000
8330,102500
8331,95000
8332,83500
8333,67500
8334,111500
8335,50000
8336,798000
8337,107500
8338,80500
8339,128500
8340,84500
8341,91500
8342,111000
8343,88000
8344,64000
8345,96000
8346,69000
8347,115000
8348,59500
8349,66500
8350,52000
8351,102500
8352,92000
8353,101000
8354,105000
8355,101000
8356,92500
8357,46000
8358,107500
8359,97000
8360,130000
8361,74500
8362,115500
8363,50500
8364,77000
8365,100000
8366,110500
8367,112500
8368,195000
8369,727500
8370,65000
8371,96500
8372,105000
8373,98000
8374,96500
8375,54500
8376,97500
8377,105000
8378,96500
8379,82000
8380,132500
8381,51000
8382,116500
8383,91000
8384,114000
8385,794500
8386,97000
8387,118000
8388,85500
8389,66500
8390,36000
8391,67000
8392,98000
8393,95000
8394,59000
8395,82000
8396,121000
8397,89500
8398,21000
8399,89500
8400,119000
8401,116500
8402,825000
8403,88500
8404,112500
8405,88500
8406,40000
8407,84500
8408,65500
8409,59000
8410,371500
8411,63500
8412,57500
8413,33500
8414,68000
8415,56500
8416,47500
8417,85000
8418,76000
8419,115500
8420,62000
8421,89500
8422,27000
8423,95000
8424,125000
8425,94500
8426,134500
8427,79500
8428,83000
8429,73500
8430,73000
8431,73500
8432,117500
8433,83000
8434,71500
8435,126500
8436,122000
8437,117500
8438,525000
8439,81500
8440,64500
8441,116000
8442,246000
8443,86500
8444,129000
8445,128500
8446,91000
8447,116500
8448,125500
8449,113500
8450,122500
8451,80500
8452,71500
8453,110500
8454,98000
8455,119000
8456,69000
8457,109500
8458,104500
8459,79500
8460,74500
8461,48500
8462,77000
8463,75000
8464,27500
8465,39000
8466,72000
8467,103000
8468,38000
8469,61000
8470,108500
8471,113500
8472,84000
8473,92500
8474,65500
8475,116500
8476,133500
8477,78500
8478,88500
8479,100500
8480,114000
8481,128500
8482,592500
8483,120500
8484,98500
8485,51500
8486,66000
8487,749500
8488,69000
8489,77000
8490,107000
8491,46500
8492,67000
8493,81500
8494,134000
8495,93500
8496,95000
8497,99000
8498,88500
8499,76500
8500,84500
8501,719500
8502,93000
8503,82000
8504,114500
8505,65000
8506,98000
8507,49500
8508,153000
8509,96000
8510,60500
8511,93000
8512,90500
8513,110000
8514,106500
8515,94500
8516,115000
8517,674500
8518,69000
8519,58500
8520,90500
8521,91500
8522,74500
8523,114000
8524,67500
8525,277000
8526,377500
8527,79500
8528,87000
8529,70000
8530,86500
8531,84000
8532,116000
8533,627000
8534,102000
8535,73000
8536,91000
8537,114500
8538,46000
8539,98500
8540,115000
8541,725500
8542,50500
8543,40500
8544,52000
8545,654500
8546,64500
8547,33000
8548,98000
8549,64500
8550,732000
8551,60000
8552,92000
8553,94000
8554,83000
8555,88000
8556,121000
8557,127000
8558,112000
8559,286000
8560,134500
8561,707000
8562,117500
8563,106500
8564,79000
8565,112000
8566,669000
8567,46500
8568,96000
8569,94500
8570,70500
8571,100500
8572,97500
8573,61000
8574,655000
8575,70500
8576,37000
8577,729500
8578,86000
8579,112500
8580,63000
8581,92500
8582,67500
8583,45500
8584,633000
8585,111000
8586,92500
8587,44000
8588,108000
8589,85000
8590,43000
8591,58500
8592,117000
8593,113000
8594,117000
8595,49000
8596,112500
8597,63500
8598,131000
8599,117000
8600,91000
8601,72000
8602,93500
8603,89500
8604,108000
8605,571000
8606,80500
8607,37500
8608,28500
8609,119000
8610,91000
8611,76500
8612,97500
8613,125000
8614,117000
8615,29000
8616,46000
8617,117500
8618,98500
8619,50500
8620,120000
8621,109500
8622,82500
8623,114500
8624,93500
8625,107500
8626,595000
8627,116500
8628,96000
8629,113000
8630,99000
8631,73500
8632,46500
8633,73000
8634,95500
8635,92000
8636,55500
8637,90500
8638,105500
8639,84500
8640,133500
8641,76000
8642,78500
8643,116500
8644,113500
8645,111500
8646,124000
8647,77000
8648,847000
8649,75500
8650,69000
8651,103500
8652,100500
8653,128000
8654,37500
8655,94500
8656,67000
8657,104000
8658,37500
8659,65000
8660,20000
8661,90000
8662,65500
8663,106000
8664,576500
8665,846500
8666,89500
8667,89500
8668,58000
8669,81500
8670,41000
8671,108000
8672,96500
8673,69500
8674,43000
8675,95000
8676,115000
8677,116000
8678,68000
8679,50500
8680,68000
8681,68500
8682,107000
8683,92500
8684,116500
8685,94500
8686,86500
8687,103500
8688,698000
8689,101500
8690,75500
8691,95000
8692,36500
8693,83500
8694,38000
8695,798000
8696,105000
8697,47000
8698,99000
8699,81000
8700,533500
8701,87500
8702,34000
8703,796000
8704,64500
8705,109000
8706,68000
8707,64000
8708,60500
8709,72000
8710,116500
8711,132500
8712,78500
8713,79500
8714,93000
8715,89500
8716,54000
8717,75000
8718,91500
8719,75000
8720,101000
8721,114500
8722,56000
8723,61000
8724,83500
8725,691000
8726,45500
8727,130500
8728,92500
8729,99000
8730,113500
8731,24500
8732,94500
8733,53000
8734,91500
8735,85000
8736,66500
8737,89500
8738,120500
8739,125000
8740,99000
8741,48000
8742,102000
8743,67000
8744,72500
8745,104500
8746,95000
8747,101000
8748,106500
8749,86500
8750,115500
8751,83500
8752,899000
8753,40500
8754,554500
8755,111500
8756,54000
8757,80500
8758,108000
8759,74000
8760,62000
8761,74500
8762,87000
8763,86500
8764,94000
8765,97000
8766,44500
8767,87000
8768,109500
8769,652500
8770,76500
8771,89500
8772,87500
8773,81000
8774,57500
8775,75500
8776,71500
8777,108500
8778,290000
8779,242500
8780,36000
8781,79000
8782,82000
8783,61500
8784,80500
8785,39000
8786,66000
8787,133500
8788,59000
8789,75500
8790,59000
8791,49000
8792,101500
8793,119500
8794,47500
8795,94000
8796,47500
8797,104000
8798,92500
8799,83500
8800,549500
8801,99500
8802,83500
8803,559000
8804,97500
8805,105500
8806,58000
8807,98500
8808,65500
8809,64500
8810,681000
8811,174000
8812,740000
8813,106000
8814,88000
8815,77000
8816,63000
8817,84500
8818,88000
8819,96500
8820,127000
8821,70500
8822,88500
8823,73000
8824,25500
8825,65000
8826,73500
8827,123000
8828,105000
8829,31000
8830,127500
8831,746500
8832,57500
8833,76500
8834,115000
8835,94000
8836,90500
8837,205500
8838,84000
8839,116000
8840,91000
8841,78000
8842,84000
8843,125500
8844,77500
8845,76500
8846,91500
8847,67500
8848,80000
8849,88500
8850,97500
8851,611500
8852,43500
8853,56500
8854,100500
8855,120000
8856,92000
8857,91000
8858,82500
8859,80500
8860,112000
8861,93500
8862,83500
8863,58500
8864,565500
8865,95500
8866,66500
8867,124500
8868,72000
8869,30000
8870,107500
8871,88500
8872,100000
8873,91000
8874,88500
8875,117500
8876,75000
8877,64000
8878,52500
8879,103500
8880,78500
8881,106000
8882,75500
8883,51500
8884,80000
8885,576500
8886,84500
8887,79500
8888,90000
8889,103000
8890,87000
8891,129000
8892,736000
8893,113500
8894,81000
8895,575500
8896,102500
8897,31500
8898,110000
8899,111500
8900,131500
8901,50000
8902,95000
8903,83000
8904,52500
8905,108000
8906,73000
8907,96500
8908,117000
8909,99000
8910,105500
8911,64500
8912,69000
8913,94500
8914,106000
8915,65000
8916,76000
8917,68500
8918,65500
8919,83000
8920,598500
8921,60500
8922,68500
8923,123500
8924,112000
8925,114000
8926,97500
8927,83500
8928,78000
8929,39500
8930,96500
8931,66000
8932,68000
8933,112500
8934,77500
8935,835500
8936,122000
8937,116000
8938,43000
8939,113500
8940,98500
8941,60000
8942,54000
8943,107500
8944,84000
8945,57000
8946,54000
8947,63500
8948,131500
8949,102500
8950,857000
8951,797500
8952,65500
8953,104500
8954,97500
8955,93000
8956,85500
8957,91000
8958,102000
8959,24500
8960,62500
8961,804500
8962,59000
8963,779000
8964,97000
8965,88500
8966,75500
8967,111500
8968,73500
8969,70500
8970,77500
8971,85000
8972,15500
8973,85000
8974,85500
8975,388500
8976,69500
8977,104000
8978,109500
8979,81000
8980,85000
8981,255500
8982,120500
8983,118500
8984,106000
8985,53000
8986,77500
8987,83000
8988,15500
8989,21000
8990,122000
8991,99500
8992,73000
8993,78000
8994,104000
8995,128500
8996,91000
8997,47500
8998,95000
8999,719000
9000,104000
9001,97500
9002,709500
9003,40500
9004,91000
9005,65000
9006,899500
9007,733500
9008,628000
9009,50500
9010,54500
9011,93500
9012,96500
9013,95000
9014,91000
9015,601000
9016,69500
9017,38500
9018,816000
9019,115500
9020,110000
9021,875500
9022,55000
9023,117500
9024,89000
9025,94500
9026,25500
9027,68500
9028,80000
9029,70000
9030,92000
9031,119000
9032,128000
9033,32500
9034,546500
9035,116000
9036,60000
9037,59500
9038,117000
9039,648000
9040,75500
9041,87500
9042,46000
9043,70000
9044,82000
9045,104500
9046,111500
9047,112000
9048,17000
9049,75000
9050,71500
9051,61000
9052,89500
9053,78000
9054,57500
9055,55500
9056,517500
9057,82500
9058,126000
9059,41500
9060,81000
9061,85000
9062,78000
9063,124500
9064,65500
9065,76000
9066,107000
9067,92500
9068,833500
9069,97500
9070,58500
9071,70500
9072,109500
9073,91500
9074,30000
9075,56000
9076,110000
9077,123000
9078,107000
9079,101500
9080,69500
9081,75500
9082,53500
9083,75000
9084,45500
9085,86000
9086,67500
9087,78000
9088,64000
9089,107000
9090,95500
9091,60000
9092,104500
9093,84000
9094,64500
9095,41500
9096,121000
9097,67000
9098,114000
9099,109000
9100,72500
9101,858000
9102,94500
9103,63500
9104,90000
9105,69500
9106,69500
9107,125500
9108,104000
9109,80500
9110,86000
9111,115000
9112,64000
9113,90500
9114,86000
9115,51500
9116,111000
9117,810000
9118,72500
9119,25000
9120,95000
9121,77500
9122,27000
9123,691000
9124,74500
9125,123500
9126,94500
9127,57000
9128,103000
9129,89000
9130,96000
9131,99000
9132,58500
9133,66000
9134,615000
9135,116500
9136,120000
9137,75000
9138,78500
9139,99000
9140,113500
9141,67500
9142,39000
9143,872000
9144,90000
9145,74000
9146,18500
9147,91000
9148,78000
9149,49500
9150,73000
9151,821000
9152,98000
9153,115000
9154,66000
9155,97500
9156,46000
9157,95500
9158,68000
9159,94000
9160,132000
9161,118500
9162,44000
9163,534000
9164,89000
9165,56500
9166,76000
9167,115500
9168,49500
9169,122500
9170,106500
9171,59500
9172,104000
9173,725000
9174,76000
9175,78500
9176,78000
9177,100500
9178,96500
9179,113500
9180,72500
9181,117500
9182,95000
9183,65500
9184,84000
9185,99500
9186,92500
9187,130500
9188,119000
9189,103000
9190,82000
9191,105000
9192,95500
9193,92500
9194,61000
9195,771500
9196,60500
9197,74000
9198,45000
9199,63500
9200,248000
9201,73000
9202,112000
9203,82500
9204,92000
9205,619000
9206,104500
9207,88500
9208,92500
9209,101500
9210,107500
9211,81500
9212,65000
9213,121000
9214,54000
9215,119000
9216,88500
9217,94500
9218,77500
9219,48500
9220,77500
9221,44000
9222,106000
9223,76500
9224,109000
9225,75000
9226,69500
9227,109500
9228,117000
9229,64000
9230,102000
9231,49000
9232,99000
9233,75500
9234,94000
9235,111000
9236,85500
9237,52500
9238,109000
9239,88000
9240,105500
9241,87500
9242,547000
9243,106000
9244,777000
9245,117000
9246,53500
9247,69000
9248,103500
9249,103000
9250,72000
9251,94000
9252,109000
9253,92500
9254,805500
9255,60500
9256,71500
9257,84000
9258,70000
9259,100000
9260,100000
9261,48500
9262,96000
9263,646000
9264,107500
9265,112500
9266,93000
9267,93500
9268,71000
9269,133500
9270,106500
9271,101000
9272,103000
9273,722500
9274,116500
9275,74500
9276,37500
9277,58500
9278,133000
9279,73500
9280,99500
9281,99000
9282,126500
9283,87500
9284,116500
9285,122500
9286,73000
9287,80000
9288,88000
9289,71500
9290,90000
9291,84000
9292,128500
9293,101000
9294,115000
9295,128000
9296,72500
9297,127500
9298,134500
9299,71000
9300,41500
9301,98000
9302,728000
9303,743500
9304,15000
9305,91000
9306,77500
9307,102000
9308,62000
9309,83500
9310,80000
9311,57500
9312,102500
9313,103000
9314,114500
9315,566500
9316,61000
9317,89500
9318,15500
9319,68500
9320,81000
9321,110000
9322,99000
9323,74500
9324,75000
9325,92000
9326,133500
9327,72000
9328,94000
9329,102500
9330,88000
9331,55000
9332,89500
9333,72000
9334,52000
9335,98000
9336,96500
9337,115000
9338,670500
9339,66500
9340,64000
9341,114000
9342,96000
9343,68000
9344,65500
9345,103000
9346,42500
9347,108000
9348,71500
9349,65500
9350,32500
9351,657000
9352,613500
9353,833000
9354,48000
9355,92500
9356,112500
9357,83500
9358,64500
9359,81500
9360,88500
9361,48500
9362,45000
9363,33500
9364,121500
9365,104500
9366,103500
9367,80500
9368,120000
9369,84500
9370,113000
9371,58500
9372,102000
9373,105000
9374,686000
9375,101500
9376,79000
9377,63500
9378,97000
9379,100000
9380,102000
9381,82500
9382,86000
9383,52500
9384,69500
9385,87000
9386,84500
9387,523000
9388,103000
9389,109000
9390,60000
9391,100000
9392,88500
9393,91500
9394,95500
9395,30000
9396,66000
9397,92500
9398,96500
9399,109000
9400,53500
9401,115000
9402,120500
9403,110500
9404,97000
9405,122500
9406,83500
9407,49500
9408,54500
9409,79000
9410,90000
9411,19500
9412,125500
9413,787000
9414,88000
9415,56500
9416,57000
9417,69500
9418,114500
9419,107000
9420,88500
9421,96000
9422,72000
9423,71000
9424,101500
9425,92000
9426,97000
9427,740500
9428,83500
9429,120500
9430,106500
9431,84000
9432,128500
9433,52500
9434,31000
9435,744000
9436,20000
9437,100500
9438,96000
9439,91500
9440,88000
9441,54500
9442,125000
9443,51000
9444,58000
9445,102000
9446,84000
9447,103000
9448,61000
9449,128500
9450,58500
9451,94000
9452,32000
9453,95500
9454,108500
9455,120500
9456,79500
9457,87500
9458,93500
9459,76500
9460,66500
9461,87000
9462,126000
9463,46000
9464,89500
9465,128000
9466,60500
9467,26000
9468,93000
9469,32500
9470,100000
9471,76500
9472,538500
9473,96500
9474,48000
9475,40000
9476,643500
9477,133000
9478,105500
9479,82500
9480,262500
9481,76000
9482,48500
9483,81500
9484,128500
9485,75500
9486,101000
9487,106000
9488,77500
9489,62500
9490,55500
9491,110000
9492,16000
9493,109500
9494,74500
9495,63000
9496,110500
9497,53500
9498,88000
9499,129500
9500,68500
9501,42000
9502,72000
9503,102000
9504,63000
9505,112500
9506,29500
9507,749500
9508,106000
9509,123000
9510,52000
9511,94000
9512,51000
9513,32500
9514,120500
9515,56000
9516,37000
9517,90000
9518,86000
9519,69500
9520,98000
9521,110000
9522,77500
9523,69000
9524,793000
9525,98500
9526,78500
9527,70000
9528,79500
9529,35500
9530,114000
9531,43500
9532,118500
9533,62500
9534,120000
9535,57500
9536,62500
9537,55500
9538,585500
9539,96500
9540,116000
9541,89000
9542,62000
9543,58500
9544,61500
9545,71000
9546,25500
9547,112000
9548,49500
9549,82000
9550,89500
9551,45500
9552,112500
9553,612000
9554,84000
9555,48500
9556,285500
9557,109500
9558,97000
9559,114000
9560,124500
9561,32500
9562,99500
9563,58500
9564,121500
9565,24500
9566,94000
9567,107000
9568,131500
9569,98000
9570,79500
9571,62500
9572,71500
9573,68500
9574,572000
9575,87000
9576,46000
9577,80000
9578,95000
9579,46500
9580,731500
9581,890000
9582,93500
9583,109000
9584,70000
9585,115000
9586,74000
9587,75000
9588,116500
9589,100500
9590,61500
9591,89500
9592,22500
9593,854500
9594,114500
9595,128500
9596,66000
9597,54000
9598,60000
9599,53000
9600,58500
9601,89500
9602,44500
9603,86500
9604,227000
9605,76500
9606,82500
9607,82000
9608,82000
9609,56000
9610,72000
9611,74000
9612,138000
9613,97000
9614,91000
9615,103500
9616,55500
9617,79500
9618,95000
9619,75500
9620,86500
9621,123500
9622,117000
9623,67500
9624,94500
9625,59000
9626,81000
9627,33500
9628,647500
9629,92000
9630,71500
9631,93500
9632,120500
9633,82500
9634,98500
9635,69500
9636,112500
9637,85500
9638,65500
9639,118500
9640,65500
9641,106500
9642,84500
9643,32000
9644,77000
9645,57000
9646,68500
9647,110000
9648,133500
9649,121500
9650,610500
9651,75000
9652,114000
9653,29000
9654,99500
9655,781500
9656,90500
9657,87000
9658,102000
9659,68000
9660,82000
9661,53000
9662,109500
9663,115500
9664,59000
9665,100500
9666,88000
9667,116500
9668,115000
9669,128500
9670,92500
9671,44000
9672,66500
9673,76500
9674,234000
9675,63000
9676,100500
9677,74000
9678,102000
9679,70500
9680,89000
9681,114500
9682,111000
9683,95000
9684,70000
9685,69000
9686,117000
9687,98000
9688,116500
9689,85000
9690,86000
9691,54000
9692,71000
9693,102000
9694,79000
9695,97500
9696,59000
9697,56500
9698,27500
9699,108000
9700,87000
9701,76500
9702,99500
9703,46500
9704,102500
9705,104500
9706,732500
9707,63500
9708,52000
9709,79500
9710,563500
9711,83000
9712,272500
9713,109000
9714,232500
9715,60000
9716,621500
9717,76500
9718,100500
9719,124500
9720,83500
9721,312500
9722,99000
9723,110500
9724,112000
9725,55000
9726,99500
9727,60500
9728,62000
9729,119000
9730,66000
9731,833500
9732,95500
9733,92000
9734,61500
9735,40500
9736,15500
9737,69000
9738,814500
9739,91500
9740,63000
9741,108500
9742,56000
9743,60000
9744,621500
9745,103000
9746,89000
9747,80500
9748,67500
9749,25500
9750,45000
9751,61500
9752,23500
9753,104000
9754,42500
9755,90500
9756,72500
9757,53000
9758,114000
9759,131500
9760,60500
9761,100000
9762,79000
9763,84500
9764,97000
9765,22000
9766,58000
9767,57000
9768,758000
9769,77500
9770,102000
9771,34500
9772,109000
9773,94500
9774,92000
9775,60000
9776,95500
9777,102000
9778,94500
9779,120500
9780,115500
9781,64500
9782,709000
9783,88000
9784,93500
9785,92000
9786,42000
9787,47000
9788,104500
9789,513500
9790,108500
9791,81000
9792,30000
9793,577500
9794,78500
9795,49000
9796,876500
9797,557500
9798,133500
9799,92000
9800,76000
9801,64500
9802,93500
9803,118500
9804,117500
9805,68500
9806,70000
9807,107500
9808,78000
9809,122500
9810,99000
9811,98000
9812,81000
9813,78000
9814,99000
9815,117500
9816,697500
9817,104000
9818,65000
9819,84500
9820,53000
9821,200000
9822,55500
9823,50000
9824,107500
9825,119000
9826,93500
9827,257500
9828,50000
9829,57500
9830,120500
9831,113000
9832,58500
9833,96500
9834,96000
9835,856500
9836,72000
9837,86500
9838,116000
9839,80500
9840,42500
9841,73500
9842,98500
9843,70500
9844,24500
9845,96500
9846,92500
9847,34000
9848,25500
9849,121000
9850,109500
9851,100000
9852,98000
9853,29500
9854,108500
9855,68500
9856,114000
9857,131500
9858,79500
9859,102000
9860,127500
9861,82000
9862,59500
9863,75000
9864,60500
9865,111000
9866,74000
9867,109500
9868,92500
9869,36000
9870,57500
9871,75000
9872,107000
9873,80500
9874,36000
9875,77500
9876,109500
9877,107500
9878,870000
9879,55000
9880,68500
9881,82500
9882,88000
9883,101000
9884,105500
9885,23500
9886,103500
9887,68000
9888,97000
9889,69500
9890,614000
9891,62000
9892,65500
9893,45000
9894,574000
9895,57500
9896,86500
9897,129500
9898,58500
9899,100500
9900,97500
9901,36000
9902,123000
9903,104000
9904,60500
9905,667000
9906,78500
9907,56500
9908,132500
9909,70500
9910,805000
9911,119000
9912,103000
9913,93500
9914,94000
9915,109000
9916,30500
9917,39000
9918,79000
9919,134500
9920,98000
9921,87000
9922,95500
9923,66000
9924,92500
9925,108000
9926,110000
9927,130000
9928,66000
9929,73500
9930,107500
9931,70500
9932,75000
9933,82000
9934,126000
9935,90500
9936,92000
9937,55500
9938,85500
9939,82000
9940,94500
9941,42000
9942,87000
9943,85000
9944,70500
9945,85000
9946,84500
9947,93500
9948,76000
9949,75500
9950,84000
9951,60500
9952,66500
9953,91500
9954,75500
9955,103500
9956,72500
9957,124000
9958,103500
9959,42500
9960,27000
9961,66000
9962,51000
9963,117000
9964,64500
9965,67500
9966,688000
9967,97000
9968,59500
9969,102000
9970,74500
9971,107500
9972,70000
9973,22500
9974,69500
9975,59000
9976,81000
9977,93500
9978,74000
9979,93000
9980,75500
9981,111500
9982,43500
9983,106500
9984,97500
9985,56500
9986,128000
9987,119000
9988,108500
9989,86000
9990,93000
9991,69500
9992,89000
9993,118000
9994,56500
9995,50500
9996,100000
9997,111500
9998,82000
9999,30500
10000,64500
