taskId,lengthMI
1,217748
2,117542
3,102445
4,207454
5,436355
6,137439
7,769996
8,579219
9,23096
10,67801
11,33693
12,142044
13,333940
14,45576
15,144570
16,46401
17,27555
18,317143
19,73198
20,80156
21,79767
22,54751
23,213450
24,383028
25,40609
26,24397
27,91937
28,109204
29,538680
30,128879
31,29669
32,100493
33,115214
34,72748
35,30909
36,134586
37,270074
38,440200
39,107800
40,418389
41,19152
42,234998
43,73015
44,12835
45,59370
46,70305
47,113306
48,317959
49,66303
50,983665
51,104538
52,398974
53,122483
54,57339
55,288713
56,18887
57,100027
58,234359
59,736590
60,435572
61,740825
62,343399
63,144668
64,107962
65,673740
66,101454
67,74087
68,265162
69,38447
70,109541
71,107036
72,109952
73,93059
74,52596
75,29515
76,137794
77,70046
78,385622
79,77935
80,215776
81,229343
82,117902
83,119407
84,72200
85,79039
86,34737
87,56879
88,102057
89,46032
90,57749
91,105593
92,16392
93,133658
94,10060
95,42336
96,35056
97,37146
98,113961
99,64006
100,87317
101,19784
102,10482
103,631868
104,134148
105,448430
106,91965
107,53429
108,105496
109,64299
110,441660
111,67211
112,137760
113,438408
114,430025
115,278321
116,11699
117,317004
118,39881
119,78144
120,86041
121,872582
122,703794
123,104476
124,36976
125,110783
126,13434
127,122063
128,447895
129,930017
130,801813
131,504357
132,136046
133,61084
134,68217
135,142340
136,31926
137,129896
138,129785
139,93987
140,14043
141,82882
142,119166
143,51622
144,131863
145,426468
146,53824
147,103421
148,96637
149,126977
150,134566
151,104687
152,28856
153,29787
154,337801
155,17328
156,13489
157,34510
158,392041
159,105903
160,922307
161,276391
162,53149
163,126690
164,911034
165,414414
166,138423
167,611791
168,80247
169,38073
170,126919
171,61291
172,142938
173,435560
174,67940
175,370110
176,68064
177,71263
178,60347
179,624839
180,93095
181,19280
182,61320
183,51796
184,422093
185,148385
186,32776
187,110393
188,53086
189,56844
190,43204
191,40457
192,136145
193,15161
194,117630
195,143654
196,936319
197,116246
198,83450
199,106840
200,117859
201,815530
202,114890
203,411059
204,298136
205,114753
206,53778
207,445906
208,276859
209,99196
210,99426
211,98543
212,28399
213,31019
214,35286
215,308418
216,144187
217,79015
218,75188
219,13597
220,92135
221,57965
222,146821
223,38747
224,71029
225,46856
226,65255
227,39504
228,52186
229,938396
230,144203
231,603119
232,57178
233,747489
234,147750
235,275299
236,138026
237,242629
238,894017
239,371236
240,45105
241,62335
242,777146
243,109357
244,142995
245,388152
246,136095
247,10504
248,129501
249,105398
250,34177
251,972967
252,410876
253,339480
254,112245
255,22089
256,746358
257,17456
258,114775
259,57663
260,109098
261,393307
262,52002
263,521728
264,116159
265,209374
266,113963
267,37186
268,57098
269,112738
270,104614
271,75982
272,86078
273,73617
274,148794
275,129538
276,142322
277,61946
278,119732
279,139936
280,223203
281,87944
282,235471
283,39816
284,31370
285,109437
286,222613
287,21967
288,769744
289,78714
290,38247
291,29455
292,374631
293,960039
294,100473
295,527828
296,70175
297,88168
298,108273
299,55594
300,300047
301,67677
302,448123
303,65251
304,113166
305,119081
306,146174
307,20064
308,128687
309,78725
310,70424
311,49350
312,130700
313,45635
314,14587
315,77990
316,57231
317,17912
318,32466
319,61911
320,27524
321,126420
322,796159
323,353549
324,85968
325,129761
326,117412
327,406843
328,43887
329,89521
330,367114
331,149984
332,69438
333,395997
334,92775
335,13953
336,50834
337,324530
338,278643
339,240421
340,133143
341,113874
342,72509
343,72542
344,367639
345,37894
346,144784
347,80369
348,97640
349,334247
350,604005
351,252449
352,85017
353,102275
354,133121
355,235743
356,407142
357,57580
358,116662
359,915807
360,259151
361,142155
362,42831
363,35069
364,440377
365,36665
366,124556
367,97203
368,42684
369,583739
370,270880
371,131541
372,302427
373,17647
374,22306
375,268983
376,10893
377,46462
378,32857
379,43435
380,53153
381,140429
382,55054
383,27591
384,73128
385,520606
386,400158
387,813683
388,26819
389,81771
390,857116
391,793071
392,46756
393,22173
394,308676
395,99565
396,313120
397,422452
398,242222
399,631583
400,123324
401,136797
402,263050
403,15533
404,352681
405,124261
406,140002
407,260601
408,149089
409,137275
410,99060
411,18603
412,64790
413,12285
414,19519
415,17485
416,799724
417,106054
418,763918
419,825441
420,353203
421,524028
422,58971
423,904851
424,98567
425,20812
426,66293
427,28056
428,421161
429,253604
430,142165
431,13326
432,30248
433,337449
434,59814
435,119713
436,26102
437,13761
438,81514
439,93857
440,16659
441,293451
442,402435
443,421604
444,45906
445,859546
446,30475
447,324129
448,68292
449,23816
450,55303
451,98864
452,120594
453,53620
454,106839
455,90958
456,119132
457,126310
458,206108
459,82878
460,72598
461,111781
462,426573
463,27586
464,135712
465,905818
466,30765
467,97392
468,103940
469,314119
470,200667
471,766926
472,84531
473,898512
474,37334
475,283625
476,278697
477,48692
478,523075
479,370624
480,107823
481,113156
482,37628
483,448533
484,21070
485,82261
486,379258
487,77387
488,137692
489,45787
490,350105
491,145985
492,36219
493,688409
494,434061
495,546124
496,138602
497,717068
498,46218
499,101976
500,121911
501,122036
502,129598
503,55756
504,303979
505,695679
506,16009
507,134272
508,102939
509,64498
510,851680
511,110770
512,46673
513,33457
514,88632
515,273606
516,81134
517,132986
518,203251
519,889045
520,367911
521,67121
522,79432
523,20832
524,103367
525,827936
526,106420
527,136835
528,425564
529,58654
530,16606
531,376492
532,72904
533,917673
534,73564
535,80784
536,963424
537,797894
538,449595
539,16327
540,114131
541,63173
542,31827
543,115518
544,349016
545,255843
546,134391
547,703739
548,290400
549,393799
550,70660
551,87524
552,120344
553,100818
554,122051
555,14247
556,96595
557,115733
558,44858
559,582059
560,523702
561,912812
562,46615
563,319974
564,101680
565,90777
566,119886
567,10270
568,39480
569,42468
570,879384
571,77216
572,149104
573,286786
574,38059
575,561350
576,83078
577,239613
578,61167
579,366960
580,127188
581,949598
582,115586
583,418934
584,113123
585,121889
586,445680
587,118305
588,94231
589,110975
590,120475
591,258845
592,377869
593,99885
594,373316
595,382062
596,247750
597,70864
598,540319
599,53119
600,446396
601,830121
602,112072
603,37338
604,81026
605,55341
606,524195
607,82059
608,411937
609,902459
610,338018
611,14061
612,375273
613,68215
614,665477
615,142999
616,298250
617,51727
618,86722
619,32202
620,364742
621,805901
622,256018
623,68235
624,19400
625,41702
626,126743
627,65665
628,615027
629,292203
630,77485
631,358136
632,249912
633,141092
634,104976
635,105156
636,106655
637,70511
638,147538
639,27262
640,206188
641,382271
642,15026
643,40761
644,142404
645,26681
646,115560
647,48804
648,106731
649,59983
650,373360
651,24135
652,146172
653,101359
654,131538
655,22023
656,116207
657,405215
658,84365
659,120305
660,449461
661,16470
662,846589
663,528606
664,843067
665,145423
666,65454
667,216192
668,138211
669,15651
670,11739
671,122560
672,122565
673,64278
674,22458
675,136019
676,72256
677,92352
678,80720
679,123252
680,48867
681,26433
682,145052
683,384238
684,82883
685,65052
686,22738
687,131129
688,88093
689,817924
690,100364
691,109203
692,70195
693,149593
694,99277
695,373186
696,124826
697,833833
698,58742
699,270144
700,35250
701,959309
702,332999
703,42266
704,134948
705,642109
706,55357
707,124539
708,95332
709,285830
710,353471
711,24587
712,33830
713,122866
714,427998
715,789754
716,112570
717,130932
718,146377
719,885147
720,12890
721,10952
722,108809
723,358759
724,407015
725,117927
726,228752
727,126934
728,34503
729,26235
730,666676
731,39688
732,116544
733,298924
734,146435
735,17117
736,95278
737,231257
738,59056
739,145179
740,16435
741,200544
742,656818
743,77942
744,67688
745,134943
746,114546
747,104448
748,30562
749,112311
750,145371
751,292518
752,30063
753,87024
754,89270
755,131050
756,329008
757,22981
758,73923
759,27139
760,34944
761,855415
762,29538
763,129745
764,131950
765,757495
766,75737
767,16144
768,335339
769,146600
770,70330
771,112825
772,39427
773,71076
774,107718
775,37215
776,112048
777,44086
778,149643
779,116061
780,19212
781,73493
782,86036
783,141916
784,204618
785,659862
786,18694
787,368287
788,748162
789,509743
790,35508
791,844943
792,117481
793,55819
794,37994
795,76337
796,54286
797,36712
798,749459
799,268833
800,38165
801,708641
802,29268
803,20268
804,19097
805,431753
806,294232
807,86941
808,246311
809,270266
810,241500
811,67279
812,39777
813,71646
814,129952
815,98147
816,78817
817,144793
818,366572
819,735443
820,24861
821,23468
822,101860
823,55824
824,16798
825,76214
826,44906
827,115666
828,31213
829,61041
830,338281
831,45569
832,105407
833,375616
834,11147
835,360853
836,868015
837,55092
838,28639
839,24169
840,920221
841,234441
842,63770
843,39660
844,64286
845,38680
846,699428
847,349059
848,124373
849,132719
850,30353
851,144262
852,104326
853,328059
854,114092
855,98870
856,142809
857,72213
858,147235
859,145115
860,284107
861,240301
862,120250
863,22376
864,53718
865,955956
866,250554
867,146478
868,33547
869,247908
870,90948
871,120336
872,66712
873,906568
874,534625
875,136884
876,27418
877,83118
878,826576
879,35721
880,54008
881,60991
882,254000
883,50007
884,34452
885,264390
886,75304
887,35054
888,132530
889,741603
890,374846
891,227016
892,64906
893,16328
894,839243
895,99928
896,279231
897,25466
898,32037
899,811500
900,119442
901,147831
902,123243
903,23143
904,135605
905,282496
906,91387
907,86629
908,58380
909,91973
910,115388
911,19452
912,13483
913,120785
914,600519
915,38381
916,134309
917,49058
918,102456
919,362346
920,61956
921,966233
922,147722
923,21088
924,18051
925,146782
926,105183
927,106851
928,317110
929,80481
930,44424
931,281182
932,27994
933,35833
934,215833
935,38428
936,51778
937,134688
938,133000
939,102446
940,12775
941,32623
942,29079
943,67832
944,291867
945,113874
946,371472
947,40946
948,17329
949,99101
950,815165
951,12059
952,392744
953,64994
954,57157
955,125183
956,142295
957,89692
958,133072
959,540429
960,386424
961,92991
962,70255
963,31640
964,86780
965,75346
966,62839
967,239367
968,605217
969,208283
970,34346
971,65633
972,124486
973,114688
974,38558
975,516106
976,121301
977,34508
978,34458
979,117480
980,83194
981,102281
982,122982
983,105054
984,130046
985,419701
986,922551
987,78288
988,37607
989,44002
990,101470
991,419515
992,148555
993,666727
994,138879
995,370256
996,406342
997,129523
998,43725
999,203099
1000,81545
1001,120261
1002,795609
1003,373413
1004,392039
1005,111901
1006,146384
1007,334806
1008,73090
1009,345155
1010,114533
1011,670903
1012,713223
1013,24280
1014,300816
1015,359439
1016,329402
1017,443774
1018,126759
1019,91841
1020,30047
1021,63706
1022,55648
1023,84563
1024,779874
1025,50536
1026,407290
1027,27190
1028,921861
1029,132038
1030,263424
1031,149003
1032,11465
1033,126520
1034,405405
1035,69301
1036,137999
1037,83984
1038,113506
1039,81014
1040,912009
1041,29031
1042,109707
1043,103902
1044,124647
1045,52237
1046,19826
1047,817299
1048,65852
1049,148984
1050,83400
1051,29711
1052,438638
1053,324509
1054,125209
1055,14281
1056,148586
1057,120687
1058,125970
1059,80705
1060,44231
1061,108963
1062,119503
1063,362480
1064,25073
1065,101013
1066,119151
1067,87993
1068,145814
1069,118528
1070,861233
1071,356116
1072,703762
1073,130665
1074,47693
1075,933227
1076,57687
1077,666517
1078,87483
1079,279273
1080,341460
1081,27557
1082,372087
1083,130081
1084,52235
1085,61783
1086,55957
1087,17186
1088,100298
1089,22310
1090,401483
1091,403910
1092,21431
1093,60641
1094,96145
1095,12350
1096,72509
1097,105842
1098,46336
1099,54228
1100,444136
1101,72859
1102,383326
1103,412591
1104,59357
1105,119083
1106,32331
1107,91454
1108,132231
1109,33124
1110,58927
1111,65050
1112,238931
1113,94795
1114,52892
1115,47317
1116,11414
1117,608148
1118,435318
1119,230892
1120,62777
1121,81493
1122,83021
1123,32599
1124,76951
1125,123562
1126,355275
1127,117134
1128,90079
1129,324087
1130,92810
1131,56168
1132,144088
1133,15921
1134,912274
1135,342993
1136,27602
1137,19032
1138,55462
1139,33339
1140,37300
1141,124501
1142,60649
1143,396888
1144,14946
1145,415304
1146,41165
1147,133847
1148,858331
1149,128176
1150,56512
1151,395425
1152,35374
1153,97110
1154,265777
1155,431106
1156,49577
1157,32233
1158,300651
1159,60645
1160,92131
1161,138694
1162,51708
1163,120974
1164,90835
1165,857677
1166,142739
1167,116418
1168,33126
1169,38983
1170,88803
1171,406094
1172,99416
1173,82478
1174,87997
1175,121656
1176,73973
1177,103954
1178,900830
1179,292915
1180,83613
1181,122846
1182,65830
1183,380511
1184,129384
1185,62695
1186,80383
1187,138540
1188,111529
1189,121064
1190,438590
1191,255951
1192,122929
1193,40324
1194,387408
1195,809564
1196,121265
1197,726218
1198,95606
1199,27601
1200,85153
1201,33005
1202,35822
1203,391907
1204,114462
1205,413596
1206,355459
1207,44967
1208,110057
1209,55083
1210,91854
1211,106047
1212,103214
1213,87976
1214,139108
1215,144276
1216,360580
1217,48322
1218,87463
1219,86127
1220,20330
1221,86229
1222,279639
1223,132656
1224,709018
1225,43255
1226,911093
1227,800222
1228,82958
1229,40534
1230,84720
1231,268984
1232,347615
1233,329717
1234,103617
1235,62515
1236,139571
1237,141175
1238,809020
1239,101859
1240,900355
1241,391140
1242,436410
1243,43747
1244,572534
1245,805102
1246,611777
1247,147458
1248,137812
1249,82475
1250,256135
1251,142506
1252,50686
1253,127556
1254,43782
1255,24961
1256,566576
1257,786579
1258,87290
1259,88530
1260,48647
1261,25882
1262,52279
1263,417629
1264,96277
1265,98787
1266,54783
1267,58658
1268,553543
1269,87010
1270,359974
1271,685099
1272,18606
1273,117719
1274,114667
1275,18552
1276,67159
1277,107117
1278,124812
1279,137377
1280,121433
1281,585446
1282,739657
1283,242903
1284,372073
1285,130387
1286,126044
1287,27363
1288,128538
1289,109796
1290,398247
1291,81982
1292,128089
1293,84530
1294,13872
1295,394499
1296,80116
1297,123558
1298,430887
1299,130966
1300,299945
1301,53429
1302,75781
1303,114071
1304,129563
1305,220919
1306,999498
1307,434495
1308,148985
1309,136884
1310,21388
1311,100948
1312,128621
1313,53605
1314,22583
1315,54943
1316,92046
1317,374042
1318,250995
1319,377877
1320,50890
1321,38058
1322,132089
1323,404812
1324,139940
1325,54484
1326,10358
1327,42475
1328,63694
1329,722043
1330,66383
1331,113348
1332,114616
1333,405493
1334,42891
1335,49359
1336,38305
1337,346764
1338,327433
1339,92203
1340,592308
1341,132371
1342,421380
1343,17131
1344,108534
1345,36484
1346,51179
1347,109293
1348,145244
1349,80800
1350,32676
1351,296371
1352,107667
1353,120676
1354,44461
1355,57188
1356,123634
1357,138494
1358,59736
1359,446832
1360,53781
1361,34821
1362,76394
1363,343628
1364,91787
1365,126800
1366,18807
1367,121919
1368,313215
1369,72740
1370,86665
1371,401003
1372,837565
1373,426611
1374,48588
1375,18805
1376,869724
1377,63446
1378,73260
1379,12761
1380,28134
1381,367061
1382,125800
1383,87087
1384,71999
1385,94677
1386,32124
1387,92109
1388,202233
1389,85923
1390,376829
1391,76712
1392,136282
1393,215259
1394,52686
1395,139436
1396,78959
1397,65537
1398,384657
1399,345173
1400,433066
1401,640334
1402,747245
1403,810004
1404,40360
1405,31349
1406,26215
1407,422579
1408,111014
1409,143158
1410,108135
1411,74569
1412,59456
1413,141906
1414,654465
1415,101883
1416,378683
1417,272043
1418,50978
1419,425178
1420,139400
1421,659369
1422,126132
1423,145210
1424,148110
1425,109111
1426,33488
1427,721595
1428,130100
1429,203894
1430,60429
1431,84244
1432,350537
1433,51961
1434,80358
1435,74267
1436,639983
1437,116016
1438,114662
1439,30990
1440,75380
1441,93951
1442,353438
1443,139336
1444,86379
1445,355235
1446,60150
1447,59409
1448,32945
1449,33091
1450,70705
1451,791695
1452,81089
1453,72814
1454,51735
1455,109599
1456,49064
1457,312287
1458,23784
1459,522463
1460,83550
1461,123459
1462,997666
1463,56588
1464,110254
1465,76927
1466,31080
1467,51113
1468,109185
1469,12504
1470,100442
1471,206668
1472,79815
1473,406592
1474,129444
1475,28961
1476,951351
1477,106480
1478,13295
1479,100735
1480,88528
1481,697640
1482,26642
1483,19098
1484,427856
1485,60955
1486,575550
1487,229008
1488,13703
1489,78695
1490,87185
1491,18408
1492,728176
1493,103808
1494,57244
1495,95105
1496,318937
1497,375562
1498,24016
1499,122182
1500,62702
1501,85598
1502,20648
1503,70183
1504,108211
1505,541642
1506,126067
1507,124503
1508,89111
1509,147043
1510,53029
1511,18814
1512,73356
1513,232833
1514,51664
1515,18257
1516,30365
1517,941490
1518,86225
1519,133867
1520,103222
1521,19742
1522,17799
1523,64739
1524,63820
1525,67248
1526,290527
1527,216783
1528,106185
1529,140070
1530,115258
1531,82872
1532,128209
1533,65128
1534,114831
1535,30938
1536,147029
1537,432896
1538,288588
1539,921581
1540,48290
1541,281494
1542,125120
1543,397087
1544,124518
1545,104290
1546,148051
1547,110535
1548,112845
1549,61365
1550,67178
1551,590782
1552,77321
1553,352561
1554,132117
1555,103581
1556,76036
1557,961633
1558,147632
1559,103772
1560,68305
1561,57826
1562,136245
1563,11021
1564,203799
1565,47859
1566,76867
1567,11773
1568,427110
1569,37705
1570,275358
1571,64569
1572,13561
1573,111673
1574,72633
1575,127753
1576,381276
1577,97736
1578,139365
1579,397657
1580,62396
1581,132627
1582,24507
1583,119962
1584,628881
1585,420149
1586,100876
1587,301926
1588,145103
1589,58648
1590,109221
1591,119107
1592,100628
1593,80792
1594,299343
1595,148776
1596,120721
1597,99352
1598,126840
1599,15504
1600,299821
1601,28275
1602,629139
1603,23848
1604,112376
1605,78833
1606,147809
1607,255072
1608,148140
1609,214135
1610,42329
1611,118721
1612,346700
1613,55570
1614,20853
1615,261672
1616,141867
1617,30776
1618,219542
1619,582467
1620,129326
1621,39443
1622,51744
1623,54732
1624,141048
1625,83613
1626,121176
1627,332974
1628,111963
1629,424733
1630,122912
1631,93869
1632,58614
1633,87808
1634,246193
1635,257682
1636,131867
1637,66946
1638,123935
1639,531747
1640,404202
1641,100403
1642,215530
1643,21761
1644,62896
1645,99980
1646,330128
1647,210792
1648,51142
1649,57248
1650,87189
1651,107069
1652,759403
1653,92746
1654,68466
1655,432690
1656,19556
1657,38256
1658,11598
1659,34484
1660,107414
1661,335978
1662,73202
1663,89398
1664,50825
1665,14767
1666,19649
1667,124880
1668,30722
1669,133863
1670,87224
1671,122424
1672,78154
1673,129025
1674,266306
1675,246313
1676,134938
1677,139128
1678,13109
1679,113116
1680,86403
1681,35759
1682,124355
1683,23931
1684,66444
1685,268966
1686,648264
1687,563165
1688,110130
1689,35880
1690,148470
1691,25158
1692,332321
1693,53464
1694,777347
1695,77292
1696,217824
1697,12278
1698,791570
1699,126937
1700,237614
1701,27329
1702,108686
1703,55104
1704,147458
1705,17741
1706,15077
1707,393286
1708,19985
1709,345809
1710,41884
1711,27989
1712,214330
1713,696321
1714,98940
1715,149936
1716,101550
1717,428511
1718,63751
1719,72806
1720,22593
1721,28712
1722,58080
1723,54625
1724,106382
1725,57325
1726,49930
1727,107298
1728,77354
1729,200007
1730,113664
1731,282328
1732,200567
1733,46862
1734,56005
1735,25605
1736,101972
1737,112516
1738,343997
1739,138422
1740,53023
1741,83433
1742,79153
1743,68388
1744,443111
1745,121013
1746,309045
1747,104559
1748,119982
1749,34386
1750,201161
1751,97551
1752,94503
1753,131924
1754,13314
1755,873961
1756,428278
1757,55431
1758,129252
1759,334963
1760,139910
1761,106019
1762,87112
1763,350304
1764,13092
1765,335046
1766,370384
1767,69491
1768,135068
1769,348561
1770,114450
1771,40848
1772,24185
1773,640936
1774,86390
1775,59389
1776,132524
1777,79372
1778,146358
1779,42368
1780,667473
1781,136073
1782,12173
1783,111630
1784,330385
1785,85503
1786,145530
1787,72791
1788,133123
1789,105537
1790,32311
1791,76598
1792,543529
1793,28682
1794,104813
1795,58951
1796,63053
1797,72305
1798,420662
1799,71088
1800,877353
1801,388173
1802,111557
1803,146388
1804,110631
1805,35722
1806,28464
1807,65303
1808,72448
1809,212061
1810,147818
1811,114897
1812,82428
1813,47673
1814,74640
1815,54456
1816,96769
1817,116130
1818,880090
1819,113692
1820,928101
1821,373791
1822,316293
1823,624936
1824,88176
1825,429498
1826,22909
1827,407442
1828,114796
1829,419609
1830,341835
1831,65361
1832,100073
1833,132295
1834,366583
1835,54277
1836,128419
1837,81063
1838,841111
1839,934099
1840,26578
1841,92967
1842,127699
1843,311643
1844,133605
1845,436020
1846,42609
1847,97016
1848,127752
1849,119057
1850,49924
1851,61538
1852,60535
1853,104274
1854,14912
1855,17407
1856,83182
1857,50087
1858,112735
1859,202352
1860,442361
1861,53006
1862,86114
1863,396051
1864,143932
1865,56686
1866,59123
1867,64004
1868,261400
1869,99072
1870,144807
1871,26522
1872,867277
1873,204985
1874,39381
1875,126331
1876,443178
1877,42756
1878,110748
1879,367409
1880,143183
1881,99974
1882,296505
1883,101646
1884,124298
1885,25549
1886,399962
1887,104467
1888,698969
1889,278319
1890,32685
1891,111556
1892,107917
1893,138880
1894,72808
1895,318281
1896,114018
1897,294048
1898,128586
1899,77180
1900,68012
1901,39952
1902,866593
1903,366938
1904,38283
1905,27859
1906,109247
1907,130013
1908,987609
1909,44705
1910,317339
1911,730065
1912,37382
1913,56895
1914,82770
1915,102388
1916,251642
1917,127866
1918,11577
1919,365269
1920,79342
1921,18093
1922,40095
1923,127564
1924,20019
1925,120121
1926,301086
1927,419355
1928,60158
1929,634324
1930,33100
1931,252521
1932,259485
1933,52397
1934,66216
1935,62424
1936,30981
1937,393793
1938,88554
1939,21714
1940,295589
1941,212948
1942,128013
1943,25989
1944,143652
1945,435754
1946,303460
1947,57074
1948,112627
1949,37362
1950,135798
1951,75716
1952,104598
1953,110710
1954,366279
1955,65428
1956,59102
1957,11145
1958,104415
1959,228322
1960,27095
1961,314325
1962,428348
1963,102179
1964,100694
1965,85465
1966,105472
1967,91937
1968,91884
1969,15740
1970,45313
1971,125929
1972,822922
1973,406181
1974,103907
1975,14503
1976,66142
1977,123628
1978,380537
1979,105825
1980,75981
1981,31484
1982,55427
1983,812735
1984,10825
1985,897025
1986,132587
1987,118515
1988,92544
1989,419898
1990,54801
1991,238546
1992,443503
1993,381089
1994,143777
1995,333412
1996,269362
1997,272239
1998,262515
1999,51101
2000,86701
2001,689063
2002,36160
2003,55364
2004,408356
2005,12111
2006,427241
2007,16952
2008,31735
2009,374872
2010,105407
2011,137446
2012,13760
2013,80852
2014,310427
2015,133124
2016,68070
2017,257736
2018,73910
2019,129344
2020,271254
2021,15944
2022,129888
2023,148185
2024,28155
2025,58164
2026,19206
2027,55858
2028,26594
2029,122778
2030,65941
2031,51353
2032,117778
2033,392668
2034,58235
2035,132819
2036,49916
2037,324217
2038,647877
2039,93156
2040,141916
2041,433850
2042,117476
2043,91302
2044,36826
2045,202034
2046,58859
2047,60707
2048,58946
2049,92363
2050,430232
2051,31462
2052,14795
2053,360547
2054,137220
2055,392128
2056,113215
2057,43430
2058,91971
2059,75969
2060,34808
2061,63838
2062,107776
2063,672713
2064,55970
2065,134612
2066,141053
2067,13060
2068,47728
2069,111631
2070,11069
2071,410054
2072,44646
2073,343639
2074,59273
2075,119195
2076,94006
2077,84948
2078,114642
2079,113802
2080,70516
2081,247457
2082,57801
2083,11323
2084,36768
2085,77779
2086,417217
2087,990638
2088,333386
2089,28985
2090,21161
2091,322797
2092,28246
2093,82904
2094,100287
2095,278388
2096,52516
2097,262842
2098,529926
2099,369100
2100,819924
2101,135471
2102,278914
2103,933828
2104,146242
2105,87669
2106,59984
2107,47234
2108,63963
2109,43681
2110,798386
2111,62941
2112,26164
2113,49326
2114,10871
2115,110160
2116,330672
2117,247473
2118,87169
2119,347557
2120,750159
2121,111110
2122,149028
2123,33219
2124,147444
2125,532083
2126,55389
2127,57722
2128,308777
2129,61712
2130,60109
2131,52050
2132,322641
2133,548012
2134,43830
2135,124226
2136,547313
2137,129387
2138,137890
2139,97719
2140,127075
2141,109421
2142,118019
2143,77577
2144,57474
2145,35880
2146,537677
2147,105857
2148,131054
2149,676763
2150,128868
2151,249689
2152,330128
2153,901671
2154,52849
2155,370392
2156,379618
2157,62700
2158,532199
2159,149450
2160,888575
2161,957490
2162,104139
2163,17039
2164,403319
2165,732119
2166,40027
2167,15764
2168,54311
2169,360084
2170,203999
2171,71003
2172,17302
2173,26801
2174,379372
2175,47953
2176,36098
2177,74292
2178,259261
2179,802963
2180,889257
2181,107694
2182,64728
2183,38698
2184,208623
2185,73976
2186,247888
2187,120457
2188,145385
2189,321726
2190,22993
2191,70426
2192,59816
2193,935704
2194,108238
2195,141046
2196,31438
2197,58524
2198,111687
2199,48161
2200,382245
2201,71699
2202,244881
2203,67381
2204,94076
2205,64882
2206,25061
2207,26988
2208,85638
2209,17276
2210,60944
2211,93896
2212,39014
2213,257629
2214,37537
2215,144126
2216,107486
2217,36684
2218,103905
2219,144296
2220,100951
2221,44861
2222,36915
2223,85605
2224,406228
2225,372610
2226,101933
2227,146793
2228,47112
2229,73273
2230,447233
2231,392076
2232,74966
2233,271178
2234,23386
2235,88954
2236,586280
2237,59028
2238,79789
2239,112141
2240,113516
2241,74085
2242,33677
2243,293133
2244,232946
2245,66086
2246,56757
2247,137998
2248,14200
2249,23646
2250,47741
2251,85645
2252,99671
2253,324110
2254,60015
2255,555079
2256,27102
2257,72814
2258,138373
2259,60221
2260,117815
2261,504234
2262,92569
2263,317981
2264,59243
2265,131390
2266,50412
2267,61509
2268,43526
2269,132780
2270,148140
2271,47292
2272,42851
2273,132383
2274,931435
2275,62858
2276,41809
2277,45639
2278,787133
2279,398378
2280,21996
2281,11796
2282,368735
2283,137840
2284,711002
2285,37921
2286,73047
2287,991685
2288,231398
2289,10527
2290,843606
2291,92364
2292,123600
2293,138793
2294,30778
2295,33607
2296,90701
2297,375655
2298,886048
2299,136397
2300,377225
2301,19731
2302,131078
2303,84617
2304,44336
2305,678997
2306,123174
2307,441583
2308,329749
2309,92955
2310,524612
2311,112950
2312,23439
2313,103826
2314,64725
2315,100711
2316,113742
2317,96944
2318,130155
2319,39378
2320,277427
2321,237676
2322,101474
2323,362893
2324,377708
2325,139082
2326,443178
2327,360360
2328,666527
2329,49562
2330,108659
2331,204280
2332,345255
2333,298937
2334,638924
2335,26459
2336,68110
2337,990745
2338,34964
2339,86625
2340,209819
2341,27456
2342,953472
2343,73752
2344,233056
2345,414387
2346,65299
2347,365109
2348,47117
2349,76257
2350,574114
2351,38674
2352,300442
2353,118926
2354,819446
2355,33628
2356,356218
2357,113377
2358,378761
2359,125855
2360,77665
2361,615417
2362,16557
2363,77606
2364,94683
2365,412719
2366,939645
2367,87208
2368,75633
2369,148400
2370,95532
2371,113838
2372,77633
2373,97835
2374,145545
2375,66191
2376,116484
2377,343418
2378,398614
2379,61544
2380,259720
2381,218371
2382,111393
2383,952409
2384,209503
2385,206035
2386,46530
2387,87146
2388,38157
2389,43206
2390,14002
2391,146422
2392,39684
2393,74413
2394,40334
2395,31301
2396,140843
2397,228368
2398,743794
2399,75173
2400,131564
2401,143154
2402,131303
2403,85543
2404,131047
2405,23928
2406,63564
2407,137350
2408,107795
2409,592165
2410,77546
2411,411666
2412,235012
2413,80081
2414,741602
2415,139352
2416,68793
2417,308357
2418,92140
2419,578293
2420,258612
2421,92187
2422,41303
2423,121480
2424,841634
2425,55950
2426,386615
2427,228256
2428,396410
2429,375446
2430,113918
2431,114459
2432,75631
2433,139520
2434,77637
2435,73889
2436,34284
2437,959280
2438,271263
2439,290308
2440,75921
2441,789271
2442,121218
2443,148002
2444,283964
2445,115169
2446,75984
2447,377515
2448,985282
2449,25772
2450,120559
2451,72571
2452,55252
2453,67892
2454,139299
2455,98209
2456,107538
2457,121224
2458,141428
2459,128446
2460,22749
2461,28194
2462,116431
2463,106836
2464,243773
2465,803599
2466,70714
2467,106426
2468,14318
2469,149599
2470,73252
2471,57343
2472,533066
2473,662418
2474,32976
2475,100395
2476,869626
2477,135449
2478,85632
2479,375280
2480,148684
2481,134201
2482,902948
2483,30049
2484,83589
2485,143729
2486,111019
2487,347975
2488,671893
2489,90596
2490,83184
2491,63253
2492,32088
2493,19003
2494,397983
2495,33624
2496,798958
2497,745231
2498,119400
2499,47985
2500,286483
2501,969495
2502,143948
2503,119160
2504,92991
2505,125849
2506,890057
2507,403402
2508,316286
2509,259035
2510,10464
2511,77390
2512,54070
2513,314257
2514,148603
2515,63530
2516,12218
2517,255023
2518,127104
2519,112658
2520,366014
2521,275661
2522,53452
2523,312529
2524,55185
2525,739777
2526,132884
2527,117562
2528,109413
2529,12949
2530,57125
2531,258124
2532,443003
2533,37350
2534,125893
2535,29406
2536,140971
2537,77591
2538,43863
2539,116349
2540,743329
2541,74254
2542,272989
2543,968784
2544,145537
2545,87490
2546,118058
2547,132279
2548,113648
2549,570870
2550,117679
2551,37617
2552,52188
2553,104672
2554,129378
2555,101066
2556,95306
2557,403770
2558,80575
2559,980997
2560,80394
2561,388585
2562,656286
2563,115134
2564,60790
2565,255300
2566,108410
2567,85232
2568,705667
2569,126939
2570,40254
2571,37040
2572,50794
2573,121276
2574,95644
2575,707666
2576,125089
2577,23310
2578,53732
2579,17524
2580,218528
2581,112981
2582,144233
2583,62478
2584,32405
2585,97316
2586,23453
2587,93166
2588,295853
2589,28365
2590,264956
2591,46179
2592,360479
2593,81547
2594,147489
2595,53655
2596,42006
2597,357865
2598,321642
2599,139426
2600,69648
2601,383498
2602,23006
2603,68665
2604,85270
2605,34231
2606,93825
2607,132543
2608,45120
2609,58138
2610,32421
2611,44341
2612,76771
2613,45715
2614,71487
2615,215266
2616,18587
2617,73687
2618,15391
2619,19394
2620,504884
2621,47143
2622,78925
2623,60309
2624,27371
2625,84712
2626,56683
2627,130811
2628,36986
2629,678646
2630,10817
2631,42286
2632,28253
2633,322182
2634,99897
2635,79158
2636,109496
2637,62970
2638,146611
2639,16918
2640,120281
2641,18638
2642,426869
2643,123518
2644,237403
2645,58748
2646,79278
2647,95592
2648,65932
2649,204667
2650,64000
2651,36012
2652,81154
2653,447084
2654,144940
2655,278989
2656,140638
2657,99960
2658,111782
2659,145950
2660,72666
2661,400582
2662,366688
2663,83504
2664,20664
2665,206574
2666,367381
2667,295671
2668,119062
2669,38955
2670,39212
2671,798585
2672,395280
2673,103327
2674,923318
2675,53435
2676,106631
2677,253331
2678,54424
2679,224452
2680,121739
2681,130242
2682,39058
2683,87340
2684,39404
2685,32509
2686,81092
2687,371279
2688,107474
2689,64932
2690,87163
2691,146953
2692,302751
2693,149849
2694,25470
2695,242912
2696,936383
2697,16544
2698,104234
2699,25974
2700,129080
2701,811208
2702,32731
2703,46660
2704,17143
2705,64444
2706,97669
2707,101941
2708,115053
2709,115810
2710,102609
2711,75140
2712,117285
2713,61909
2714,348554
2715,67636
2716,67946
2717,422270
2718,105886
2719,105986
2720,57632
2721,41936
2722,133015
2723,578942
2724,63534
2725,391100
2726,934848
2727,446356
2728,410789
2729,35150
2730,79898
2731,141280
2732,126065
2733,137838
2734,116040
2735,206708
2736,86320
2737,69827
2738,426819
2739,48223
2740,845730
2741,114158
2742,80248
2743,106297
2744,288754
2745,144023
2746,53740
2747,401726
2748,15947
2749,105457
2750,309869
2751,59617
2752,114689
2753,99812
2754,27220
2755,131966
2756,37880
2757,130025
2758,13445
2759,64392
2760,105239
2761,29643
2762,449792
2763,319944
2764,19804
2765,923616
2766,97650
2767,48044
2768,448796
2769,24792
2770,12754
2771,44688
2772,43724
2773,145196
2774,372091
2775,431207
2776,906608
2777,246308
2778,315443
2779,113084
2780,274619
2781,94846
2782,115802
2783,375728
2784,67915
2785,55814
2786,107222
2787,111254
2788,134990
2789,28717
2790,130322
2791,89324
2792,24455
2793,421513
2794,105882
2795,424892
2796,15237
2797,126135
2798,117591
2799,140030
2800,90235
2801,14000
2802,96557
2803,322917
2804,237085
2805,296059
2806,94493
2807,369319
2808,44192
2809,141809
2810,232723
2811,654650
2812,54932
2813,310847
2814,53953
2815,418295
2816,24155
2817,57483
2818,101903
2819,379851
2820,58333
2821,108461
2822,82598
2823,97509
2824,81910
2825,118143
2826,63991
2827,522813
2828,439872
2829,214405
2830,39285
2831,99455
2832,86631
2833,43339
2834,669577
2835,423431
2836,921028
2837,51279
2838,124490
2839,142167
2840,46669
2841,92510
2842,17527
2843,136369
2844,410379
2845,128502
2846,30553
2847,51189
2848,79701
2849,44522
2850,63463
2851,710719
2852,142311
2853,22013
2854,102783
2855,114345
2856,101235
2857,109341
2858,136594
2859,95683
2860,321323
2861,104938
2862,101423
2863,137166
2864,969577
2865,61796
2866,73837
2867,319387
2868,21902
2869,77315
2870,114473
2871,62936
2872,100576
2873,231192
2874,47230
2875,54342
2876,410168
2877,79291
2878,51376
2879,127345
2880,132165
2881,272626
2882,604599
2883,24538
2884,44130
2885,61408
2886,231356
2887,57737
2888,263134
2889,279569
2890,368267
2891,51241
2892,57715
2893,142015
2894,29835
2895,46992
2896,35013
2897,402379
2898,85059
2899,88062
2900,98376
2901,61772
2902,52666
2903,310708
2904,10433
2905,283131
2906,116507
2907,140467
2908,38558
2909,263008
2910,316573
2911,146735
2912,382782
2913,85579
2914,23829
2915,427521
2916,95680
2917,59825
2918,89661
2919,39983
2920,375644
2921,22093
2922,705253
2923,436791
2924,147940
2925,61181
2926,109374
2927,67621
2928,116590
2929,128757
2930,23582
2931,423841
2932,420518
2933,36605
2934,89278
2935,89541
2936,67870
2937,141959
2938,30398
2939,131045
2940,294595
2941,54875
2942,106077
2943,141178
2944,76162
2945,16686
2946,50477
2947,11231
2948,135405
2949,113461
2950,29740
2951,377936
2952,107381
2953,83498
2954,394284
2955,113304
2956,633672
2957,132810
2958,15777
2959,297270
2960,136581
2961,127605
2962,46720
2963,413932
2964,85922
2965,27727
2966,708494
2967,52963
2968,23488
2969,120066
2970,51792
2971,27317
2972,13967
2973,65884
2974,440011
2975,929152
2976,16405
2977,11091
2978,438280
2979,115015
2980,536362
2981,43414
2982,565188
2983,133418
2984,134464
2985,55454
2986,14476
2987,52756
2988,540704
2989,147638
2990,27557
2991,111569
2992,600868
2993,60010
2994,68539
2995,88837
2996,48716
2997,319439
2998,39774
2999,78736
3000,215620
3001,143328
3002,13298
3003,117334
3004,373055
3005,409705
3006,431452
3007,974005
3008,94742
3009,427559
3010,129601
3011,125057
3012,137193
3013,392054
3014,97326
3015,357171
3016,88447
3017,327953
3018,106427
3019,138117
3020,13335
3021,138645
3022,137863
3023,93422
3024,49591
3025,58582
3026,934745
3027,528908
3028,682720
3029,123537
3030,70883
3031,296929
3032,117832
3033,142140
3034,109121
3035,527961
3036,71382
3037,121828
3038,81624
3039,99307
3040,33517
3041,107758
3042,10429
3043,66807
3044,353218
3045,92383
3046,580840
3047,132039
3048,46831
3049,94665
3050,34103
3051,96166
3052,16884
3053,122921
3054,146364
3055,444459
3056,75277
3057,50278
3058,79483
3059,73303
3060,290477
3061,26718
3062,58607
3063,129845
3064,119531
3065,126715
3066,146932
3067,96098
3068,83050
3069,66417
3070,795786
3071,113666
3072,47654
3073,139404
3074,53817
3075,56744
3076,79431
3077,315977
3078,65281
3079,374734
3080,77663
3081,117813
3082,737029
3083,298541
3084,27706
3085,123552
3086,31121
3087,123091
3088,68458
3089,286214
3090,302452
3091,543423
3092,114634
3093,146931
3094,362880
3095,80376
3096,69111
3097,68958
3098,59751
3099,91872
3100,15545
3101,948158
3102,99911
3103,94715
3104,96518
3105,426547
3106,45978
3107,261159
3108,356126
3109,124673
3110,113661
3111,83454
3112,51400
3113,147054
3114,904884
3115,56819
3116,135370
3117,51483
3118,254399
3119,29207
3120,401213
3121,331911
3122,95219
3123,371784
3124,92333
3125,108005
3126,30199
3127,127400
3128,70195
3129,694089
3130,428252
3131,394984
3132,92338
3133,122112
3134,65811
3135,48416
3136,115799
3137,133681
3138,83311
3139,869586
3140,739142
3141,135264
3142,209547
3143,44363
3144,204989
3145,581605
3146,48405
3147,117973
3148,55213
3149,147405
3150,84861
3151,50434
3152,143744
3153,128304
3154,358876
3155,82679
3156,247820
3157,323181
3158,62179
3159,717469
3160,354696
3161,313916
3162,140475
3163,128282
3164,138607
3165,535930
3166,327708
3167,99652
3168,109383
3169,34293
3170,368362
3171,85265
3172,94858
3173,136566
3174,38958
3175,65484
3176,938431
3177,62042
3178,79816
3179,311906
3180,60227
3181,23618
3182,852862
3183,11816
3184,327838
3185,315511
3186,42576
3187,86442
3188,116606
3189,95986
3190,272767
3191,219915
3192,765603
3193,85537
3194,778640
3195,67430
3196,348432
3197,45644
3198,37976
3199,350170
3200,101230
3201,55936
3202,121295
3203,98936
3204,49522
3205,36450
3206,136042
3207,276753
3208,100257
3209,139729
3210,52846
3211,103922
3212,92928
3213,85916
3214,258331
3215,360945
3216,22164
3217,129848
3218,149865
3219,91803
3220,17941
3221,84100
3222,138370
3223,140686
3224,23341
3225,137008
3226,73606
3227,44858
3228,100115
3229,99605
3230,137972
3231,40093
3232,775870
3233,50506
3234,32568
3235,74245
3236,240676
3237,62683
3238,32937
3239,46164
3240,54154
3241,91139
3242,684009
3243,75628
3244,954398
3245,15457
3246,243930
3247,263851
3248,139302
3249,146217
3250,16413
3251,74414
3252,16280
3253,19242
3254,148235
3255,106068
3256,270236
3257,56699
3258,316263
3259,70599
3260,41153
3261,68984
3262,147985
3263,415245
3264,409201
3265,772977
3266,134009
3267,13221
3268,141763
3269,84800
3270,22662
3271,359555
3272,115118
3273,103506
3274,930465
3275,114428
3276,572601
3277,50639
3278,400710
3279,124564
3280,773537
3281,63696
3282,363264
3283,33145
3284,88364
3285,90039
3286,96150
3287,109830
3288,115853
3289,628759
3290,46990
3291,78368
3292,266108
3293,412507
3294,271573
3295,64735
3296,16380
3297,50562
3298,789600
3299,22044
3300,201408
3301,282117
3302,76781
3303,23747
3304,57476
3305,267757
3306,230512
3307,309969
3308,114560
3309,28973
3310,45362
3311,59774
3312,305819
3313,309893
3314,139615
3315,11960
3316,144052
3317,19697
3318,142409
3319,42326
3320,335747
3321,141327
3322,12192
3323,776590
3324,234974
3325,64937
3326,133780
3327,271950
3328,77925
3329,90024
3330,10717
3331,276656
3332,23228
3333,244541
3334,77282
3335,109328
3336,101099
3337,683300
3338,52819
3339,104855
3340,69293
3341,108964
3342,36196
3343,224719
3344,96042
3345,307544
3346,725209
3347,399617
3348,393208
3349,67887
3350,123663
3351,73612
3352,104423
3353,352627
3354,13997
3355,84542
3356,53680
3357,133986
3358,107929
3359,124984
3360,421837
3361,74109
3362,113124
3363,65983
3364,143386
3365,67774
3366,637327
3367,229819
3368,23273
3369,148147
3370,210066
3371,140378
3372,902834
3373,91979
3374,312259
3375,361307
3376,718070
3377,113327
3378,143094
3379,436413
3380,293786
3381,72611
3382,64803
3383,115321
3384,129012
3385,360726
3386,67908
3387,45682
3388,448168
3389,107152
3390,32583
3391,38626
3392,19057
3393,36148
3394,123719
3395,51106
3396,148369
3397,69850
3398,852682
3399,108986
3400,90574
3401,62418
3402,21606
3403,34533
3404,24102
3405,144126
3406,379426
3407,25785
3408,25692
3409,149397
3410,142183
3411,368330
3412,356230
3413,32077
3414,130829
3415,122535
3416,546291
3417,106895
3418,384867
3419,98074
3420,121849
3421,131117
3422,130877
3423,114961
3424,783479
3425,662081
3426,64982
3427,49845
3428,139971
3429,410161
3430,142689
3431,113700
3432,237043
3433,569737
3434,146829
3435,15824
3436,114914
3437,118126
3438,33162
3439,51604
3440,307952
3441,43835
3442,299624
3443,30483
3444,84186
3445,916368
3446,18726
3447,388683
3448,66550
3449,130417
3450,106418
3451,121987
3452,67276
3453,50114
3454,255173
3455,206284
3456,284308
3457,138840
3458,304163
3459,37276
3460,76536
3461,100833
3462,32698
3463,333240
3464,368870
3465,303774
3466,377340
3467,146756
3468,21441
3469,423560
3470,228460
3471,125924
3472,66867
3473,20767
3474,64254
3475,98592
3476,136193
3477,40380
3478,234543
3479,62314
3480,69034
3481,129046
3482,378574
3483,52625
3484,40686
3485,127805
3486,27562
3487,11505
3488,61555
3489,103210
3490,628568
3491,83880
3492,144846
3493,63714
3494,31009
3495,93645
3496,320966
3497,11952
3498,60843
3499,65700
3500,986802
3501,46905
3502,106589
3503,55484
3504,139342
3505,124916
3506,386911
3507,365138
3508,505192
3509,103556
3510,39265
3511,39174
3512,20523
3513,27322
3514,107411
3515,42002
3516,999471
3517,89152
3518,94497
3519,45666
3520,60206
3521,16719
3522,688950
3523,812206
3524,507087
3525,47540
3526,11528
3527,122716
3528,12756
3529,91823
3530,118876
3531,924218
3532,80394
3533,212643
3534,320618
3535,87508
3536,67044
3537,103480
3538,112755
3539,34241
3540,44163
3541,53905
3542,12684
3543,113882
3544,43855
3545,17734
3546,93378
3547,60819
3548,774122
3549,122296
3550,75902
3551,14169
3552,292257
3553,81008
3554,148538
3555,124803
3556,597208
3557,62166
3558,121708
3559,85645
3560,752743
3561,117384
3562,38391
3563,31744
3564,94754
3565,905896
3566,37754
3567,91576
3568,734923
3569,128006
3570,104729
3571,106078
3572,390409
3573,38808
3574,348719
3575,86897
3576,300844
3577,22581
3578,26103
3579,289885
3580,59464
3581,680110
3582,148437
3583,78477
3584,77004
3585,92999
3586,108819
3587,93978
3588,103870
3589,117965
3590,243616
3591,414301
3592,93473
3593,287591
3594,143779
3595,91833
3596,112450
3597,100539
3598,54551
3599,141502
3600,89855
3601,389764
3602,99191
3603,72149
3604,31157
3605,77103
3606,425183
3607,73384
3608,52294
3609,135863
3610,59134
3611,134247
3612,44015
3613,103677
3614,83088
3615,125220
3616,71744
3617,26781
3618,37988
3619,115791
3620,416419
3621,848955
3622,19855
3623,358973
3624,208895
3625,713819
3626,20710
3627,149664
3628,325804
3629,59532
3630,388473
3631,391433
3632,103971
3633,243099
3634,18988
3635,90456
3636,542571
3637,80962
3638,323964
3639,839584
3640,93593
3641,85140
3642,312927
3643,120559
3644,16278
3645,140959
3646,37049
3647,68075
3648,285226
3649,662427
3650,415131
3651,85867
3652,26252
3653,375778
3654,57347
3655,384687
3656,656062
3657,338198
3658,148019
3659,11100
3660,61498
3661,92160
3662,751718
3663,987793
3664,946722
3665,669484
3666,73099
3667,44718
3668,146835
3669,17764
3670,36626
3671,12184
3672,82870
3673,93422
3674,48280
3675,43462
3676,43836
3677,51875
3678,85592
3679,149640
3680,44990
3681,511174
3682,72767
3683,916031
3684,55785
3685,123338
3686,67300
3687,33326
3688,657819
3689,135548
3690,569874
3691,29129
3692,264261
3693,202790
3694,277010
3695,67398
3696,34278
3697,33922
3698,994637
3699,126247
3700,99438
3701,310672
3702,108095
3703,145203
3704,84731
3705,61033
3706,15090
3707,135209
3708,97860
3709,148581
3710,33943
3711,123302
3712,133646
3713,116552
3714,115301
3715,268685
3716,357307
3717,834367
3718,437561
3719,40112
3720,149067
3721,300940
3722,106123
3723,442385
3724,43832
3725,729907
3726,53137
3727,149144
3728,429750
3729,64957
3730,614434
3731,15817
3732,140758
3733,373250
3734,53063
3735,136857
3736,147758
3737,147493
3738,147350
3739,17984
3740,144985
3741,320814
3742,69160
3743,115124
3744,45751
3745,445062
3746,44320
3747,312510
3748,14901
3749,379280
3750,329766
3751,98303
3752,10853
3753,973738
3754,27246
3755,53776
3756,36355
3757,544971
3758,107940
3759,946124
3760,103211
3761,107576
3762,382741
3763,25550
3764,71194
3765,107152
3766,327683
3767,43938
3768,116386
3769,348906
3770,13455
3771,125787
3772,99181
3773,364257
3774,12004
3775,85711
3776,57186
3777,33197
3778,870569
3779,13607
3780,23252
3781,56536
3782,40999
3783,117433
3784,63866
3785,321841
3786,437766
3787,58857
3788,68147
3789,85454
3790,64601
3791,103293
3792,112676
3793,136275
3794,381447
3795,140779
3796,222124
3797,59338
3798,371424
3799,89193
3800,142781
3801,329011
3802,304293
3803,46298
3804,655830
3805,436832
3806,108818
3807,132086
3808,377729
3809,10874
3810,17118
3811,137916
3812,776287
3813,148566
3814,61365
3815,113925
3816,36086
3817,41485
3818,56575
3819,121205
3820,58953
3821,220199
3822,101706
3823,70216
3824,133434
3825,553193
3826,884292
3827,41930
3828,129106
3829,115129
3830,113617
3831,123190
3832,78709
3833,293604
3834,65660
3835,329930
3836,92611
3837,80694
3838,143398
3839,89570
3840,41924
3841,86987
3842,99335
3843,69605
3844,10500
3845,68527
3846,27534
3847,796302
3848,237564
3849,116369
3850,114679
3851,17547
3852,35540
3853,891105
3854,121231
3855,10854
3856,145371
3857,923222
3858,65421
3859,106398
3860,61097
3861,52530
3862,117791
3863,66199
3864,409673
3865,48943
3866,129035
3867,15852
3868,103352
3869,287912
3870,88869
3871,113652
3872,832046
3873,60416
3874,48662
3875,715199
3876,86877
3877,115863
3878,245661
3879,70377
3880,59654
3881,261556
3882,100896
3883,62981
3884,762782
3885,102254
3886,120421
3887,541013
3888,93761
3889,45265
3890,119431
3891,236459
3892,94990
3893,137886
3894,110187
3895,714533
3896,805371
3897,145432
3898,144559
3899,105562
3900,147926
3901,85078
3902,59563
3903,970947
3904,62590
3905,836002
3906,375966
3907,81227
3908,73503
3909,109284
3910,698965
3911,94499
3912,418159
3913,337305
3914,26822
3915,205096
3916,19511
3917,126493
3918,143662
3919,61364
3920,121136
3921,38323
3922,65120
3923,110939
3924,86150
3925,27745
3926,12582
3927,120097
3928,44797
3929,985483
3930,418498
3931,133062
3932,135119
3933,272780
3934,401592
3935,281541
3936,143892
3937,86813
3938,49477
3939,25530
3940,122072
3941,108648
3942,74241
3943,128059
3944,69975
3945,300185
3946,332294
3947,64635
3948,42433
3949,105788
3950,801279
3951,114613
3952,99162
3953,77666
3954,362464
3955,445547
3956,397440
3957,50743
3958,269180
3959,56906
3960,104227
3961,116824
3962,58532
3963,401046
3964,275538
3965,36340
3966,111220
3967,122294
3968,423328
3969,15229
3970,824705
3971,109709
3972,30832
3973,16835
3974,85373
3975,70044
3976,17508
3977,87842
3978,36218
3979,606395
3980,125964
3981,12192
3982,372869
3983,72076
3984,140516
3985,971463
3986,90379
3987,550456
3988,265568
3989,377630
3990,951028
3991,18320
3992,435184
3993,138661
3994,67020
3995,761798
3996,57309
3997,51329
3998,420971
3999,36675
4000,41241
4001,55610
4002,63119
4003,442335
4004,36466
4005,21622
4006,437705
4007,57584
4008,114119
4009,142970
4010,10541
4011,370824
4012,110121
4013,38125
4014,78070
4015,582901
4016,931278
4017,100666
4018,73435
4019,504126
4020,127458
4021,122360
4022,393899
4023,611579
4024,135987
4025,48078
4026,11486
4027,31194
4028,10316
4029,56527
4030,375649
4031,63271
4032,36379
4033,949190
4034,817972
4035,132752
4036,65960
4037,57553
4038,123147
4039,67820
4040,25950
4041,129355
4042,30031
4043,355954
4044,73200
4045,58242
4046,39855
4047,47957
4048,100208
4049,15424
4050,78897
4051,87156
4052,11876
4053,45541
4054,952145
4055,83522
4056,411730
4057,19651
4058,847109
4059,201647
4060,125706
4061,125915
4062,133559
4063,77961
4064,135132
4065,106946
4066,914889
4067,139220
4068,108484
4069,107823
4070,369111
4071,79783
4072,17809
4073,513381
4074,105196
4075,99520
4076,438654
4077,71316
4078,110386
4079,959314
4080,35820
4081,222183
4082,76011
4083,100790
4084,87188
4085,34736
4086,20796
4087,45836
4088,245613
4089,563473
4090,258678
4091,117713
4092,83952
4093,48524
4094,20266
4095,149924
4096,144724
4097,45642
4098,48481
4099,261643
4100,230826
4101,86145
4102,42434
4103,96265
4104,65044
4105,941611
4106,45952
4107,637237
4108,239157
4109,328768
4110,26276
4111,256589
4112,113061
4113,74022
4114,66402
4115,723861
4116,30599
4117,47121
4118,82992
4119,73565
4120,19482
4121,148528
4122,52569
4123,99227
4124,103490
4125,643992
4126,83750
4127,143505
4128,36825
4129,135542
4130,128235
4131,120965
4132,71453
4133,429697
4134,958198
4135,25699
4136,769359
4137,99203
4138,384826
4139,33635
4140,365030
4141,123252
4142,74410
4143,69839
4144,87777
4145,100683
4146,35946
4147,77298
4148,21185
4149,437876
4150,88241
4151,18661
4152,220198
4153,21569
4154,27613
4155,77434
4156,276058
4157,389388
4158,115481
4159,20096
4160,39433
4161,129358
4162,97886
4163,75645
4164,128017
4165,841644
4166,93413
4167,124030
4168,30992
4169,316150
4170,132204
4171,39974
4172,697346
4173,137108
4174,692189
4175,13671
4176,778843
4177,32842
4178,265443
4179,405043
4180,131766
4181,340575
4182,46709
4183,21530
4184,418184
4185,131998
4186,232826
4187,10489
4188,362940
4189,11183
4190,35006
4191,140009
4192,28737
4193,308419
4194,346345
4195,275547
4196,349286
4197,103763
4198,39961
4199,36591
4200,119980
4201,102196
4202,969450
4203,109397
4204,48244
4205,137661
4206,117528
4207,143661
4208,443219
4209,102785
4210,48511
4211,43034
4212,140780
4213,76461
4214,25551
4215,112904
4216,125355
4217,12225
4218,353997
4219,134611
4220,113024
4221,438733
4222,121833
4223,24346
4224,255359
4225,36027
4226,38896
4227,93222
4228,106403
4229,919599
4230,73039
4231,324966
4232,340439
4233,119936
4234,67529
4235,82851
4236,411961
4237,92384
4238,694601
4239,864331
4240,10407
4241,26519
4242,862203
4243,59170
4244,44157
4245,48191
4246,100780
4247,806122
4248,108061
4249,83863
4250,298902
4251,145950
4252,16961
4253,628563
4254,127294
4255,283726
4256,84435
4257,16369
4258,32987
4259,21071
4260,78058
4261,309428
4262,62544
4263,439168
4264,904171
4265,127672
4266,95536
4267,257428
4268,441679
4269,84115
4270,91398
4271,94541
4272,76829
4273,984481
4274,96999
4275,121817
4276,147201
4277,136508
4278,234185
4279,408872
4280,53391
4281,139585
4282,74751
4283,62466
4284,39433
4285,76829
4286,701528
4287,105948
4288,91070
4289,79352
4290,146190
4291,538607
4292,299113
4293,31356
4294,25047
4295,133200
4296,111513
4297,66818
4298,61206
4299,649615
4300,70165
4301,52930
4302,422504
4303,112541
4304,81362
4305,49274
4306,573275
4307,62772
4308,36454
4309,126718
4310,40005
4311,605803
4312,32162
4313,65012
4314,99858
4315,842174
4316,96026
4317,259080
4318,29855
4319,106271
4320,447564
4321,860714
4322,100029
4323,101551
4324,82859
4325,47579
4326,75668
4327,129415
4328,209492
4329,902389
4330,102812
4331,611579
4332,100320
4333,98023
4334,864147
4335,54665
4336,31538
4337,424662
4338,652619
4339,251659
4340,309970
4341,38709
4342,337874
4343,297267
4344,24792
4345,966365
4346,44697
4347,23184
4348,223951
4349,684708
4350,424374
4351,753174
4352,32433
4353,117622
4354,57471
4355,118435
4356,53302
4357,125335
4358,99948
4359,132981
4360,101751
4361,629549
4362,53034
4363,105900
4364,49975
4365,79575
4366,14730
4367,118799
4368,18397
4369,803285
4370,792092
4371,134146
4372,77245
4373,447912
4374,80966
4375,11988
4376,13181
4377,762234
4378,113608
4379,341493
4380,345055
4381,220732
4382,61213
4383,546448
4384,137213
4385,374448
4386,14795
4387,74504
4388,255250
4389,117401
4390,125730
4391,333817
4392,281086
4393,16313
4394,788706
4395,109929
4396,436075
4397,60635
4398,139432
4399,133933
4400,28365
4401,49358
4402,95064
4403,101121
4404,134965
4405,31763
4406,119717
4407,134242
4408,72580
4409,49241
4410,63149
4411,147917
4412,113955
4413,25442
4414,387780
4415,285483
4416,29041
4417,113716
4418,33471
4419,142585
4420,62687
4421,556538
4422,135030
4423,28837
4424,271732
4425,100974
4426,420257
4427,410073
4428,120846
4429,269623
4430,59728
4431,971576
4432,35125
4433,212245
4434,121086
4435,83271
4436,115015
4437,400711
4438,22019
4439,26743
4440,43468
4441,94172
4442,133973
4443,54363
4444,102771
4445,131578
4446,69166
4447,44651
4448,77189
4449,74117
4450,52033
4451,127153
4452,40139
4453,23822
4454,15909
4455,937931
4456,968153
4457,139823
4458,67707
4459,45469
4460,42404
4461,19040
4462,118302
4463,139956
4464,345529
4465,71996
4466,11369
4467,318936
4468,268363
4469,57708
4470,118413
4471,272019
4472,43429
4473,56677
4474,22705
4475,116777
4476,740906
4477,95927
4478,89887
4479,18311
4480,145994
4481,135103
4482,392771
4483,46214
4484,238299
4485,57593
4486,74357
4487,501760
4488,76234
4489,45681
4490,122990
4491,143846
4492,87899
4493,73682
4494,394153
4495,101240
4496,141308
4497,88079
4498,615389
4499,345704
4500,321704
4501,816529
4502,83301
4503,93044
4504,960801
4505,139411
4506,799341
4507,429087
4508,18241
4509,93832
4510,415697
4511,71484
4512,372753
4513,112542
4514,59514
4515,13182
4516,43196
4517,148261
4518,146159
4519,144798
4520,340406
4521,106503
4522,122039
4523,139076
4524,94751
4525,46169
4526,391682
4527,138065
4528,861685
4529,39009
4530,37052
4531,35057
4532,132380
4533,31923
4534,444323
4535,507138
4536,213691
4537,91093
4538,719620
4539,138845
4540,97709
4541,41935
4542,24054
4543,96345
4544,69542
4545,73841
4546,137697
4547,888373
4548,122275
4549,133711
4550,108774
4551,87890
4552,148058
4553,230797
4554,940563
4555,262877
4556,68657
4557,82002
4558,352023
4559,103082
4560,142862
4561,539879
4562,17373
4563,12025
4564,14956
4565,239409
4566,301290
4567,75261
4568,59501
4569,68390
4570,111526
4571,97074
4572,72642
4573,40057
4574,418638
4575,336592
4576,55199
4577,79819
4578,18038
4579,32745
4580,27754
4581,110476
4582,113211
4583,225026
4584,52984
4585,71751
4586,142983
4587,55927
4588,135465
4589,362126
4590,49600
4591,31302
4592,124183
4593,423707
4594,519808
4595,302898
4596,57998
4597,123126
4598,60241
4599,143723
4600,29272
4601,97784
4602,277086
4603,382441
4604,317712
4605,868114
4606,41151
4607,215743
4608,87092
4609,301038
4610,122520
4611,146058
4612,22763
4613,35610
4614,115900
4615,91182
4616,758602
4617,104611
4618,443495
4619,146398
4620,73045
4621,357391
4622,773701
4623,21967
4624,292596
4625,88290
4626,26224
4627,68940
4628,93615
4629,60609
4630,55974
4631,112977
4632,148206
4633,97451
4634,71022
4635,442406
4636,148375
4637,92779
4638,270962
4639,15380
4640,143043
4641,147395
4642,256133
4643,52459
4644,126360
4645,233151
4646,110573
4647,123037
4648,107747
4649,33052
4650,361090
4651,95168
4652,366379
4653,231273
4654,92401
4655,397192
4656,32874
4657,55260
4658,98310
4659,146910
4660,105784
4661,53372
4662,65753
4663,75193
4664,65878
4665,39133
4666,301626
4667,43751
4668,272654
4669,59781
4670,143947
4671,85289
4672,373571
4673,315288
4674,227258
4675,110504
4676,65409
4677,113061
4678,80134
4679,344179
4680,838239
4681,108807
4682,14427
4683,300057
4684,143393
4685,102122
4686,105199
4687,60013
4688,951804
4689,141212
4690,444349
4691,214605
4692,42227
4693,334778
4694,136523
4695,60992
4696,72096
4697,857213
4698,41750
4699,393393
4700,55242
4701,334570
4702,87602
4703,987747
4704,141906
4705,826069
4706,96557
4707,697870
4708,66458
4709,98966
4710,340239
4711,124841
4712,839864
4713,378544
4714,43926
4715,306975
4716,38904
4717,116787
4718,127348
4719,123913
4720,26141
4721,401821
4722,44831
4723,126989
4724,46285
4725,78063
4726,22211
4727,61318
4728,709887
4729,243954
4730,47429
4731,49573
4732,671488
4733,384548
4734,730312
4735,48040
4736,79576
4737,548607
4738,141798
4739,273030
4740,107611
4741,24168
4742,92650
4743,882679
4744,448260
4745,689122
4746,218809
4747,916801
4748,74429
4749,29819
4750,739503
4751,47048
4752,121188
4753,31283
4754,135207
4755,127047
4756,412131
4757,51237
4758,388593
4759,49319
4760,81782
4761,76616
4762,138682
4763,231587
4764,90450
4765,400006
4766,120214
4767,11192
4768,730617
4769,42158
4770,976029
4771,51126
4772,10400
4773,36455
4774,34155
4775,22618
4776,96127
4777,907903
4778,104859
4779,147214
4780,86091
4781,405177
4782,20318
4783,528381
4784,215953
4785,32200
4786,293969
4787,223928
4788,892690
4789,145934
4790,140250
4791,436102
4792,72879
4793,752825
4794,44961
4795,730615
4796,131317
4797,145893
4798,14097
4799,92061
4800,135082
4801,84146
4802,932201
4803,62515
4804,791677
4805,947795
4806,71400
4807,21210
4808,138088
4809,42264
4810,250301
4811,351732
4812,113287
4813,276680
4814,122742
4815,140620
4816,126428
4817,569442
4818,125367
4819,54313
4820,41213
4821,85799
4822,82264
4823,63187
4824,238441
4825,54848
4826,102317
4827,65836
4828,286796
4829,17754
4830,111035
4831,63100
4832,74983
4833,105185
4834,134537
4835,388639
4836,135440
4837,54152
4838,380856
4839,119779
4840,50193
4841,19492
4842,74265
4843,148130
4844,308154
4845,113979
4846,612395
4847,36432
4848,311344
4849,106037
4850,373620
4851,205612
4852,57140
4853,39062
4854,142279
4855,143228
4856,66799
4857,647557
4858,85269
4859,32651
4860,21395
4861,90382
4862,23377
4863,423319
4864,25731
4865,111177
4866,134843
4867,17101
4868,44789
4869,399088
4870,611122
4871,242746
4872,402271
4873,34038
4874,91354
4875,220266
4876,891077
4877,216133
4878,426851
4879,125987
4880,58901
4881,407546
4882,69370
4883,378952
4884,147293
4885,80411
4886,127279
4887,83039
4888,79246
4889,49415
4890,429792
4891,43627
4892,111722
4893,138496
4894,112806
4895,430099
4896,375405
4897,40182
4898,16241
4899,71414
4900,73729
4901,548260
4902,361649
4903,49942
4904,948446
4905,141671
4906,835459
4907,107657
4908,60566
4909,578556
4910,25238
4911,110988
4912,113651
4913,37356
4914,543614
4915,14686
4916,58100
4917,72866
4918,102485
4919,351605
4920,419234
4921,116933
4922,29644
4923,336931
4924,36464
4925,80619
4926,42206
4927,107454
4928,104692
4929,64301
4930,78228
4931,122866
4932,323349
4933,85615
4934,420179
4935,301000
4936,440369
4937,77666
4938,74637
4939,100328
4940,125010
4941,202659
4942,69018
4943,116125
4944,41438
4945,31749
4946,17298
4947,951593
4948,94737
4949,109659
4950,295055
4951,84534
4952,408047
4953,203755
4954,79335
4955,90916
4956,49210
4957,140952
4958,127544
4959,17737
4960,110547
4961,51543
4962,147365
4963,954987
4964,579736
4965,34334
4966,99284
4967,248119
4968,19096
4969,118682
4970,146162
4971,945580
4972,86730
4973,938419
4974,70334
4975,10944
4976,318277
4977,148574
4978,99175
4979,107963
4980,92993
4981,878938
4982,230060
4983,92998
4984,26687
4985,45475
4986,134906
4987,88494
4988,62138
4989,31246
4990,29740
4991,92383
4992,300503
4993,445906
4994,89150
4995,84479
4996,111536
4997,139229
4998,229002
4999,130523
5000,344239
5001,124629
5002,33092
5003,110356
5004,54152
5005,69532
5006,62037
5007,417367
5008,133022
5009,15724
5010,117263
5011,66176
5012,71154
5013,11469
5014,404420
5015,601947
5016,98528
5017,899257
5018,327419
5019,96516
5020,17886
5021,92684
5022,106544
5023,899071
5024,129338
5025,98251
5026,39899
5027,98990
5028,93191
5029,114754
5030,827622
5031,280079
5032,915340
5033,120551
5034,93803
5035,132379
5036,142099
5037,135912
5038,119746
5039,43351
5040,605937
5041,131694
5042,97738
5043,114368
5044,41876
5045,10867
5046,133069
5047,18505
5048,528906
5049,41865
5050,73398
5051,138890
5052,897975
5053,57748
5054,104412
5055,45698
5056,65973
5057,378879
5058,78615
5059,330503
5060,144082
5061,122137
5062,65000
5063,57484
5064,394835
5065,601774
5066,22323
5067,113848
5068,143670
5069,48232
5070,242358
5071,101192
5072,48784
5073,67451
5074,55400
5075,64034
5076,835919
5077,87111
5078,918364
5079,273500
5080,84182
5081,84448
5082,67351
5083,128211
5084,91967
5085,275173
5086,90378
5087,877042
5088,259190
5089,585279
5090,251542
5091,446545
5092,73183
5093,91249
5094,138824
5095,374823
5096,363076
5097,19394
5098,60218
5099,77404
5100,42113
5101,66947
5102,100740
5103,312447
5104,89644
5105,28313
5106,334915
5107,212077
5108,114714
5109,132599
5110,201264
5111,97616
5112,50189
5113,48115
5114,52995
5115,27631
5116,94768
5117,56445
5118,123933
5119,75966
5120,20388
5121,85064
5122,20653
5123,318349
5124,123525
5125,22484
5126,141415
5127,59319
5128,95594
5129,208802
5130,108459
5131,37183
5132,102707
5133,38497
5134,95974
5135,140644
5136,140013
5137,246108
5138,592407
5139,371629
5140,60858
5141,398552
5142,29140
5143,83682
5144,282131
5145,113131
5146,145461
5147,12743
5148,419774
5149,68433
5150,68895
5151,26656
5152,121675
5153,26587
5154,62305
5155,42956
5156,84069
5157,148635
5158,958144
5159,343926
5160,301769
5161,341816
5162,359466
5163,219105
5164,124622
5165,117192
5166,64861
5167,82278
5168,38043
5169,89616
5170,18296
5171,99477
5172,11370
5173,130073
5174,539461
5175,61741
5176,217543
5177,23328
5178,117097
5179,73447
5180,139964
5181,124503
5182,370161
5183,24465
5184,27303
5185,30340
5186,92328
5187,78129
5188,81582
5189,116760
5190,114102
5191,564700
5192,14872
5193,220852
5194,88157
5195,788243
5196,795752
5197,87076
5198,134980
5199,942562
5200,134148
5201,640401
5202,80877
5203,892751
5204,68873
5205,81650
5206,70156
5207,92628
5208,10140
5209,87985
5210,49348
5211,35828
5212,70227
5213,41775
5214,121222
5215,105132
5216,45772
5217,430590
5218,21295
5219,88466
5220,112513
5221,130069
5222,64609
5223,67634
5224,297793
5225,26913
5226,65472
5227,87092
5228,129872
5229,763615
5230,47928
5231,31466
5232,401562
5233,318529
5234,534556
5235,108298
5236,256448
5237,263223
5238,248512
5239,409829
5240,57502
5241,331601
5242,144631
5243,144032
5244,132244
5245,432005
5246,84750
5247,227129
5248,85648
5249,447409
5250,385220
5251,216380
5252,134869
5253,129790
5254,340100
5255,807784
5256,965118
5257,78580
5258,48601
5259,68730
5260,27930
5261,56554
5262,91197
5263,204572
5264,387107
5265,95996
5266,30628
5267,909400
5268,352358
5269,119781
5270,310091
5271,235234
5272,106450
5273,116251
5274,393223
5275,102138
5276,253308
5277,143046
5278,949152
5279,906614
5280,27445
5281,269375
5282,821206
5283,15857
5284,20084
5285,97047
5286,675334
5287,133918
5288,54760
5289,307621
5290,33680
5291,55374
5292,608969
5293,69817
5294,70042
5295,138443
5296,565375
5297,98960
5298,101424
5299,90485
5300,145107
5301,34052
5302,143913
5303,16746
5304,373889
5305,82503
5306,130052
5307,735858
5308,84233
5309,41547
5310,117854
5311,84859
5312,352681
5313,265761
5314,107956
5315,26406
5316,298046
5317,315604
5318,426157
5319,317907
5320,23619
5321,884172
5322,338400
5323,49524
5324,134417
5325,263142
5326,99363
5327,35838
5328,101652
5329,23531
5330,103375
5331,90586
5332,87320
5333,10206
5334,953097
5335,899781
5336,108406
5337,112253
5338,36749
5339,15314
5340,105777
5341,871455
5342,90198
5343,78384
5344,109850
5345,231569
5346,661996
5347,102861
5348,103256
5349,49406
5350,19792
5351,134577
5352,55749
5353,535555
5354,19400
5355,58303
5356,81595
5357,64054
5358,424244
5359,602959
5360,440457
5361,284504
5362,223748
5363,387066
5364,238265
5365,333593
5366,77916
5367,76522
5368,302247
5369,571851
5370,259541
5371,95098
5372,145962
5373,109059
5374,139423
5375,330160
5376,957489
5377,136900
5378,219941
5379,143292
5380,528982
5381,113114
5382,527231
5383,20394
5384,45628
5385,401179
5386,241258
5387,115331
5388,380399
5389,107761
5390,304449
5391,90729
5392,50661
5393,99168
5394,55389
5395,79786
5396,111895
5397,130896
5398,90821
5399,31412
5400,83140
5401,77410
5402,95227
5403,37963
5404,119230
5405,107262
5406,274084
5407,47010
5408,230884
5409,102139
5410,57715
5411,53671
5412,869278
5413,65321
5414,220611
5415,767683
5416,145153
5417,78541
5418,393992
5419,22599
5420,20577
5421,81209
5422,348545
5423,45960
5424,28398
5425,61006
5426,133091
5427,131302
5428,20050
5429,19818
5430,67582
5431,216252
5432,304652
5433,94006
5434,110013
5435,388915
5436,624496
5437,122980
5438,834121
5439,273973
5440,55820
5441,95086
5442,142527
5443,270991
5444,85822
5445,422787
5446,17114
5447,757959
5448,15507
5449,129966
5450,144170
5451,72351
5452,108908
5453,385473
5454,364063
5455,111928
5456,133856
5457,29745
5458,20973
5459,105650
5460,75970
5461,294913
5462,40308
5463,876895
5464,121439
5465,822242
5466,69411
5467,648763
5468,138842
5469,126253
5470,35866
5471,50730
5472,262933
5473,277394
5474,929250
5475,394551
5476,96788
5477,21308
5478,35958
5479,236781
5480,39044
5481,201211
5482,87916
5483,88950
5484,147316
5485,21810
5486,663565
5487,30890
5488,82157
5489,149147
5490,106613
5491,111768
5492,60348
5493,54548
5494,419815
5495,41968
5496,56529
5497,38716
5498,111100
5499,220849
5500,299568
5501,297629
5502,402896
5503,35319
5504,12208
5505,122292
5506,124232
5507,42188
5508,24252
5509,249759
5510,848636
5511,94692
5512,11156
5513,87683
5514,414272
5515,10756
5516,31626
5517,235032
5518,77083
5519,81842
5520,252563
5521,81693
5522,92457
5523,133061
5524,146373
5525,131621
5526,93902
5527,26884
5528,285254
5529,736798
5530,680727
5531,390931
5532,10648
5533,25260
5534,447943
5535,53255
5536,120307
5537,882097
5538,148993
5539,115816
5540,386792
5541,203972
5542,71433
5543,633163
5544,72152
5545,123112
5546,44299
5547,52006
5548,14068
5549,92225
5550,120624
5551,122384
5552,14709
5553,10467
5554,67707
5555,49273
5556,505718
5557,97817
5558,336462
5559,410398
5560,713558
5561,65891
5562,83168
5563,85265
5564,308738
5565,389890
5566,275496
5567,793370
5568,71951
5569,104014
5570,363401
5571,277588
5572,350956
5573,148954
5574,88417
5575,131164
5576,99129
5577,425185
5578,130395
5579,24679
5580,804077
5581,56807
5582,299929
5583,30597
5584,91755
5585,362551
5586,40193
5587,78367
5588,49833
5589,144290
5590,81951
5591,113280
5592,30139
5593,922585
5594,75632
5595,53266
5596,303723
5597,69407
5598,554371
5599,101012
5600,40252
5601,438160
5602,123362
5603,410470
5604,102925
5605,71264
5606,33134
5607,101002
5608,321166
5609,440493
5610,45370
5611,60383
5612,876780
5613,104659
5614,89147
5615,444504
5616,100984
5617,366577
5618,28245
5619,815703
5620,294624
5621,31779
5622,91289
5623,44578
5624,362184
5625,114263
5626,38307
5627,128044
5628,59903
5629,101019
5630,256165
5631,12181
5632,290879
5633,30338
5634,132599
5635,72859
5636,82704
5637,102890
5638,442089
5639,85236
5640,659391
5641,267150
5642,520444
5643,72219
5644,410385
5645,73060
5646,54631
5647,36030
5648,416640
5649,73362
5650,12568
5651,89382
5652,52983
5653,92483
5654,116583
5655,213820
5656,60375
5657,264401
5658,26851
5659,139153
5660,507109
5661,94654
5662,89062
5663,43144
5664,124000
5665,17368
5666,55562
5667,334187
5668,12735
5669,29962
5670,143009
5671,47945
5672,88180
5673,66293
5674,89241
5675,56663
5676,68670
5677,37158
5678,27129
5679,48700
5680,62063
5681,115497
5682,232360
5683,15184
5684,242138
5685,417736
5686,366466
5687,45363
5688,95679
5689,139653
5690,104140
5691,751634
5692,29827
5693,42596
5694,122353
5695,215061
5696,407188
5697,949794
5698,58791
5699,443223
5700,431590
5701,102882
5702,203410
5703,788277
5704,683986
5705,66654
5706,86858
5707,115438
5708,130414
5709,649434
5710,83498
5711,83695
5712,74784
5713,403379
5714,115991
5715,125383
5716,400640
5717,10866
5718,577505
5719,78500
5720,53844
5721,126393
5722,12144
5723,132010
5724,30606
5725,303222
5726,513237
5727,91508
5728,101618
5729,78456
5730,80886
5731,44179
5732,342713
5733,78195
5734,820644
5735,54532
5736,53816
5737,967780
5738,114551
5739,57391
5740,13049
5741,33611
5742,124612
5743,29631
5744,45180
5745,84602
5746,135262
5747,137147
5748,311447
5749,775392
5750,449124
5751,28523
5752,94085
5753,114971
5754,103809
5755,121920
5756,115108
5757,25791
5758,299037
5759,301098
5760,35497
5761,60091
5762,64389
5763,95737
5764,754755
5765,80472
5766,87051
5767,363625
5768,204104
5769,69812
5770,95200
5771,120365
5772,425187
5773,62459
5774,107238
5775,66860
5776,54962
5777,97407
5778,134899
5779,355557
5780,297131
5781,117445
5782,82989
5783,69012
5784,79594
5785,277256
5786,34921
5787,108233
5788,819910
5789,86498
5790,121782
5791,120675
5792,94331
5793,140693
5794,47654
5795,47950
5796,35265
5797,64177
5798,58950
5799,248914
5800,124098
5801,43834
5802,140468
5803,13077
5804,50506
5805,906226
5806,135911
5807,129339
5808,691865
5809,392292
5810,25617
5811,402245
5812,357707
5813,119488
5814,49224
5815,97617
5816,341815
5817,30218
5818,115991
5819,120807
5820,27588
5821,56166
5822,80540
5823,125154
5824,18608
5825,106641
5826,390581
5827,325306
5828,88366
5829,388477
5830,37382
5831,32211
5832,68138
5833,406656
5834,82678
5835,56992
5836,715921
5837,928784
5838,134807
5839,66507
5840,140815
5841,118285
5842,345998
5843,146777
5844,85429
5845,113563
5846,849662
5847,37941
5848,90326
5849,213792
5850,439501
5851,259252
5852,899795
5853,99217
5854,125187
5855,87933
5856,54515
5857,652605
5858,320021
5859,125907
5860,124462
5861,54463
5862,312139
5863,83370
5864,87012
5865,935911
5866,126686
5867,779279
5868,105312
5869,83120
5870,324321
5871,334221
5872,137227
5873,111414
5874,103167
5875,314208
5876,80105
5877,144580
5878,113213
5879,141416
5880,28699
5881,32486
5882,54885
5883,54459
5884,36517
5885,60122
5886,116628
5887,244988
5888,299659
5889,124038
5890,106161
5891,34690
5892,443634
5893,16330
5894,282271
5895,36913
5896,98851
5897,75137
5898,101752
5899,604567
5900,238295
5901,352906
5902,89437
5903,309529
5904,57457
5905,30495
5906,107062
5907,778748
5908,91707
5909,23905
5910,85686
5911,568464
5912,62391
5913,214121
5914,14205
5915,91178
5916,707705
5917,45281
5918,105099
5919,33283
5920,263744
5921,117808
5922,143936
5923,13961
5924,88101
5925,278480
5926,90378
5927,29525
5928,69201
5929,44923
5930,113425
5931,101193
5932,64138
5933,939816
5934,98612
5935,32161
5936,11385
5937,239385
5938,360566
5939,111150
5940,36469
5941,51242
5942,24101
5943,113910
5944,92612
5945,145957
5946,90221
5947,448545
5948,923370
5949,226604
5950,971575
5951,70594
5952,68705
5953,65317
5954,126085
5955,90939
5956,46081
5957,19388
5958,23063
5959,787155
5960,365897
5961,90869
5962,733598
5963,45147
5964,149444
5965,246410
5966,780858
5967,392426
5968,26155
5969,356420
5970,119330
5971,106068
5972,109370
5973,56498
5974,137346
5975,81793
5976,135797
5977,139043
5978,298516
5979,25513
5980,116070
5981,134853
5982,346382
5983,79441
5984,365281
5985,870559
5986,75225
5987,134494
5988,91678
5989,145868
5990,97524
5991,23133
5992,115958
5993,103812
5994,81436
5995,84468
5996,282256
5997,362632
5998,40036
5999,761080
6000,428647
6001,281183
6002,55900
6003,98206
6004,36004
6005,121668
6006,808184
6007,34302
6008,135486
6009,131898
6010,337955
6011,40255
6012,991850
6013,138578
6014,144373
6015,97930
6016,100051
6017,410900
6018,276626
6019,17027
6020,82750
6021,89625
6022,65079
6023,919870
6024,705043
6025,117843
6026,77156
6027,56484
6028,230763
6029,123812
6030,24204
6031,149902
6032,64331
6033,22732
6034,226977
6035,57432
6036,440115
6037,42704
6038,105674
6039,90122
6040,54197
6041,420435
6042,62530
6043,322214
6044,90932
6045,148932
6046,65543
6047,11839
6048,90929
6049,419639
6050,381269
6051,665522
6052,35589
6053,71795
6054,390797
6055,101682
6056,51226
6057,52184
6058,91995
6059,439988
6060,32564
6061,119982
6062,209496
6063,48471
6064,135192
6065,147078
6066,39179
6067,59959
6068,284300
6069,273916
6070,15963
6071,408948
6072,105304
6073,48671
6074,26768
6075,31905
6076,75495
6077,90079
6078,130494
6079,425875
6080,420995
6081,54614
6082,106083
6083,57533
6084,76791
6085,60284
6086,135618
6087,43490
6088,108152
6089,13064
6090,51038
6091,59142
6092,139978
6093,302857
6094,122194
6095,19608
6096,406346
6097,68645
6098,98972
6099,30211
6100,42939
6101,137229
6102,115242
6103,763146
6104,440901
6105,397348
6106,811914
6107,825632
6108,25400
6109,430999
6110,94816
6111,393970
6112,127797
6113,22540
6114,66249
6115,588666
6116,387739
6117,71645
6118,67733
6119,276566
6120,37605
6121,35592
6122,146905
6123,41302
6124,267004
6125,68798
6126,893437
6127,136468
6128,632077
6129,61933
6130,145842
6131,42709
6132,128480
6133,305876
6134,101075
6135,121669
6136,43702
6137,111727
6138,145073
6139,117338
6140,30730
6141,49164
6142,126553
6143,321921
6144,624582
6145,111653
6146,148071
6147,93495
6148,726616
6149,52950
6150,517700
6151,113496
6152,270616
6153,370773
6154,91621
6155,617641
6156,15276
6157,91699
6158,102951
6159,46436
6160,99549
6161,320824
6162,13523
6163,296314
6164,272581
6165,118116
6166,204273
6167,337877
6168,58879
6169,26751
6170,26160
6171,123908
6172,19530
6173,148815
6174,58079
6175,70654
6176,21297
6177,83986
6178,25923
6179,31708
6180,120514
6181,43671
6182,46349
6183,386852
6184,16345
6185,41680
6186,637488
6187,29495
6188,117221
6189,132288
6190,14549
6191,113007
6192,63713
6193,44651
6194,80003
6195,114219
6196,48121
6197,97575
6198,41360
6199,796867
6200,335661
6201,420722
6202,800018
6203,118717
6204,129683
6205,106434
6206,599910
6207,108007
6208,29643
6209,110615
6210,368522
6211,62418
6212,62888
6213,284906
6214,10148
6215,13105
6216,124669
6217,76735
6218,23999
6219,141658
6220,53108
6221,96294
6222,21095
6223,37656
6224,92193
6225,31698
6226,99392
6227,149603
6228,113336
6229,86749
6230,65252
6231,120668
6232,237030
6233,145741
6234,31105
6235,317466
6236,100784
6237,70820
6238,62898
6239,41506
6240,110722
6241,93524
6242,70045
6243,135229
6244,426485
6245,104468
6246,45638
6247,423385
6248,127348
6249,253890
6250,820105
6251,17237
6252,80344
6253,362601
6254,42739
6255,435211
6256,363999
6257,129446
6258,133806
6259,83719
6260,84337
6261,238930
6262,529750
6263,256137
6264,255440
6265,83934
6266,290949
6267,107175
6268,66014
6269,133327
6270,712367
6271,975419
6272,45403
6273,848162
6274,103512
6275,98273
6276,893405
6277,72340
6278,115026
6279,321540
6280,135251
6281,79648
6282,103795
6283,73043
6284,125858
6285,740749
6286,125525
6287,922346
6288,145515
6289,275469
6290,85235
6291,89672
6292,16666
6293,47853
6294,123719
6295,287895
6296,251327
6297,214561
6298,59799
6299,64909
6300,84021
6301,306666
6302,26112
6303,147474
6304,146510
6305,141934
6306,131153
6307,140090
6308,403741
6309,233873
6310,95319
6311,132602
6312,149168
6313,401627
6314,906030
6315,916991
6316,214250
6317,71549
6318,113266
6319,83945
6320,764158
6321,140118
6322,67421
6323,61902
6324,423633
6325,219395
6326,145276
6327,31888
6328,91525
6329,89436
6330,68744
6331,902877
6332,90787
6333,62123
6334,24996
6335,113754
6336,344075
6337,902996
6338,284002
6339,111495
6340,125205
6341,103931
6342,200350
6343,261287
6344,11672
6345,39740
6346,37158
6347,118809
6348,138316
6349,126913
6350,19414
6351,80939
6352,97695
6353,120453
6354,320955
6355,671680
6356,772125
6357,49490
6358,252626
6359,53255
6360,84817
6361,111759
6362,370355
6363,357804
6364,131508
6365,219206
6366,93843
6367,27558
6368,130258
6369,74584
6370,422880
6371,374035
6372,668612
6373,787315
6374,121889
6375,15718
6376,59011
6377,331766
6378,552094
6379,134250
6380,113620
6381,557325
6382,118943
6383,58748
6384,322939
6385,110060
6386,782309
6387,40927
6388,148822
6389,46990
6390,47261
6391,280300
6392,93650
6393,13919
6394,115864
6395,34670
6396,32466
6397,228470
6398,446132
6399,102780
6400,298479
6401,141840
6402,79541
6403,710654
6404,42901
6405,27264
6406,43046
6407,232238
6408,92967
6409,74467
6410,100764
6411,144631
6412,231557
6413,12506
6414,60214
6415,126119
6416,143068
6417,319562
6418,141605
6419,40189
6420,67382
6421,259046
6422,335651
6423,375663
6424,54531
6425,141409
6426,66587
6427,82208
6428,52910
6429,69927
6430,81484
6431,103483
6432,34711
6433,51436
6434,139617
6435,84970
6436,299986
6437,751854
6438,88622
6439,437902
6440,32740
6441,118814
6442,702730
6443,29873
6444,93154
6445,112687
6446,76861
6447,22900
6448,21393
6449,142254
6450,14907
6451,34417
6452,123011
6453,65760
6454,121134
6455,558517
6456,427358
6457,18283
6458,246850
6459,362134
6460,953292
6461,78748
6462,966106
6463,65773
6464,49626
6465,114243
6466,304675
6467,421612
6468,63007
6469,145624
6470,374535
6471,105645
6472,146821
6473,73376
6474,21818
6475,218124
6476,619719
6477,17736
6478,360099
6479,121929
6480,936136
6481,42045
6482,217109
6483,112885
6484,105589
6485,23322
6486,393629
6487,85382
6488,426978
6489,639453
6490,231383
6491,101430
6492,145298
6493,314511
6494,33709
6495,39681
6496,83770
6497,127039
6498,57187
6499,106718
6500,209197
6501,149135
6502,424236
6503,296632
6504,24864
6505,914568
6506,35189
6507,213843
6508,64879
6509,334678
6510,128389
6511,50892
6512,132670
6513,129271
6514,854482
6515,77460
6516,105616
6517,146086
6518,135512
6519,67060
6520,126085
6521,140518
6522,59336
6523,128169
6524,338254
6525,55335
6526,144836
6527,380405
6528,26090
6529,94392
6530,124906
6531,372648
6532,40184
6533,70632
6534,65216
6535,33696
6536,69569
6537,118105
6538,98051
6539,38973
6540,47859
6541,101987
6542,43743
6543,114214
6544,131486
6545,135592
6546,112432
6547,24477
6548,46082
6549,28343
6550,133884
6551,120318
6552,125423
6553,438767
6554,393037
6555,432156
6556,73142
6557,21073
6558,332984
6559,143304
6560,52484
6561,379519
6562,311018
6563,654522
6564,296967
6565,368909
6566,19566
6567,57594
6568,637672
6569,125765
6570,75357
6571,95975
6572,99492
6573,144056
6574,394947
6575,54925
6576,79888
6577,33273
6578,368518
6579,86610
6580,54351
6581,50220
6582,70795
6583,83130
6584,57145
6585,520361
6586,110167
6587,32747
6588,124641
6589,933373
6590,613936
6591,79547
6592,17668
6593,101221
6594,935950
6595,903635
6596,278574
6597,900902
6598,23193
6599,89024
6600,26205
6601,62378
6602,77721
6603,78671
6604,316220
6605,40482
6606,132762
6607,56537
6608,439214
6609,284019
6610,78950
6611,244199
6612,421480
6613,139552
6614,131106
6615,64423
6616,116006
6617,121519
6618,93430
6619,80879
6620,128317
6621,234513
6622,36996
6623,104215
6624,107058
6625,125641
6626,82242
6627,71640
6628,374936
6629,113514
6630,94213
6631,511030
6632,245730
6633,120143
6634,133290
6635,56595
6636,343018
6637,94239
6638,19128
6639,64919
6640,96416
6641,228592
6642,609139
6643,139885
6644,116838
6645,73755
6646,119159
6647,628385
6648,540563
6649,136003
6650,89256
6651,119450
6652,66653
6653,402243
6654,203706
6655,369746
6656,340429
6657,393312
6658,36787
6659,353333
6660,128927
6661,709957
6662,664882
6663,340458
6664,30370
6665,92014
6666,139616
6667,20780
6668,649981
6669,124287
6670,101272
6671,90173
6672,108484
6673,65468
6674,95957
6675,74959
6676,34497
6677,61709
6678,110663
6679,44157
6680,89036
6681,45689
6682,34355
6683,125946
6684,378745
6685,304086
6686,63791
6687,114996
6688,104848
6689,50689
6690,118106
6691,209522
6692,55557
6693,140884
6694,642483
6695,414704
6696,116515
6697,93575
6698,95536
6699,45632
6700,239603
6701,47452
6702,62463
6703,88507
6704,141774
6705,68829
6706,407423
6707,667022
6708,70595
6709,698660
6710,124558
6711,132079
6712,63228
6713,30681
6714,12660
6715,102162
6716,448099
6717,48388
6718,115000
6719,657124
6720,64438
6721,349297
6722,128787
6723,944478
6724,94331
6725,106882
6726,65410
6727,89841
6728,84359
6729,24917
6730,53046
6731,30802
6732,77796
6733,254113
6734,18113
6735,403773
6736,40153
6737,139480
6738,18298
6739,27814
6740,347252
6741,365930
6742,74898
6743,41192
6744,48348
6745,66525
6746,67198
6747,96076
6748,25163
6749,98194
6750,987994
6751,30939
6752,14362
6753,322469
6754,295517
6755,144300
6756,862157
6757,90010
6758,33774
6759,78884
6760,60387
6761,12512
6762,69174
6763,437621
6764,224388
6765,141022
6766,47652
6767,111038
6768,41630
6769,52655
6770,37524
6771,98203
6772,23046
6773,410895
6774,974007
6775,223757
6776,255206
6777,771734
6778,203508
6779,763326
6780,261370
6781,124900
6782,149598
6783,85510
6784,91646
6785,79979
6786,290728
6787,124468
6788,144489
6789,21516
6790,58972
6791,110037
6792,604000
6793,11085
6794,17855
6795,138202
6796,144094
6797,131278
6798,146402
6799,115062
6800,236100
6801,117313
6802,322951
6803,147498
6804,72793
6805,279693
6806,564035
6807,32419
6808,21426
6809,434679
6810,83804
6811,131102
6812,777126
6813,70124
6814,76598
6815,307243
6816,55261
6817,16820
6818,75152
6819,441003
6820,74729
6821,82546
6822,89789
6823,119107
6824,114999
6825,105496
6826,101809
6827,82851
6828,124837
6829,886105
6830,37449
6831,95574
6832,47810
6833,78011
6834,39052
6835,126606
6836,131517
6837,56797
6838,21158
6839,26621
6840,46232
6841,145654
6842,279071
6843,135974
6844,123232
6845,71790
6846,74066
6847,345485
6848,742861
6849,94668
6850,108621
6851,446540
6852,138576
6853,228596
6854,506005
6855,408783
6856,14252
6857,383222
6858,104411
6859,96409
6860,134894
6861,135793
6862,103529
6863,67442
6864,106072
6865,116783
6866,48520
6867,748762
6868,140272
6869,31613
6870,388671
6871,414181
6872,288232
6873,34856
6874,220624
6875,413962
6876,18876
6877,65997
6878,207156
6879,384054
6880,429210
6881,127492
6882,222995
6883,378938
6884,39660
6885,250862
6886,18655
6887,398541
6888,26776
6889,223491
6890,41571
6891,92894
6892,78423
6893,27719
6894,323012
6895,122894
6896,958183
6897,244657
6898,143156
6899,228311
6900,43234
6901,40665
6902,359204
6903,94240
6904,124642
6905,69914
6906,82244
6907,19667
6908,277167
6909,781777
6910,145883
6911,880215
6912,112393
6913,119554
6914,51024
6915,63856
6916,20670
6917,62037
6918,145142
6919,78376
6920,118008
6921,23648
6922,870026
6923,82820
6924,372513
6925,28271
6926,398511
6927,241762
6928,91272
6929,115295
6930,76233
6931,121392
6932,19574
6933,51999
6934,299551
6935,21076
6936,97087
6937,18407
6938,143337
6939,29988
6940,27892
6941,18571
6942,304433
6943,402536
6944,145618
6945,147275
6946,49478
6947,395325
6948,387905
6949,807696
6950,77867
6951,912894
6952,20797
6953,98213
6954,811143
6955,55075
6956,149529
6957,766771
6958,63274
6959,381231
6960,212857
6961,23347
6962,110279
6963,121290
6964,15330
6965,828559
6966,87770
6967,103587
6968,947357
6969,16485
6970,14023
6971,24557
6972,288211
6973,16900
6974,81801
6975,321022
6976,44863
6977,101112
6978,149845
6979,66932
6980,99754
6981,79588
6982,87735
6983,142514
6984,27290
6985,50484
6986,136868
6987,138796
6988,993022
6989,18978
6990,65262
6991,112748
6992,25522
6993,89845
6994,128947
6995,101288
6996,115284
6997,37247
6998,27660
6999,88358
7000,92901
7001,30738
7002,57595
7003,88338
7004,110931
7005,131446
7006,18914
7007,147260
7008,70159
7009,127436
7010,502830
7011,98307
7012,145361
7013,275416
7014,435169
7015,63101
7016,100794
7017,334783
7018,137643
7019,697277
7020,145667
7021,378074
7022,443211
7023,356374
7024,94818
7025,72318
7026,148893
7027,677566
7028,315778
7029,96425
7030,49848
7031,137303
7032,30856
7033,20074
7034,23312
7035,413130
7036,84275
7037,37317
7038,37852
7039,45419
7040,46605
7041,90404
7042,571188
7043,128839
7044,69709
7045,37008
7046,134621
7047,37652
7048,107658
7049,131467
7050,425256
7051,29659
7052,361473
7053,134017
7054,136042
7055,241232
7056,552424
7057,17019
7058,131648
7059,79380
7060,381932
7061,92160
7062,12620
7063,149534
7064,28947
7065,97599
7066,393360
7067,40559
7068,51681
7069,603776
7070,13473
7071,33458
7072,16250
7073,206847
7074,245871
7075,99261
7076,128896
7077,684747
7078,121186
7079,587795
7080,269905
7081,141853
7082,112852
7083,13188
7084,116754
7085,783285
7086,47521
7087,95056
7088,338534
7089,140802
7090,75495
7091,69413
7092,18686
7093,419501
7094,120004
7095,63242
7096,137851
7097,132481
7098,119330
7099,435225
7100,303100
7101,112507
7102,49344
7103,102128
7104,49965
7105,103084
7106,79171
7107,137589
7108,129322
7109,40980
7110,410242
7111,972588
7112,13318
7113,117043
7114,331982
7115,333396
7116,117361
7117,733315
7118,28007
7119,129693
7120,140752
7121,12991
7122,107347
7123,302095
7124,93756
7125,333714
7126,33633
7127,17567
7128,646327
7129,51834
7130,24880
7131,327333
7132,398640
7133,702447
7134,998596
7135,133599
7136,676129
7137,66918
7138,106058
7139,20990
7140,748464
7141,77995
7142,368153
7143,31196
7144,126893
7145,126326
7146,52990
7147,142700
7148,316261
7149,592333
7150,31386
7151,95586
7152,138068
7153,117268
7154,14613
7155,120110
7156,113719
7157,13796
7158,84633
7159,801703
7160,36317
7161,142591
7162,146825
7163,118316
7164,87075
7165,125666
7166,30861
7167,63338
7168,28442
7169,890689
7170,48466
7171,37661
7172,436213
7173,66526
7174,15793
7175,352286
7176,87133
7177,49745
7178,832763
7179,77178
7180,104873
7181,60697
7182,49939
7183,85551
7184,81903
7185,53528
7186,248365
7187,27636
7188,125195
7189,66887
7190,105484
7191,290423
7192,48374
7193,797771
7194,329290
7195,225361
7196,98095
7197,110448
7198,54038
7199,41981
7200,105930
7201,21724
7202,56824
7203,233399
7204,557217
7205,132724
7206,732990
7207,74298
7208,798994
7209,19976
7210,68825
7211,71508
7212,135446
7213,127526
7214,66212
7215,68511
7216,115022
7217,99776
7218,888572
7219,63011
7220,116673
7221,315542
7222,81907
7223,89292
7224,360682
7225,951366
7226,66072
7227,333440
7228,76987
7229,20832
7230,56269
7231,37207
7232,136688
7233,84165
7234,238845
7235,109998
7236,57171
7237,97007
7238,134287
7239,55483
7240,361816
7241,24200
7242,47466
7243,64308
7244,141384
7245,403117
7246,144895
7247,51374
7248,651591
7249,871373
7250,139928
7251,518586
7252,110388
7253,419652
7254,104732
7255,82135
7256,74207
7257,89247
7258,81388
7259,141833
7260,108150
7261,284466
7262,142769
7263,135617
7264,242534
7265,67880
7266,135936
7267,134078
7268,203196
7269,55944
7270,55781
7271,75460
7272,47964
7273,65977
7274,71652
7275,51317
7276,94896
7277,447105
7278,838190
7279,100900
7280,33331
7281,115978
7282,148636
7283,50781
7284,114191
7285,64634
7286,41776
7287,111187
7288,353967
7289,319505
7290,92875
7291,35525
7292,377806
7293,330152
7294,78706
7295,144605
7296,10503
7297,46821
7298,45995
7299,132007
7300,47491
7301,403793
7302,85483
7303,142114
7304,93935
7305,266291
7306,60847
7307,847410
7308,57716
7309,385601
7310,30207
7311,334976
7312,52846
7313,234471
7314,32969
7315,246025
7316,73429
7317,141393
7318,49716
7319,20668
7320,65174
7321,133559
7322,137904
7323,45746
7324,297682
7325,298293
7326,81079
7327,34235
7328,863797
7329,149603
7330,551313
7331,55251
7332,95322
7333,36030
7334,103954
7335,390122
7336,146622
7337,306403
7338,53295
7339,127793
7340,939215
7341,48296
7342,331792
7343,884050
7344,54040
7345,123112
7346,581167
7347,117554
7348,102817
7349,406997
7350,105966
7351,995988
7352,26067
7353,84370
7354,138563
7355,74246
7356,386302
7357,97541
7358,308197
7359,359138
7360,26845
7361,21375
7362,31180
7363,77559
7364,91634
7365,147919
7366,429338
7367,14562
7368,95906
7369,37318
7370,17902
7371,131229
7372,137098
7373,116573
7374,37490
7375,14327
7376,217364
7377,278611
7378,131332
7379,46710
7380,18313
7381,133554
7382,100551
7383,90060
7384,121632
7385,127515
7386,133541
7387,86461
7388,88453
7389,436276
7390,259863
7391,140279
7392,20093
7393,105700
7394,353793
7395,283625
7396,69962
7397,59691
7398,588183
7399,29323
7400,45336
7401,98153
7402,86105
7403,433154
7404,111627
7405,82999
7406,297847
7407,219480
7408,64342
7409,992884
7410,147711
7411,38924
7412,412495
7413,94228
7414,67982
7415,116292
7416,124202
7417,210660
7418,89994
7419,133387
7420,18162
7421,273851
7422,224315
7423,47044
7424,43823
7425,407907
7426,130328
7427,116994
7428,867486
7429,36771
7430,108948
7431,132441
7432,124001
7433,105679
7434,83748
7435,65284
7436,135156
7437,240707
7438,132634
7439,131452
7440,371160
7441,221898
7442,375294
7443,96842
7444,68939
7445,54327
7446,961179
7447,323834
7448,87590
7449,59405
7450,135423
7451,93455
7452,87507
7453,148588
7454,207031
7455,358760
7456,378027
7457,89569
7458,529410
7459,109884
7460,224925
7461,51979
7462,119705
7463,96243
7464,18404
7465,61117
7466,258855
7467,437920
7468,135167
7469,114051
7470,348560
7471,111238
7472,97585
7473,147085
7474,58248
7475,31952
7476,149081
7477,58574
7478,73104
7479,418886
7480,18960
7481,26059
7482,89552
7483,386445
7484,25377
7485,131731
7486,88758
7487,147401
7488,823911
7489,25171
7490,129480
7491,284128
7492,119477
7493,87405
7494,59640
7495,317090
7496,44342
7497,135192
7498,14024
7499,122520
7500,119922
7501,139589
7502,55802
7503,78528
7504,120147
7505,47741
7506,208290
7507,46461
7508,49106
7509,31895
7510,269863
7511,52781
7512,110708
7513,144614
7514,116198
7515,316384
7516,597757
7517,74183
7518,298984
7519,57988
7520,143004
7521,149196
7522,10758
7523,31946
7524,60462
7525,16284
7526,374078
7527,69655
7528,118776
7529,130008
7530,17262
7531,123360
7532,130332
7533,233665
7534,58806
7535,106445
7536,53268
7537,443488
7538,57030
7539,55165
7540,568997
7541,81307
7542,58392
7543,102090
7544,132329
7545,146067
7546,115149
7547,231681
7548,57681
7549,26898
7550,16263
7551,203425
7552,428348
7553,263192
7554,17708
7555,41181
7556,64479
7557,44878
7558,19884
7559,83990
7560,417333
7561,60929
7562,946072
7563,99978
7564,649393
7565,109773
7566,220431
7567,104840
7568,87691
7569,103762
7570,139970
7571,127328
7572,42517
7573,97779
7574,135978
7575,69830
7576,82300
7577,406449
7578,94040
7579,746538
7580,120956
7581,40256
7582,80393
7583,375203
7584,133509
7585,87157
7586,146781
7587,266102
7588,526878
7589,34338
7590,690337
7591,12207
7592,250092
7593,38445
7594,42947
7595,436550
7596,407598
7597,20646
7598,388776
7599,122174
7600,117043
7601,101411
7602,44773
7603,340273
7604,105866
7605,58118
7606,32682
7607,134407
7608,139949
7609,980384
7610,893661
7611,132777
7612,34185
7613,45939
7614,135661
7615,105041
7616,136928
7617,59448
7618,127115
7619,128933
7620,125907
7621,82592
7622,125837
7623,321345
7624,89520
7625,200098
7626,330486
7627,78670
7628,63716
7629,132011
7630,18271
7631,87386
7632,109710
7633,23217
7634,31377
7635,102663
7636,383529
7637,46837
7638,146919
7639,45175
7640,57332
7641,111959
7642,132654
7643,51397
7644,233161
7645,18805
7646,30489
7647,142586
7648,65850
7649,537927
7650,72414
7651,334931
7652,28105
7653,407520
7654,89182
7655,212072
7656,336582
7657,293102
7658,94474
7659,282230
7660,114475
7661,566126
7662,400498
7663,111778
7664,290560
7665,249013
7666,90223
7667,941323
7668,64777
7669,428638
7670,76587
7671,404137
7672,91111
7673,337479
7674,33746
7675,97871
7676,11401
7677,138768
7678,95754
7679,63928
7680,120570
7681,44314
7682,510080
7683,16563
7684,146666
7685,102288
7686,60428
7687,321298
7688,29864
7689,221115
7690,65763
7691,143568
7692,610060
7693,70803
7694,783187
7695,90880
7696,83585
7697,58592
7698,243078
7699,373492
7700,23390
7701,137273
7702,110949
7703,28712
7704,872941
7705,536817
7706,291552
7707,117613
7708,321302
7709,383331
7710,116662
7711,427536
7712,35823
7713,101340
7714,126798
7715,64507
7716,360819
7717,379131
7718,43968
7719,66389
7720,72985
7721,38883
7722,86831
7723,73560
7724,48929
7725,17379
7726,61137
7727,146331
7728,757993
7729,49241
7730,200267
7731,312747
7732,62010
7733,223990
7734,62499
7735,31822
7736,412073
7737,282508
7738,40207
7739,120348
7740,618727
7741,36140
7742,124624
7743,357956
7744,12671
7745,81538
7746,419620
7747,16735
7748,54565
7749,514450
7750,33369
7751,64594
7752,277626
7753,47581
7754,20725
7755,103610
7756,40774
7757,26492
7758,51779
7759,777680
7760,122848
7761,41960
7762,31494
7763,774849
7764,77771
7765,110624
7766,58846
7767,65555
7768,75843
7769,134402
7770,34643
7771,221399
7772,94148
7773,135514
7774,69132
7775,202409
7776,110372
7777,805942
7778,328752
7779,27248
7780,116146
7781,23394
7782,103250
7783,34382
7784,441265
7785,68571
7786,519751
7787,58421
7788,125962
7789,118002
7790,39203
7791,134617
7792,841872
7793,21162
7794,69354
7795,345790
7796,23426
7797,90022
7798,74584
7799,22144
7800,306240
7801,506942
7802,534391
7803,86493
7804,41030
7805,89655
7806,49631
7807,202162
7808,672339
7809,740211
7810,28789
7811,744908
7812,142317
7813,211225
7814,81149
7815,394381
7816,109725
7817,90758
7818,36236
7819,274462
7820,13630
7821,280820
7822,284439
7823,357393
7824,137185
7825,333902
7826,144802
7827,79688
7828,139228
7829,31771
7830,223514
7831,282191
7832,705411
7833,910960
7834,868082
7835,107779
7836,109745
7837,31866
7838,127397
7839,45820
7840,47596
7841,84528
7842,123517
7843,438651
7844,114028
7845,120546
7846,59405
7847,104247
7848,89065
7849,348536
7850,96616
7851,88019
7852,332706
7853,66982
7854,147671
7855,366316
7856,61433
7857,47167
7858,140662
7859,114932
7860,695677
7861,126848
7862,128789
7863,45715
7864,367073
7865,71082
7866,107562
7867,131559
7868,53481
7869,506241
7870,137411
7871,249108
7872,402669
7873,42209
7874,144438
7875,67671
7876,338453
7877,246014
7878,67031
7879,141816
7880,426186
7881,66879
7882,71101
7883,333400
7884,328267
7885,234152
7886,31643
7887,271262
7888,112432
7889,215928
7890,241761
7891,315050
7892,50975
7893,148935
7894,38249
7895,35671
7896,99014
7897,236126
7898,122339
7899,57232
7900,333289
7901,17079
7902,60232
7903,44995
7904,136746
7905,259745
7906,149269
7907,200033
7908,146271
7909,244992
7910,21587
7911,69702
7912,29720
7913,247819
7914,66656
7915,33702
7916,45136
7917,631292
7918,42007
7919,56106
7920,25779
7921,10805
7922,124928
7923,786863
7924,71764
7925,246967
7926,32836
7927,118184
7928,351538
7929,338542
7930,135080
7931,79762
7932,126717
7933,135694
7934,113878
7935,145343
7936,877561
7937,345910
7938,147167
7939,46082
7940,72732
7941,147592
7942,101058
7943,134810
7944,60977
7945,83557
7946,94653
7947,224031
7948,120221
7949,55952
7950,94959
7951,58624
7952,859216
7953,802174
7954,516485
7955,203080
7956,282376
7957,53675
7958,140201
7959,35242
7960,295656
7961,114899
7962,73812
7963,11543
7964,264572
7965,17350
7966,145691
7967,245982
7968,78223
7969,122568
7970,50604
7971,49160
7972,140342
7973,39115
7974,135726
7975,34681
7976,10589
7977,85525
7978,22747
7979,120788
7980,91972
7981,125623
7982,61960
7983,115456
7984,81328
7985,145215
7986,91032
7987,916399
7988,119918
7989,114115
7990,772238
7991,40413
7992,140951
7993,72505
7994,638522
7995,144284
7996,24262
7997,15609
7998,144222
7999,35470
8000,123402
8001,555965
8002,47241
8003,132329
8004,769035
8005,15197
8006,120049
8007,288171
8008,78006
8009,20495
8010,337059
8011,112758
8012,36053
8013,59440
8014,435032
8015,147580
8016,129772
8017,436578
8018,763875
8019,691398
8020,97712
8021,326591
8022,337342
8023,80713
8024,214384
8025,237808
8026,24348
8027,503126
8028,341120
8029,89713
8030,273394
8031,410137
8032,103585
8033,336725
8034,417504
8035,110321
8036,602176
8037,62414
8038,24530
8039,133337
8040,133840
8041,127666
8042,142516
8043,88555
8044,931343
8045,884590
8046,111554
8047,824392
8048,36797
8049,277006
8050,135885
8051,73986
8052,54720
8053,69356
8054,100237
8055,98483
8056,13033
8057,278556
8058,50813
8059,337984
8060,67045
8061,106452
8062,132913
8063,121335
8064,136179
8065,28591
8066,57951
8067,81396
8068,57648
8069,10363
8070,27600
8071,391558
8072,91745
8073,89487
8074,37788
8075,41366
8076,48978
8077,675463
8078,120284
8079,374598
8080,104300
8081,132568
8082,54616
8083,73504
8084,358289
8085,48822
8086,58047
8087,53267
8088,617895
8089,321864
8090,76343
8091,944136
8092,95369
8093,142045
8094,348341
8095,348359
8096,135537
8097,14746
8098,130166
8099,568640
8100,744093
8101,113541
8102,47486
8103,378625
8104,140292
8105,242037
8106,403767
8107,236159
8108,29899
8109,142910
8110,79090
8111,89589
8112,127059
8113,106850
8114,104420
8115,84215
8116,274187
8117,440062
8118,97923
8119,83684
8120,135969
8121,77279
8122,602923
8123,59834
8124,13391
8125,84014
8126,143696
8127,129098
8128,262202
8129,855587
8130,35613
8131,124735
8132,146910
8133,93210
8134,114088
8135,50470
8136,422930
8137,944339
8138,88673
8139,292876
8140,131052
8141,236432
8142,33897
8143,57928
8144,44613
8145,34474
8146,118260
8147,116405
8148,101743
8149,99048
8150,95053
8151,109306
8152,102618
8153,82392
8154,97718
8155,325150
8156,208422
8157,73060
8158,117485
8159,66984
8160,67940
8161,20993
8162,56026
8163,267927
8164,791879
8165,961732
8166,40855
8167,19342
8168,377533
8169,75577
8170,228944
8171,113080
8172,40099
8173,67097
8174,117147
8175,136808
8176,33135
8177,636786
8178,149603
8179,272234
8180,55666
8181,946786
8182,34115
8183,132527
8184,48268
8185,64693
8186,25987
8187,614466
8188,39035
8189,369524
8190,119594
8191,77638
8192,61300
8193,102269
8194,39574
8195,130260
8196,35239
8197,92197
8198,76661
8199,121158
8200,340343
8201,51251
8202,380091
8203,202471
8204,146731
8205,44477
8206,79674
8207,24472
8208,37309
8209,356083
8210,144292
8211,78699
8212,413823
8213,136488
8214,362764
8215,120445
8216,44712
8217,96987
8218,141922
8219,145113
8220,144003
8221,275562
8222,59504
8223,127123
8224,45806
8225,113785
8226,52743
8227,388264
8228,65825
8229,24776
8230,17678
8231,335833
8232,604803
8233,339806
8234,128020
8235,18222
8236,94533
8237,61888
8238,82581
8239,135276
8240,972150
8241,376738
8242,32422
8243,27335
8244,293322
8245,90442
8246,316830
8247,26731
8248,82094
8249,95647
8250,141034
8251,122960
8252,596819
8253,106685
8254,22906
8255,429553
8256,18669
8257,767765
8258,52206
8259,544115
8260,49665
8261,124123
8262,139251
8263,131734
8264,102951
8265,68058
8266,407663
8267,200254
8268,419415
8269,128417
8270,89111
8271,81553
8272,105140
8273,500554
8274,100217
8275,78260
8276,625941
8277,855002
8278,121331
8279,349130
8280,20785
8281,122489
8282,27931
8283,840953
8284,445645
8285,361079
8286,762746
8287,13946
8288,45300
8289,56182
8290,116702
8291,26497
8292,142624
8293,512439
8294,27773
8295,982901
8296,126849
8297,28292
8298,89275
8299,681484
8300,781289
8301,44762
8302,96525
8303,95498
8304,445690
8305,571271
8306,101898
8307,90970
8308,116408
8309,32887
8310,40238
8311,33237
8312,366540
8313,126647
8314,68195
8315,80568
8316,38149
8317,87584
8318,115214
8319,76140
8320,309251
8321,100541
8322,118908
8323,61857
8324,42118
8325,34125
8326,72562
8327,124817
8328,36519
8329,44989
8330,27489
8331,42909
8332,18739
8333,125119
8334,87979
8335,71033
8336,67010
8337,21103
8338,648452
8339,261471
8340,110843
8341,149385
8342,62378
8343,30557
8344,65978
8345,844458
8346,40250
8347,664767
8348,37129
8349,87963
8350,23394
8351,859365
8352,513354
8353,65843
8354,97316
8355,122827
8356,59000
8357,147215
8358,17734
8359,62003
8360,67359
8361,114277
8362,70236
8363,307079
8364,20746
8365,99041
8366,124391
8367,442309
8368,233514
8369,614021
8370,35074
8371,674730
8372,33089
8373,815027
8374,98720
8375,64197
8376,71240
8377,933171
8378,27242
8379,81846
8380,70093
8381,106785
8382,117370
8383,87433
8384,134228
8385,16419
8386,68108
8387,146084
8388,341837
8389,95685
8390,34079
8391,366496
8392,16554
8393,34286
8394,137473
8395,357624
8396,628556
8397,113325
8398,211298
8399,544606
8400,97975
8401,357543
8402,21900
8403,428555
8404,148911
8405,11379
8406,383646
8407,710128
8408,99084
8409,83504
8410,340912
8411,131070
8412,239012
8413,17667
8414,81976
8415,43029
8416,149593
8417,115011
8418,882241
8419,32457
8420,126741
8421,126120
8422,110935
8423,506704
8424,244568
8425,408985
8426,31690
8427,340602
8428,130854
8429,53881
8430,115867
8431,381778
8432,51380
8433,25150
8434,355401
8435,271843
8436,97189
8437,388411
8438,72810
8439,96977
8440,39148
8441,361167
8442,73468
8443,122730
8444,214789
8445,144283
8446,49506
8447,102166
8448,24354
8449,333299
8450,71260
8451,88807
8452,73333
8453,30620
8454,148063
8455,30041
8456,216007
8457,140281
8458,342482
8459,28776
8460,68708
8461,410024
8462,447291
8463,13213
8464,234363
8465,69078
8466,419293
8467,273619
8468,101802
8469,277971
8470,43052
8471,60825
8472,62550
8473,245331
8474,129470
8475,83189
8476,138256
8477,22230
8478,417114
8479,79764
8480,293716
8481,70520
8482,11303
8483,69896
8484,383090
8485,148686
8486,47523
8487,60488
8488,400681
8489,377560
8490,14953
8491,94169
8492,61850
8493,261225
8494,440923
8495,77455
8496,302156
8497,69485
8498,219371
8499,65392
8500,83495
8501,27242
8502,136230
8503,34159
8504,13759
8505,41318
8506,356597
8507,28118
8508,626640
8509,100912
8510,91034
8511,294271
8512,216537
8513,101856
8514,82846
8515,608097
8516,100467
8517,129088
8518,334912
8519,108490
8520,993962
8521,819268
8522,340218
8523,110945
8524,384543
8525,18405
8526,113051
8527,232520
8528,48176
8529,40818
8530,43891
8531,127864
8532,31756
8533,117856
8534,45117
8535,134213
8536,293704
8537,30912
8538,23014
8539,908482
8540,10299
8541,85408
8542,133766
8543,12136
8544,33180
8545,113795
8546,233284
8547,878987
8548,321351
8549,720510
8550,24427
8551,548946
8552,682193
8553,773037
8554,141869
8555,137258
8556,118906
8557,344809
8558,129785
8559,104034
8560,74187
8561,279246
8562,127673
8563,126367
8564,354811
8565,29194
8566,386560
8567,123542
8568,95498
8569,395264
8570,106272
8571,11876
8572,577748
8573,78349
8574,20640
8575,64478
8576,17796
8577,109264
8578,120376
8579,67168
8580,82370
8581,129588
8582,622711
8583,82058
8584,77802
8585,120141
8586,68274
8587,65258
8588,358527
8589,11959
8590,205199
8591,100205
8592,138287
8593,120186
8594,312150
8595,103096
8596,398056
8597,88913
8598,581861
8599,131905
8600,88609
8601,85995
8602,96157
8603,334779
8604,69325
8605,613549
8606,139349
8607,134171
8608,33614
8609,610178
8610,130559
8611,250988
8612,99511
8613,110458
8614,135351
8615,27610
8616,60896
8617,65138
8618,54804
8619,62968
8620,149593
8621,824937
8622,112991
8623,90613
8624,737169
8625,68865
8626,301165
8627,136585
8628,11378
8629,200882
8630,624343
8631,393100
8632,58440
8633,96294
8634,81078
8635,390779
8636,134761
8637,99106
8638,56289
8639,732528
8640,99962
8641,112680
8642,124385
8643,204784
8644,15485
8645,674849
8646,269787
8647,74437
8648,29308
8649,43119
8650,386038
8651,36160
8652,879550
8653,10376
8654,145225
8655,29629
8656,747287
8657,420558
8658,75210
8659,83585
8660,111310
8661,35133
8662,293084
8663,578642
8664,14355
8665,23629
8666,21038
8667,116305
8668,104082
8669,136823
8670,447208
8671,122607
8672,444400
8673,364802
8674,417164
8675,111110
8676,128585
8677,138340
8678,90776
8679,88502
8680,859711
8681,244004
8682,36660
8683,307550
8684,103885
8685,146474
8686,121333
8687,53984
8688,84111
8689,131574
8690,74970
8691,20938
8692,32041
8693,385016
8694,36308
8695,879172
8696,50318
8697,31202
8698,395563
8699,74790
8700,341755
8701,106538
8702,15222
8703,733135
8704,106915
8705,82503
8706,98438
8707,282920
8708,121156
8709,92376
8710,91086
8711,29531
8712,726237
8713,41021
8714,613941
8715,239399
8716,149517
8717,11593
8718,21426
8719,84637
8720,146856
8721,46719
8722,144805
8723,409742
8724,440890
8725,68156
8726,50174
8727,339093
8728,16771
8729,585384
8730,316655
8731,912991
8732,379858
8733,46769
8734,110408
8735,16900
8736,147159
8737,547520
8738,119375
8739,34151
8740,933840
8741,373635
8742,285644
8743,112893
8744,117827
8745,106201
8746,30858
8747,11931
8748,34160
8749,45924
8750,556733
8751,128657
8752,113693
8753,272712
8754,137836
8755,984950
8756,133078
8757,34346
8758,413888
8759,141080
8760,240199
8761,140207
8762,14515
8763,146500
8764,47988
8765,104839
8766,13959
8767,58300
8768,60961
8769,93722
8770,109126
8771,208096
8772,145628
8773,133359
8774,128523
8775,933796
8776,129086
8777,286839
8778,356482
8779,65343
8780,74582
8781,109391
8782,47230
8783,21092
8784,133102
8785,105317
8786,53311
8787,104298
8788,63521
8789,294569
8790,665285
8791,128071
8792,16563
8793,114007
8794,22217
8795,61217
8796,12793
8797,138747
8798,63922
8799,79221
8800,59883
8801,403008
8802,34455
8803,54511
8804,341747
8805,47333
8806,100942
8807,598250
8808,48214
8809,796926
8810,61353
8811,94936
8812,95197
8813,63535
8814,102000
8815,444381
8816,267316
8817,124108
8818,923159
8819,58950
8820,58787
8821,435456
8822,17830
8823,141528
8824,289384
8825,354518
8826,94539
8827,141689
8828,218449
8829,19042
8830,48296
8831,30201
8832,25559
8833,45915
8834,442978
8835,605501
8836,289374
8837,93766
8838,336276
8839,104565
8840,104347
8841,92815
8842,118075
8843,12341
8844,749816
8845,73388
8846,401119
8847,62577
8848,46102
8849,134409
8850,90481
8851,387800
8852,108929
8853,321175
8854,434711
8855,389854
8856,98093
8857,68195
8858,787260
8859,49749
8860,81259
8861,70708
8862,136914
8863,350806
8864,21571
8865,57797
8866,787438
8867,406222
8868,429277
8869,67161
8870,40533
8871,377316
8872,66532
8873,70873
8874,347542
8875,40065
8876,403888
8877,69345
8878,270192
8879,58512
8880,280044
8881,19135
8882,88181
8883,29718
8884,23369
8885,78622
8886,24849
8887,933512
8888,141637
8889,10486
8890,367091
8891,119046
8892,512749
8893,115024
8894,133309
8895,149725
8896,370220
8897,83252
8898,121909
8899,60483
8900,60474
8901,584976
8902,136166
8903,53388
8904,245727
8905,52537
8906,90484
8907,241717
8908,106500
8909,49042
8910,61884
8911,289976
8912,110132
8913,98683
8914,84091
8915,72584
8916,329953
8917,315200
8918,88420
8919,11614
8920,89372
8921,67832
8922,421826
8923,116907
8924,94473
8925,51449
8926,126596
8927,70193
8928,431989
8929,74609
8930,74118
8931,265770
8932,149527
8933,313545
8934,515451
8935,626467
8936,116079
8937,96909
8938,29675
8939,686096
8940,60683
8941,99231
8942,111715
8943,71287
8944,571162
8945,32789
8946,336103
8947,305075
8948,10927
8949,20475
8950,126995
8951,49732
8952,359987
8953,449068
8954,41125
8955,106226
8956,32262
8957,19495
8958,223831
8959,28324
8960,26015
8961,34489
8962,12322
8963,62854
8964,446166
8965,21979
8966,136555
8967,42698
8968,87993
8969,38848
8970,12624
8971,12675
8972,127521
8973,137653
8974,13548
8975,277734
8976,65617
8977,365038
8978,99946
8979,120533
8980,265373
8981,671135
8982,827772
8983,636262
8984,122067
8985,91365
8986,277436
8987,266654
8988,38197
8989,140602
8990,59458
8991,809851
8992,313836
8993,37673
8994,45048
8995,24779
8996,148680
8997,274668
8998,56688
8999,205756
9000,58809
9001,308647
9002,138043
9003,29814
9004,86703
9005,74913
9006,356079
9007,90545
9008,207149
9009,111644
9010,79912
9011,304535
9012,55466
9013,390323
9014,92205
9015,255133
9016,928275
9017,97999
9018,543725
9019,99847
9020,744183
9021,120011
9022,52037
9023,414598
9024,114554
9025,112977
9026,136011
9027,340382
9028,410790
9029,423573
9030,52739
9031,97473
9032,135283
9033,64888
9034,581418
9035,393782
9036,148699
9037,116358
9038,254361
9039,924056
9040,149140
9041,855339
9042,542424
9043,74463
9044,41891
9045,318594
9046,374699
9047,35342
9048,71494
9049,64332
9050,73162
9051,333231
9052,370704
9053,108641
9054,51267
9055,67177
9056,13069
9057,405591
9058,55987
9059,112019
9060,36658
9061,65395
9062,358511
9063,307718
9064,352373
9065,14358
9066,63788
9067,25904
9068,301115
9069,83949
9070,745856
9071,139369
9072,657909
9073,131864
9074,54611
9075,82493
9076,100894
9077,69447
9078,253917
9079,34328
9080,102252
9081,17632
9082,427665
9083,299097
9084,11260
9085,24963
9086,204086
9087,92161
9088,39006
9089,319021
9090,34699
9091,96184
9092,31800
9093,251204
9094,96753
9095,688959
9096,39908
9097,55887
9098,29825
9099,103089
9100,68123
9101,138137
9102,119666
9103,140441
9104,384695
9105,83364
9106,381696
9107,121288
9108,342819
9109,327989
9110,244089
9111,670731
9112,390398
9113,139362
9114,44449
9115,91321
9116,137229
9117,953136
9118,27069
9119,97192
9120,119022
9121,927560
9122,12677
9123,67705
9124,997048
9125,389668
9126,108482
9127,24508
9128,64894
9129,71233
9130,93500
9131,67060
9132,107238
9133,99737
9134,112759
9135,78555
9136,63867
9137,39206
9138,23687
9139,45848
9140,433964
9141,114920
9142,22454
9143,24821
9144,119893
9145,87051
9146,32968
9147,320922
9148,107696
9149,103586
9150,136284
9151,403363
9152,68594
9153,303646
9154,511230
9155,361525
9156,874243
9157,105958
9158,231085
9159,225737
9160,312418
9161,129166
9162,33062
9163,142554
9164,96286
9165,238939
9166,142598
9167,130801
9168,67371
9169,127079
9170,29445
9171,890673
9172,52133
9173,68718
9174,92233
9175,55378
9176,40076
9177,136172
9178,438542
9179,108994
9180,610963
9181,391906
9182,141185
9183,105264
9184,103902
9185,18753
9186,93887
9187,284747
9188,426494
9189,144498
9190,90536
9191,133800
9192,441817
9193,338093
9194,34294
9195,367729
9196,956202
9197,898268
9198,100178
9199,26618
9200,102421
9201,129016
9202,28542
9203,661490
9204,79556
9205,42186
9206,22257
9207,72301
9208,99790
9209,328601
9210,30295
9211,40026
9212,81847
9213,85952
9214,115482
9215,27658
9216,93692
9217,54264
9218,532605
9219,581340
9220,17567
9221,18946
9222,130294
9223,27610
9224,74156
9225,34134
9226,82388
9227,137042
9228,56082
9229,142025
9230,54891
9231,270866
9232,282147
9233,63279
9234,795999
9235,215371
9236,49517
9237,317681
9238,72119
9239,103117
9240,68128
9241,363517
9242,32452
9243,78123
9244,72486
9245,726433
9246,740048
9247,347435
9248,71160
9249,74152
9250,51412
9251,93365
9252,768435
9253,567191
9254,336440
9255,407905
9256,206177
9257,30608
9258,53815
9259,219860
9260,270921
9261,243501
9262,66392
9263,79784
9264,95489
9265,66227
9266,138605
9267,88677
9268,10117
9269,33773
9270,94648
9271,221298
9272,52541
9273,75382
9274,987936
9275,838937
9276,65284
9277,258883
9278,80623
9279,38518
9280,45824
9281,373264
9282,63464
9283,219582
9284,25604
9285,27878
9286,97776
9287,78341
9288,11904
9289,132294
9290,88208
9291,130648
9292,330013
9293,305875
9294,136480
9295,244070
9296,680398
9297,421777
9298,17995
9299,432600
9300,618562
9301,44921
9302,47783
9303,131287
9304,236975
9305,29452
9306,393695
9307,886318
9308,421876
9309,18512
9310,28032
9311,142981
9312,352498
9313,275744
9314,643133
9315,33974
9316,351009
9317,146068
9318,34348
9319,40836
9320,104236
9321,131110
9322,396843
9323,668633
9324,391384
9325,29192
9326,219589
9327,239275
9328,387209
9329,441724
9330,238088
9331,145769
9332,76220
9333,370620
9334,86452
9335,64075
9336,82402
9337,17091
9338,94627
9339,113788
9340,266039
9341,372154
9342,41720
9343,124207
9344,37670
9345,122629
9346,79985
9347,109310
9348,341547
9349,861891
9350,148998
9351,142658
9352,904422
9353,137232
9354,111459
9355,31430
9356,693434
9357,307036
9358,220665
9359,131083
9360,138240
9361,21646
9362,38761
9363,57105
9364,114142
9365,100813
9366,350785
9367,65372
9368,61389
9369,140808
9370,208171
9371,107559
9372,283102
9373,356205
9374,135796
9375,143119
9376,758474
9377,24638
9378,107733
9379,439824
9380,140366
9381,111507
9382,49394
9383,335161
9384,310023
9385,40968
9386,436151
9387,838417
9388,523258
9389,42768
9390,97762
9391,74906
9392,98382
9393,30545
9394,112199
9395,374103
9396,51285
9397,106714
9398,56270
9399,243453
9400,107277
9401,207454
9402,901842
9403,212662
9404,13314
9405,48839
9406,28068
9407,125186
9408,83061
9409,101956
9410,65557
9411,393845
9412,103823
9413,116216
9414,49882
9415,988678
9416,728043
9417,94630
9418,83601
9419,31415
9420,679449
9421,76152
9422,98657
9423,11908
9424,142682
9425,107043
9426,302097
9427,420348
9428,43219
9429,131954
9430,149078
9431,371551
9432,248942
9433,43712
9434,747291
9435,103681
9436,16923
9437,556424
9438,310595
9439,62295
9440,269621
9441,96501
9442,95257
9443,115826
9444,72783
9445,38717
9446,438132
9447,324756
9448,48112
9449,94410
9450,109077
9451,929453
9452,773327
9453,37683
9454,134893
9455,97892
9456,414632
9457,15471
9458,114724
9459,16336
9460,38632
9461,431823
9462,944578
9463,869675
9464,138724
9465,50755
9466,34019
9467,514945
9468,88062
9469,403046
9470,88237
9471,243982
9472,96979
9473,10483
9474,750260
9475,65909
9476,49446
9477,37793
9478,348439
9479,117340
9480,743183
9481,102257
9482,86625
9483,46591
9484,23563
9485,389185
9486,379459
9487,97888
9488,976723
9489,309616
9490,113258
9491,124829
9492,202151
9493,307249
9494,10464
9495,29289
9496,431513
9497,940477
9498,16461
9499,62893
9500,397123
9501,69838
9502,525555
9503,92543
9504,402329
9505,922409
9506,211708
9507,46493
9508,596222
9509,119624
9510,84813
9511,12447
9512,333757
9513,47749
9514,90483
9515,34159
9516,68437
9517,142378
9518,351366
9519,375066
9520,20495
9521,619422
9522,751576
9523,318250
9524,51487
9525,433486
9526,103244
9527,127620
9528,141952
9529,410794
9530,28398
9531,133407
9532,112403
9533,334425
9534,10071
9535,138431
9536,35558
9537,286216
9538,106451
9539,25053
9540,131210
9541,19658
9542,393224
9543,255155
9544,58954
9545,235663
9546,73046
9547,136912
9548,79021
9549,33171
9550,943338
9551,17462
9552,146441
9553,15260
9554,145064
9555,18575
9556,602758
9557,30186
9558,39147
9559,26161
9560,12642
9561,274872
9562,135760
9563,120514
9564,395204
9565,301400
9566,101448
9567,88609
9568,124532
9569,208610
9570,148564
9571,20713
9572,52868
9573,64493
9574,99139
9575,42748
9576,11813
9577,59390
9578,96743
9579,308803
9580,335422
9581,91126
9582,693072
9583,343113
9584,145661
9585,127330
9586,78917
9587,92550
9588,510621
9589,531194
9590,96490
9591,849647
9592,246114
9593,404186
9594,140441
9595,92060
9596,64921
9597,28668
9598,20699
9599,244984
9600,246586
9601,964299
9602,50639
9603,407373
9604,323379
9605,73746
9606,71373
9607,144384
9608,68091
9609,79724
9610,145909
9611,86295
9612,103927
9613,47532
9614,20888
9615,146793
9616,93507
9617,251517
9618,88669
9619,33266
9620,126500
9621,30728
9622,37446
9623,975096
9624,24582
9625,88843
9626,346760
9627,30828
9628,113485
9629,124670
9630,124073
9631,127958
9632,123037
9633,105595
9634,682994
9635,377427
9636,15489
9637,81931
9638,28470
9639,325511
9640,427351
9641,129827
9642,78663
9643,448144
9644,84739
9645,64047
9646,113735
9647,146728
9648,636488
9649,69621
9650,67742
9651,239625
9652,36123
9653,318453
9654,606894
9655,10802
9656,383670
9657,75046
9658,100459
9659,136412
9660,61602
9661,109829
9662,86520
9663,36233
9664,426801
9665,114899
9666,21610
9667,135743
9668,127973
9669,80333
9670,145662
9671,54959
9672,145806
9673,85554
9674,429971
9675,102626
9676,147993
9677,54564
9678,96356
9679,69751
9680,142786
9681,101921
9682,108182
9683,59002
9684,387260
9685,133424
9686,89464
9687,141442
9688,147309
9689,60515
9690,146319
9691,989596
9692,414438
9693,62366
9694,869901
9695,90764
9696,20332
9697,84634
9698,17569
9699,89771
9700,114636
9701,251577
9702,31728
9703,64796
9704,411683
9705,101643
9706,67580
9707,110617
9708,113557
9709,409101
9710,19024
9711,742931
9712,116843
9713,222097
9714,32536
9715,23473
9716,143865
9717,569483
9718,71055
9719,428549
9720,59212
9721,32631
9722,34295
9723,61693
9724,75832
9725,912683
9726,53215
9727,45590
9728,137911
9729,86803
9730,51367
9731,16965
9732,37630
9733,68034
9734,80876
9735,59955
9736,41051
9737,73588
9738,35770
9739,117753
9740,13329
9741,45643
9742,40409
9743,117927
9744,108530
9745,23833
9746,45733
9747,77343
9748,104253
9749,547663
9750,141075
9751,672067
9752,354132
9753,10469
9754,44263
9755,21503
9756,123705
9757,855659
9758,47763
9759,79922
9760,109090
9761,90571
9762,133571
9763,145752
9764,423286
9765,20634
9766,24608
9767,106230
9768,416558
9769,79513
9770,35355
9771,203982
9772,618229
9773,793111
9774,819437
9775,81968
9776,264947
9777,67245
9778,917672
9779,318202
9780,129033
9781,409544
9782,119129
9783,16334
9784,74714
9785,66672
9786,259498
9787,275184
9788,78402
9789,73467
9790,65739
9791,396453
9792,217035
9793,403824
9794,351673
9795,305954
9796,72752
9797,73804
9798,143603
9799,408804
9800,51436
9801,122048
9802,111494
9803,67489
9804,801620
9805,107986
9806,445001
9807,110624
9808,21149
9809,43535
9810,121485
9811,21319
9812,244548
9813,128911
9814,139934
9815,65224
9816,30743
9817,69324
9818,137653
9819,85259
9820,116336
9821,66877
9822,133743
9823,141039
9824,348443
9825,16627
9826,98286
9827,562756
9828,211316
9829,272876
9830,99585
9831,64752
9832,69940
9833,10200
9834,243532
9835,124096
9836,126598
9837,318942
9838,98777
9839,54231
9840,97784
9841,75477
9842,112650
9843,81610
9844,386360
9845,240333
9846,45194
9847,77939
9848,32833
9849,123829
9850,64427
9851,120803
9852,37504
9853,12046
9854,148329
9855,269582
9856,83794
9857,119932
9858,30376
9859,88851
9860,22922
9861,142940
9862,147204
9863,260100
9864,43221
9865,327213
9866,91108
9867,31612
9868,886726
9869,440444
9870,65157
9871,54859
9872,127203
9873,891309
9874,93625
9875,281109
9876,846906
9877,81873
9878,35474
9879,271031
9880,133395
9881,34782
9882,123648
9883,108497
9884,284589
9885,145635
9886,849578
9887,901552
9888,67422
9889,70615
9890,513513
9891,31964
9892,133066
9893,345315
9894,105909
9895,859793
9896,67632
9897,365284
9898,57565
9899,90475
9900,19656
9901,764938
9902,25095
9903,446758
9904,118219
9905,127902
9906,59344
9907,794462
9908,132491
9909,81106
9910,62073
9911,120110
9912,609618
9913,27851
9914,10042
9915,856853
9916,58733
9917,60603
9918,64493
9919,54627
9920,385216
9921,71778
9922,322803
9923,67981
9924,42630
9925,639553
9926,203249
9927,118121
9928,202352
9929,420647
9930,130293
9931,93866
9932,124139
9933,14526
9934,56986
9935,145367
9936,49404
9937,70054
9938,98368
9939,520026
9940,80902
9941,391659
9942,58904
9943,34257
9944,272714
9945,71643
9946,226668
9947,254155
9948,103604
9949,128090
9950,75831
9951,95147
9952,98095
9953,74933
9954,115162
9955,22127
9956,34663
9957,616559
9958,712886
9959,226419
9960,228725
9961,127532
9962,250647
9963,49592
9964,40301
9965,978971
9966,10743
9967,74919
9968,824874
9969,94944
9970,64759
9971,42900
9972,914140
9973,221730
9974,243505
9975,145369
9976,19070
9977,39583
9978,48117
9979,379542
9980,369794
9981,119286
9982,17021
9983,792471
9984,313434
9985,328353
9986,104227
9987,55656
9988,790239
9989,134185
9990,622740
9991,58527
9992,323731
9993,93505
9994,115257
9995,61958
9996,260252
9997,92358
9998,19670
9999,297487
10000,46617
