taskId,lengthMI
1,425362
2,148023
3,446856
4,20471
5,437396
6,106832
7,214186
8,59334
9,780973
10,16917
11,129174
12,31446
13,616313
14,95245
15,127511
16,121672
17,25060
18,140573
19,87617
20,30001
21,28329
22,74443
23,45436
24,392982
25,111442
26,305644
27,31879
28,88878
29,32574
30,83916
31,87938
32,78370
33,520483
34,65239
35,282357
36,112554
37,332872
38,142951
39,98158
40,78821
41,641231
42,267453
43,123886
44,15155
45,34314
46,91800
47,131229
48,135886
49,276883
50,67956
51,418227
52,634511
53,136820
54,19657
55,54893
56,979791
57,12967
58,146823
59,46233
60,84412
61,41204
62,89413
63,95660
64,306588
65,103491
66,104668
67,243602
68,603204
69,40264
70,109221
71,20517
72,44847
73,80366
74,12252
75,114251
76,78866
77,27117
78,40859
79,104183
80,219906
81,57953
82,313953
83,78538
84,10713
85,10051
86,114881
87,578259
88,23629
89,79354
90,203333
91,52226
92,143176
93,15429
94,293874
95,147843
96,361832
97,784227
98,123807
99,69773
100,60313
101,148636
102,54688
103,78889
104,249381
105,363922
106,20307
107,143070
108,421071
109,43062
110,57025
111,403915
112,25593
113,66546
114,209845
115,642525
116,104499
117,147162
118,52737
119,20101
120,384234
121,74105
122,59035
123,32986
124,123348
125,19522
126,81490
127,50716
128,53732
129,396109
130,59735
131,99480
132,399158
133,142011
134,554982
135,349940
136,246998
137,62529
138,131313
139,91140
140,99940
141,40947
142,51743
143,33243
144,131038
145,126001
146,129688
147,34949
148,147971
149,701210
150,102535
151,64580
152,58729
153,53449
154,92181
155,144325
156,121558
157,39148
158,40808
159,129369
160,54929
161,65077
162,375866
163,120862
164,30559
165,523646
166,103762
167,82639
168,357380
169,48670
170,384718
171,301126
172,85404
173,25651
174,52681
175,106869
176,92351
177,940146
178,345737
179,137018
180,653761
181,94197
182,29648
183,41354
184,93965
185,281632
186,63640
187,124113
188,92254
189,788365
190,380474
191,77119
192,796000
193,50668
194,64416
195,20643
196,58086
197,141809
198,232071
199,338166
200,885612
201,113113
202,43041
203,350818
204,145815
205,17509
206,103099
207,619702
208,36832
209,84319
210,243889
211,123555
212,144028
213,732681
214,114890
215,46694
216,99814
217,70700
218,113612
219,827338
220,27079
221,50885
222,78086
223,44892
224,58366
225,145728
226,59595
227,836885
228,136832
229,377511
230,71285
231,145586
232,147674
233,369478
234,64002
235,85660
236,43681
237,220877
238,21226
239,278449
240,331408
241,43794
242,29266
243,352621
244,319462
245,40793
246,73883
247,86506
248,63860
249,149055
250,49527
251,989520
252,134251
253,263712
254,82350
255,272488
256,63661
257,52580
258,43165
259,85573
260,40929
261,103109
262,101535
263,889350
264,15413
265,58643
266,147143
267,337090
268,127771
269,137575
270,139640
271,130526
272,102906
273,385897
274,123127
275,36506
276,959917
277,39269
278,76441
279,45709
280,119713
281,791610
282,85429
283,100644
284,37930
285,432357
286,357803
287,780303
288,61908
289,282357
290,100724
291,35562
292,125306
293,27853
294,40381
295,83110
296,696708
297,23820
298,129574
299,109197
300,112483
301,108119
302,84631
303,524122
304,591522
305,124935
306,99750
307,293990
308,561596
309,104648
310,85942
311,77611
312,26380
313,118958
314,41346
315,102248
316,77599
317,27475
318,385831
319,98561
320,26492
321,13180
322,73697
323,72384
324,105052
325,39188
326,42748
327,16379
328,75641
329,34223
330,34083
331,98593
332,355760
333,129241
334,317126
335,16493
336,72522
337,222526
338,78241
339,381085
340,449550
341,772507
342,38698
343,13280
344,47644
345,965789
346,82666
347,433341
348,87437
349,888058
350,30137
351,75920
352,930059
353,21914
354,215563
355,50404
356,74796
357,347592
358,116186
359,49791
360,140537
361,77297
362,375900
363,44233
364,45793
365,889973
366,124376
367,123410
368,133671
369,119467
370,418926
371,273832
372,122945
373,38279
374,23338
375,30923
376,11435
377,977967
378,59511
379,23012
380,135694
381,111596
382,119446
383,607659
384,85676
385,111165
386,106989
387,89642
388,128085
389,53146
390,20243
391,210958
392,147036
393,63525
394,553900
395,779963
396,370956
397,107931
398,315516
399,130342
400,47829
401,330711
402,51087
403,71310
404,72106
405,638139
406,40179
407,65259
408,49211
409,24703
410,106116
411,44060
412,144065
413,80622
414,336391
415,144671
416,545126
417,306865
418,834566
419,405614
420,116752
421,84312
422,145847
423,395369
424,805795
425,735000
426,606792
427,75706
428,338816
429,66497
430,61452
431,18669
432,11813
433,26267
434,734326
435,89878
436,110476
437,305408
438,40599
439,56895
440,75324
441,388667
442,396781
443,115660
444,67067
445,25831
446,86236
447,86166
448,109402
449,879663
450,847420
451,16359
452,110297
453,57906
454,208343
455,296726
456,431013
457,58800
458,275284
459,82574
460,64990
461,211409
462,130183
463,67692
464,713803
465,661665
466,101094
467,144716
468,98654
469,23656
470,844342
471,684642
472,106405
473,35767
474,82334
475,16089
476,719335
477,122468
478,297493
479,53906
480,31198
481,231641
482,28981
483,737565
484,15259
485,83171
486,138523
487,144933
488,295178
489,68365
490,691565
491,106505
492,132574
493,138940
494,136366
495,124004
496,13034
497,100289
498,422943
499,328493
500,103962
501,59065
502,711643
503,80180
504,20729
505,59980
506,804784
507,59440
508,15388
509,414814
510,76695
511,430617
512,149745
513,89447
514,52065
515,62000
516,243917
517,56217
518,98701
519,95547
520,23790
521,100870
522,78036
523,35509
524,26820
525,44687
526,695829
527,130866
528,118551
529,551102
530,282059
531,85573
532,217553
533,348773
534,378484
535,26853
536,17602
537,108453
538,143638
539,333900
540,48221
541,294593
542,46801
543,225887
544,142626
545,765786
546,380816
547,121716
548,989440
549,49390
550,406045
551,38548
552,563990
553,62602
554,432762
555,37466
556,144700
557,142754
558,69132
559,97584
560,69200
561,12555
562,74630
563,86755
564,25160
565,65380
566,356913
567,891525
568,354862
569,135942
570,132637
571,126554
572,341900
573,526524
574,87591
575,73303
576,222622
577,102510
578,72113
579,66476
580,146517
581,140652
582,17005
583,34552
584,112848
585,19133
586,96236
587,377690
588,43188
589,307534
590,90910
591,68882
592,383387
593,121888
594,71616
595,205861
596,63710
597,44552
598,50340
599,448518
600,812742
601,101177
602,707520
603,101917
604,148363
605,437918
606,119521
607,251810
608,248788
609,89904
610,272136
611,38371
612,101462
613,831973
614,19616
615,274333
616,105210
617,24696
618,51420
619,47377
620,18648
621,291955
622,252285
623,350497
624,121063
625,110169
626,57540
627,38899
628,224043
629,59789
630,578543
631,148289
632,18761
633,76239
634,352765
635,686247
636,83236
637,51988
638,50204
639,208140
640,992939
641,358011
642,31445
643,289548
644,114243
645,73607
646,558122
647,74660
648,325838
649,91562
650,131035
651,387192
652,26198
653,77703
654,857856
655,57460
656,49998
657,105642
658,722492
659,938186
660,56008
661,69103
662,278837
663,81301
664,284736
665,75930
666,119579
667,21011
668,60847
669,46678
670,93789
671,121725
672,69580
673,875724
674,641267
675,144574
676,80513
677,103668
678,247162
679,74744
680,122302
681,19407
682,99015
683,32974
684,961037
685,56044
686,125848
687,65656
688,118262
689,16303
690,332901
691,28461
692,55906
693,305235
694,386064
695,93413
696,340515
697,27150
698,123296
699,64325
700,592081
701,111066
702,110329
703,60530
704,449185
705,238294
706,87347
707,123826
708,447481
709,409471
710,55208
711,393828
712,328518
713,64701
714,356194
715,69683
716,28086
717,19181
718,133997
719,960775
720,147040
721,59282
722,573121
723,34100
724,893118
725,295564
726,94956
727,60095
728,404987
729,18276
730,705924
731,604793
732,306828
733,19054
734,65157
735,58598
736,445681
737,32420
738,115149
739,38856
740,287196
741,71170
742,132975
743,57674
744,37700
745,70067
746,126050
747,28940
748,120832
749,44607
750,27387
751,39985
752,19324
753,30207
754,134390
755,20964
756,27152
757,34272
758,332260
759,390091
760,74736
761,128529
762,70862
763,764742
764,790435
765,144071
766,68267
767,140535
768,114854
769,146529
770,929877
771,376376
772,23006
773,103787
774,124520
775,671701
776,54053
777,133671
778,81336
779,60232
780,101230
781,350040
782,143108
783,82671
784,430874
785,112593
786,846006
787,93254
788,390874
789,639889
790,133351
791,702144
792,691121
793,117355
794,231625
795,248088
796,74576
797,28434
798,133683
799,97301
800,206053
801,74736
802,56856
803,140203
804,295861
805,44914
806,148527
807,997824
808,81302
809,18584
810,76203
811,303414
812,68817
813,902543
814,614149
815,122232
816,71663
817,147205
818,24802
819,427465
820,712527
821,793215
822,18198
823,53049
824,274145
825,93799
826,68993
827,841267
828,79205
829,240603
830,78836
831,209981
832,35462
833,139953
834,64309
835,56690
836,655656
837,244511
838,703325
839,54332
840,134807
841,102167
842,59198
843,100584
844,18139
845,48917
846,87852
847,332571
848,896799
849,220422
850,90521
851,71349
852,696719
853,32262
854,390955
855,106066
856,13926
857,65878
858,610211
859,136745
860,449152
861,45216
862,123940
863,107200
864,82961
865,136404
866,267173
867,993030
868,589206
869,84185
870,84294
871,957378
872,54389
873,85439
874,133917
875,40471
876,529020
877,437879
878,87146
879,314398
880,111577
881,58690
882,111296
883,94129
884,122913
885,13526
886,271786
887,113056
888,120049
889,49960
890,104194
891,145552
892,73922
893,202013
894,345292
895,393592
896,86767
897,139009
898,336160
899,59744
900,889450
901,615772
902,87179
903,117583
904,367336
905,82457
906,38377
907,419279
908,381186
909,528142
910,232249
911,300424
912,125727
913,147746
914,98652
915,95031
916,140908
917,438964
918,120322
919,706919
920,72729
921,253811
922,73993
923,144709
924,907960
925,42122
926,145010
927,139361
928,264523
929,276342
930,295772
931,22274
932,105260
933,128086
934,834002
935,201914
936,29632
937,570311
938,551405
939,115152
940,314241
941,136286
942,120026
943,513726
944,124254
945,132137
946,27758
947,43080
948,74947
949,44490
950,90691
951,40516
952,127709
953,117589
954,215597
955,114013
956,387676
957,105623
958,927458
959,13414
960,68051
961,435823
962,126519
963,120539
964,752696
965,57773
966,62009
967,107299
968,327892
969,733513
970,56955
971,230137
972,13988
973,102252
974,133074
975,97880
976,911742
977,288443
978,16798
979,808553
980,118265
981,79691
982,65137
983,145862
984,13004
985,139985
986,19760
987,109691
988,143382
989,421781
990,573177
991,146547
992,126633
993,536360
994,24365
995,123215
996,39708
997,135548
998,111458
999,94980
1000,309084
1001,128960
1002,420711
1003,38434
1004,131719
1005,29434
1006,954288
1007,136639
1008,103766
1009,503891
1010,86346
1011,11555
1012,255041
1013,65750
1014,847508
1015,93678
1016,88280
1017,415771
1018,70644
1019,93783
1020,67498
1021,946186
1022,12161
1023,76713
1024,365148
1025,530530
1026,128710
1027,203806
1028,62710
1029,829790
1030,361039
1031,12152
1032,110790
1033,379223
1034,43780
1035,433540
1036,58636
1037,90696
1038,121749
1039,875290
1040,30803
1041,70868
1042,58744
1043,92985
1044,68685
1045,80549
1046,432174
1047,137685
1048,124225
1049,108864
1050,116573
1051,259840
1052,106815
1053,18810
1054,38485
1055,123224
1056,364417
1057,36168
1058,72541
1059,345801
1060,318108
1061,85325
1062,35370
1063,734140
1064,94196
1065,288322
1066,375458
1067,114751
1068,212225
1069,67483
1070,34779
1071,14212
1072,53072
1073,15168
1074,17474
1075,257716
1076,83393
1077,12892
1078,909556
1079,64985
1080,41926
1081,57412
1082,349491
1083,60656
1084,41020
1085,414441
1086,274370
1087,96122
1088,77119
1089,305331
1090,49679
1091,118028
1092,31545
1093,147286
1094,400833
1095,90013
1096,14856
1097,105392
1098,357959
1099,60417
1100,215113
1101,19200
1102,102449
1103,60455
1104,864915
1105,399861
1106,701912
1107,634975
1108,81339
1109,91891
1110,100610
1111,145450
1112,92247
1113,33782
1114,108602
1115,60935
1116,89497
1117,95658
1118,202886
1119,370635
1120,143955
1121,39263
1122,14146
1123,108808
1124,85010
1125,389279
1126,104536
1127,884929
1128,145788
1129,521311
1130,389031
1131,336574
1132,44986
1133,866372
1134,28383
1135,135027
1136,124022
1137,20067
1138,89819
1139,53595
1140,312758
1141,211299
1142,84466
1143,398362
1144,55199
1145,429691
1146,57500
1147,23373
1148,110701
1149,54443
1150,75519
1151,111154
1152,294473
1153,624851
1154,431330
1155,32182
1156,76535
1157,113596
1158,435083
1159,564105
1160,98841
1161,147030
1162,71356
1163,139639
1164,86669
1165,31078
1166,205451
1167,23314
1168,18197
1169,58921
1170,70480
1171,149264
1172,123033
1173,44039
1174,377815
1175,15402
1176,119317
1177,65324
1178,335328
1179,99682
1180,292021
1181,301351
1182,77012
1183,31402
1184,117664
1185,49092
1186,215051
1187,56371
1188,129409
1189,371363
1190,10240
1191,25811
1192,124080
1193,203273
1194,144650
1195,113956
1196,256966
1197,64211
1198,93147
1199,84246
1200,57346
1201,17554
1202,414855
1203,119046
1204,108203
1205,121288
1206,405962
1207,102813
1208,326850
1209,49348
1210,67314
1211,548672
1212,36712
1213,83682
1214,406540
1215,133020
1216,244050
1217,129129
1218,101685
1219,99000
1220,413546
1221,12088
1222,122515
1223,62230
1224,234203
1225,307890
1226,123608
1227,100249
1228,36582
1229,96966
1230,255267
1231,360126
1232,247397
1233,54169
1234,149149
1235,380868
1236,38208
1237,132139
1238,36588
1239,37984
1240,332259
1241,137648
1242,63813
1243,680061
1244,28161
1245,56450
1246,86316
1247,20328
1248,142474
1249,26352
1250,57899
1251,76468
1252,45061
1253,93454
1254,556379
1255,83020
1256,58674
1257,18985
1258,143646
1259,75453
1260,43492
1261,139162
1262,103715
1263,83730
1264,222616
1265,115472
1266,332455
1267,267479
1268,350587
1269,446130
1270,22972
1271,768642
1272,98762
1273,18019
1274,84235
1275,425109
1276,368511
1277,45809
1278,38476
1279,144633
1280,11126
1281,95234
1282,72741
1283,13333
1284,105245
1285,83402
1286,121877
1287,138322
1288,93591
1289,19271
1290,230542
1291,12001
1292,61673
1293,14823
1294,63040
1295,382562
1296,113776
1297,264370
1298,448877
1299,13202
1300,853381
1301,116161
1302,529744
1303,107838
1304,826820
1305,108486
1306,124148
1307,774133
1308,29762
1309,51404
1310,35680
1311,349273
1312,31544
1313,12816
1314,48329
1315,11676
1316,140334
1317,951852
1318,26483
1319,71974
1320,110562
1321,107925
1322,545066
1323,409287
1324,15797
1325,576999
1326,114243
1327,12039
1328,58487
1329,117737
1330,208659
1331,84389
1332,24920
1333,110843
1334,235814
1335,356329
1336,385873
1337,126663
1338,65102
1339,48262
1340,144108
1341,121152
1342,440841
1343,100602
1344,54884
1345,148084
1346,62615
1347,325867
1348,40693
1349,357143
1350,447414
1351,50892
1352,81335
1353,25877
1354,144500
1355,12600
1356,75547
1357,109937
1358,65736
1359,30417
1360,135347
1361,19008
1362,106241
1363,19802
1364,316006
1365,20898
1366,38493
1367,977879
1368,366170
1369,39144
1370,134009
1371,145267
1372,435450
1373,40611
1374,65772
1375,34157
1376,935438
1377,131334
1378,128752
1379,105024
1380,76226
1381,582260
1382,49655
1383,114440
1384,12118
1385,27726
1386,72103
1387,438171
1388,134990
1389,32852
1390,78401
1391,368636
1392,722157
1393,332748
1394,104066
1395,305109
1396,398239
1397,80025
1398,246948
1399,904387
1400,532548
1401,30870
1402,830407
1403,40771
1404,91519
1405,436364
1406,10266
1407,302210
1408,132430
1409,83561
1410,94473
1411,96210
1412,353127
1413,56169
1414,23367
1415,143807
1416,122957
1417,11099
1418,29209
1419,231600
1420,131948
1421,387347
1422,144964
1423,110329
1424,65592
1425,143582
1426,103113
1427,363080
1428,113613
1429,424949
1430,67789
1431,88928
1432,116493
1433,54505
1434,229241
1435,25460
1436,280499
1437,209616
1438,41768
1439,336928
1440,64542
1441,25823
1442,363327
1443,19987
1444,126376
1445,20696
1446,208279
1447,111382
1448,47106
1449,46039
1450,123396
1451,425188
1452,87379
1453,51811
1454,129369
1455,112877
1456,120097
1457,51344
1458,346091
1459,136669
1460,131279
1461,39911
1462,128391
1463,99912
1464,12321
1465,79811
1466,144834
1467,989561
1468,127323
1469,14422
1470,873561
1471,759104
1472,385966
1473,411831
1474,297748
1475,46705
1476,132874
1477,48021
1478,747015
1479,50131
1480,130412
1481,64373
1482,105412
1483,646038
1484,440629
1485,149690
1486,86157
1487,659920
1488,87736
1489,76367
1490,131605
1491,33459
1492,139883
1493,35821
1494,63935
1495,50445
1496,126002
1497,63023
1498,79991
1499,39800
1500,55234
1501,109367
1502,113357
1503,117520
1504,124224
1505,897441
1506,132020
1507,100491
1508,57056
1509,77034
1510,142776
1511,22966
1512,70676
1513,109089
1514,108555
1515,115465
1516,49415
1517,34530
1518,19838
1519,985794
1520,127332
1521,30892
1522,116331
1523,18726
1524,239328
1525,29854
1526,235854
1527,288274
1528,38584
1529,56226
1530,136186
1531,13617
1532,117373
1533,945105
1534,579668
1535,16244
1536,54281
1537,101310
1538,223396
1539,108624
1540,137153
1541,384808
1542,254993
1543,92129
1544,739440
1545,23709
1546,128046
1547,977621
1548,232102
1549,21521
1550,64265
1551,133272
1552,43888
1553,80043
1554,345701
1555,97342
1556,336433
1557,395920
1558,863080
1559,19795
1560,72146
1561,247727
1562,79362
1563,43699
1564,259360
1565,38518
1566,14739
1567,34734
1568,19672
1569,83782
1570,49239
1571,110911
1572,373535
1573,676399
1574,883674
1575,447423
1576,69365
1577,121672
1578,60401
1579,89478
1580,127681
1581,104432
1582,364308
1583,109229
1584,27963
1585,11195
1586,14134
1587,21394
1588,27195
1589,144035
1590,82092
1591,127834
1592,69160
1593,16432
1594,16453
1595,19779
1596,240472
1597,132611
1598,865547
1599,413806
1600,51000
1601,110721
1602,32511
1603,89064
1604,736852
1605,829795
1606,441298
1607,540228
1608,137582
1609,245882
1610,22812
1611,15724
1612,115776
1613,298196
1614,83748
1615,62017
1616,135046
1617,619137
1618,309318
1619,99561
1620,43433
1621,71745
1622,436986
1623,12617
1624,417637
1625,202181
1626,14752
1627,948289
1628,352076
1629,81129
1630,44628
1631,68082
1632,133485
1633,80464
1634,45203
1635,76071
1636,446951
1637,405256
1638,692741
1639,444135
1640,21094
1641,87160
1642,383065
1643,64121
1644,78896
1645,142258
1646,705742
1647,909120
1648,262377
1649,809081
1650,19994
1651,46486
1652,128374
1653,381170
1654,400320
1655,105350
1656,101694
1657,501149
1658,968881
1659,17899
1660,341655
1661,929702
1662,78204
1663,96116
1664,372030
1665,137041
1666,29178
1667,125575
1668,40736
1669,94157
1670,21031
1671,138200
1672,128143
1673,135486
1674,26173
1675,144313
1676,257921
1677,22002
1678,887768
1679,123923
1680,81093
1681,611213
1682,66882
1683,72152
1684,118876
1685,120826
1686,75839
1687,68749
1688,18533
1689,85684
1690,82192
1691,96574
1692,42195
1693,356805
1694,86248
1695,69017
1696,122139
1697,79548
1698,115253
1699,141246
1700,104579
1701,30684
1702,129774
1703,15205
1704,589915
1705,107500
1706,79243
1707,43316
1708,999716
1709,66077
1710,67850
1711,379915
1712,130063
1713,87295
1714,66941
1715,202251
1716,14777
1717,424899
1718,45099
1719,26419
1720,218243
1721,327425
1722,22092
1723,33263
1724,48626
1725,42021
1726,147839
1727,120204
1728,126213
1729,31524
1730,102575
1731,126155
1732,366803
1733,118343
1734,89399
1735,32797
1736,300413
1737,372889
1738,125355
1739,94896
1740,142385
1741,21789
1742,112231
1743,48591
1744,100800
1745,279080
1746,123248
1747,132601
1748,18267
1749,60696
1750,96808
1751,112228
1752,101840
1753,974525
1754,123471
1755,91120
1756,30675
1757,91500
1758,561907
1759,70697
1760,36002
1761,929735
1762,671405
1763,12155
1764,92860
1765,113436
1766,64240
1767,344624
1768,72306
1769,103214
1770,15687
1771,28936
1772,356691
1773,111282
1774,13480
1775,295145
1776,104072
1777,39889
1778,66269
1779,922962
1780,13262
1781,56150
1782,82624
1783,534564
1784,15147
1785,126581
1786,146043
1787,124106
1788,283870
1789,422004
1790,53750
1791,358038
1792,60440
1793,76501
1794,75437
1795,640184
1796,39976
1797,14133
1798,23128
1799,124120
1800,30736
1801,614280
1802,58342
1803,60820
1804,50184
1805,20904
1806,884675
1807,132331
1808,310399
1809,109767
1810,277215
1811,63841
1812,24781
1813,342718
1814,98397
1815,91288
1816,147909
1817,925342
1818,629066
1819,372086
1820,364419
1821,67457
1822,253811
1823,446385
1824,39329
1825,83165
1826,35289
1827,74974
1828,142595
1829,235433
1830,58773
1831,715095
1832,333157
1833,93395
1834,320922
1835,20802
1836,29506
1837,130590
1838,945523
1839,54294
1840,76558
1841,126835
1842,267028
1843,66150
1844,118321
1845,45553
1846,834060
1847,27962
1848,23291
1849,247506
1850,210838
1851,101612
1852,335517
1853,264541
1854,22941
1855,39211
1856,42715
1857,441741
1858,296001
1859,620572
1860,28713
1861,130586
1862,147132
1863,120425
1864,21934
1865,61909
1866,206932
1867,23383
1868,100534
1869,330763
1870,17516
1871,393113
1872,90708
1873,140635
1874,138048
1875,14257
1876,19227
1877,111890
1878,100395
1879,393512
1880,532992
1881,658111
1882,366982
1883,347280
1884,53001
1885,33266
1886,21407
1887,137407
1888,414751
1889,149506
1890,12267
1891,425576
1892,55875
1893,16373
1894,265694
1895,128278
1896,15431
1897,281629
1898,364212
1899,211939
1900,122468
1901,14040
1902,434665
1903,92644
1904,26010
1905,319137
1906,215281
1907,68032
1908,935999
1909,52451
1910,33632
1911,88306
1912,147840
1913,115614
1914,110867
1915,342701
1916,72070
1917,638325
1918,76927
1919,293284
1920,379681
1921,122625
1922,283578
1923,29027
1924,90534
1925,301038
1926,38330
1927,430669
1928,101490
1929,36007
1930,71486
1931,31830
1932,68269
1933,360644
1934,83671
1935,245950
1936,52883
1937,126009
1938,147117
1939,77682
1940,40053
1941,14811
1942,855722
1943,643206
1944,94713
1945,131869
1946,54659
1947,365275
1948,135202
1949,138838
1950,12424
1951,668726
1952,140823
1953,292615
1954,248781
1955,402269
1956,373990
1957,49322
1958,123717
1959,79703
1960,79753
1961,66409
1962,25804
1963,12307
1964,296490
1965,376786
1966,688398
1967,123886
1968,79801
1969,14193
1970,105415
1971,384166
1972,84305
1973,749891
1974,135718
1975,51945
1976,98372
1977,363165
1978,64891
1979,371594
1980,57322
1981,65657
1982,238810
1983,889950
1984,299339
1985,43801
1986,284082
1987,387229
1988,341047
1989,70825
1990,65659
1991,444691
1992,112452
1993,142322
1994,61424
1995,295278
1996,148365
1997,69631
1998,137704
1999,291967
2000,72668
2001,344795
2002,38158
2003,13398
2004,976222
2005,791875
2006,119833
2007,47314
2008,149606
2009,78936
2010,144425
2011,12656
2012,75556
2013,116404
2014,58969
2015,847994
2016,212374
2017,278267
2018,102090
2019,330959
2020,64639
2021,124807
2022,126997
2023,78259
2024,63777
2025,20304
2026,27405
2027,969057
2028,577670
2029,100157
2030,107550
2031,572393
2032,94192
2033,39999
2034,132448
2035,55959
2036,92399
2037,46056
2038,235020
2039,144311
2040,30852
2041,982917
2042,304212
2043,679224
2044,268923
2045,92816
2046,671078
2047,940552
2048,33098
2049,95533
2050,80389
2051,41466
2052,10257
2053,61847
2054,928806
2055,360427
2056,99259
2057,27457
2058,124730
2059,23104
2060,878317
2061,98091
2062,379740
2063,98552
2064,690231
2065,107134
2066,355617
2067,86136
2068,902908
2069,60490
2070,111909
2071,15050
2072,55574
2073,353745
2074,123403
2075,81792
2076,56085
2077,894725
2078,71335
2079,109643
2080,98383
2081,217973
2082,434817
2083,261592
2084,27494
2085,118768
2086,282287
2087,56905
2088,554051
2089,272836
2090,105677
2091,388197
2092,420154
2093,129526
2094,836085
2095,50749
2096,74330
2097,344537
2098,42258
2099,46466
2100,327502
2101,295506
2102,346683
2103,125038
2104,127634
2105,112057
2106,27249
2107,35164
2108,17981
2109,58427
2110,120481
2111,139746
2112,42271
2113,662570
2114,15756
2115,19574
2116,103170
2117,267860
2118,84507
2119,329769
2120,231665
2121,301059
2122,13197
2123,24168
2124,26207
2125,118515
2126,259066
2127,56684
2128,16764
2129,11499
2130,98310
2131,86077
2132,69827
2133,43792
2134,53668
2135,222388
2136,60665
2137,27549
2138,87954
2139,111915
2140,207040
2141,232278
2142,104329
2143,67208
2144,138870
2145,76309
2146,33713
2147,15152
2148,148642
2149,66972
2150,72434
2151,147798
2152,205073
2153,109827
2154,80293
2155,64037
2156,126464
2157,96443
2158,289685
2159,80973
2160,34249
2161,79898
2162,35713
2163,110061
2164,63985
2165,19849
2166,57154
2167,127956
2168,37453
2169,140377
2170,123305
2171,146967
2172,42698
2173,366135
2174,119032
2175,145060
2176,26278
2177,418815
2178,45493
2179,30316
2180,39183
2181,127466
2182,13952
2183,29776
2184,65085
2185,103483
2186,69384
2187,107591
2188,74584
2189,31403
2190,85037
2191,132400
2192,439546
2193,107601
2194,439552
2195,28850
2196,93373
2197,149140
2198,39957
2199,23207
2200,341623
2201,61063
2202,60201
2203,147930
2204,61422
2205,138269
2206,320123
2207,25184
2208,145964
2209,431024
2210,20174
2211,124186
2212,313140
2213,25009
2214,79531
2215,122294
2216,67301
2217,374931
2218,11691
2219,114796
2220,395057
2221,77571
2222,23230
2223,93292
2224,136871
2225,35828
2226,11937
2227,445708
2228,140465
2229,137575
2230,948211
2231,101097
2232,135439
2233,82235
2234,114028
2235,124470
2236,25108
2237,216979
2238,27629
2239,920347
2240,364530
2241,126433
2242,85165
2243,370148
2244,239990
2245,68242
2246,95385
2247,144613
2248,19912
2249,10452
2250,106607
2251,364936
2252,36578
2253,124581
2254,318054
2255,108896
2256,245127
2257,44931
2258,105418
2259,15536
2260,40085
2261,48866
2262,509416
2263,134690
2264,222009
2265,27986
2266,128028
2267,57691
2268,65951
2269,276129
2270,657084
2271,715429
2272,101126
2273,67144
2274,984205
2275,60908
2276,59560
2277,304096
2278,437248
2279,90947
2280,80304
2281,279116
2282,61071
2283,384163
2284,449427
2285,631774
2286,324920
2287,426347
2288,134002
2289,103762
2290,411285
2291,75377
2292,322836
2293,133905
2294,35042
2295,86691
2296,401965
2297,63265
2298,32681
2299,149503
2300,112711
2301,796565
2302,34859
2303,37756
2304,10752
2305,128132
2306,691433
2307,46515
2308,139537
2309,148158
2310,37796
2311,59834
2312,42198
2313,108405
2314,108947
2315,626528
2316,374726
2317,797123
2318,105386
2319,56074
2320,58893
2321,323314
2322,41137
2323,92662
2324,54229
2325,100130
2326,40576
2327,78815
2328,116920
2329,103238
2330,25078
2331,92002
2332,307314
2333,732214
2334,102815
2335,51064
2336,99704
2337,322470
2338,117882
2339,55086
2340,137798
2341,12064
2342,713991
2343,83513
2344,75028
2345,56547
2346,70393
2347,42458
2348,46029
2349,520463
2350,76744
2351,668246
2352,66336
2353,124802
2354,100509
2355,105155
2356,14540
2357,60910
2358,80662
2359,754169
2360,148338
2361,688119
2362,48293
2363,212218
2364,138137
2365,121142
2366,123818
2367,77035
2368,810409
2369,99631
2370,688900
2371,126505
2372,119979
2373,34862
2374,62192
2375,97296
2376,63314
2377,265739
2378,790158
2379,41673
2380,64182
2381,19717
2382,91464
2383,50530
2384,102649
2385,91617
2386,58587
2387,112206
2388,527530
2389,84912
2390,39660
2391,21612
2392,26684
2393,840400
2394,110760
2395,44614
2396,11558
2397,91611
2398,16616
2399,137565
2400,308808
2401,53723
2402,148310
2403,36933
2404,380819
2405,111385
2406,110218
2407,48946
2408,66037
2409,40949
2410,122380
2411,24143
2412,408294
2413,240545
2414,39451
2415,56803
2416,402599
2417,56126
2418,42416
2419,260951
2420,30945
2421,25483
2422,350440
2423,35155
2424,370422
2425,277218
2426,263661
2427,386100
2428,39158
2429,113659
2430,72115
2431,139031
2432,49302
2433,14002
2434,250694
2435,108189
2436,135728
2437,263985
2438,292124
2439,446520
2440,76017
2441,63731
2442,99104
2443,123939
2444,101515
2445,93947
2446,62455
2447,245646
2448,419753
2449,10330
2450,583246
2451,202846
2452,110065
2453,50019
2454,52782
2455,13310
2456,684276
2457,56277
2458,110243
2459,92231
2460,143179
2461,130908
2462,509827
2463,121667
2464,285593
2465,349420
2466,111342
2467,57115
2468,115769
2469,81141
2470,115281
2471,135399
2472,59282
2473,32350
2474,120516
2475,37499
2476,80023
2477,260324
2478,33445
2479,134985
2480,83827
2481,110988
2482,46216
2483,134963
2484,18860
2485,49343
2486,94695
2487,941008
2488,55068
2489,969024
2490,45302
2491,221964
2492,138684
2493,12754
2494,11870
2495,88940
2496,20478
2497,423916
2498,98706
2499,84958
2500,51427
2501,565589
2502,21015
2503,92352
2504,422233
2505,145781
2506,710320
2507,113013
2508,135911
2509,53003
2510,210687
2511,825593
2512,662654
2513,88985
2514,29107
2515,93702
2516,108476
2517,27080
2518,109849
2519,128336
2520,68025
2521,41775
2522,350813
2523,94502
2524,276663
2525,83738
2526,33098
2527,390927
2528,77711
2529,100622
2530,104724
2531,146744
2532,59790
2533,317937
2534,98643
2535,130223
2536,52099
2537,14159
2538,69046
2539,59789
2540,84800
2541,32241
2542,23606
2543,338388
2544,14805
2545,58714
2546,42342
2547,734799
2548,96783
2549,69032
2550,17921
2551,804197
2552,84293
2553,146857
2554,295645
2555,279858
2556,24754
2557,112919
2558,149718
2559,260104
2560,66895
2561,39021
2562,85717
2563,60649
2564,134357
2565,677090
2566,17511
2567,79650
2568,729089
2569,28159
2570,374516
2571,37634
2572,83574
2573,220236
2574,59187
2575,64037
2576,134392
2577,67445
2578,214371
2579,46856
2580,87755
2581,580541
2582,338889
2583,626127
2584,128720
2585,308973
2586,289447
2587,14027
2588,692606
2589,123252
2590,24044
2591,138566
2592,897010
2593,285391
2594,234753
2595,248895
2596,44419
2597,130631
2598,95848
2599,19970
2600,241452
2601,68364
2602,72979
2603,66225
2604,109747
2605,18693
2606,515444
2607,66888
2608,937975
2609,297687
2610,748186
2611,432191
2612,50844
2613,735418
2614,136849
2615,512359
2616,26555
2617,23335
2618,112500
2619,957325
2620,90554
2621,326721
2622,66800
2623,91781
2624,448018
2625,11183
2626,134561
2627,342053
2628,74433
2629,26440
2630,325230
2631,108598
2632,72018
2633,34641
2634,73510
2635,134489
2636,140844
2637,344112
2638,128710
2639,27570
2640,12791
2641,11648
2642,537351
2643,64830
2644,140354
2645,67710
2646,130500
2647,27075
2648,142822
2649,319315
2650,69603
2651,665558
2652,386469
2653,144926
2654,76489
2655,103551
2656,13069
2657,29600
2658,149824
2659,968003
2660,83393
2661,19260
2662,24455
2663,414987
2664,122735
2665,95523
2666,285863
2667,29970
2668,53771
2669,291193
2670,270541
2671,22400
2672,102436
2673,130437
2674,44623
2675,56810
2676,34813
2677,116188
2678,81412
2679,75764
2680,220872
2681,137843
2682,289199
2683,91816
2684,134400
2685,76028
2686,394238
2687,13602
2688,130688
2689,711599
2690,113636
2691,951413
2692,104209
2693,45701
2694,49931
2695,27044
2696,86375
2697,97573
2698,946011
2699,148214
2700,332495
2701,40208
2702,130711
2703,364037
2704,112814
2705,584315
2706,839028
2707,146849
2708,96358
2709,888070
2710,88954
2711,80641
2712,105854
2713,662552
2714,111207
2715,109988
2716,37795
2717,46558
2718,442581
2719,110519
2720,112098
2721,21370
2722,113338
2723,10182
2724,832435
2725,96116
2726,104034
2727,146439
2728,203859
2729,94769
2730,646037
2731,62134
2732,228427
2733,114622
2734,72557
2735,119978
2736,214694
2737,349033
2738,330278
2739,130543
2740,10097
2741,503072
2742,98559
2743,143711
2744,95912
2745,11029
2746,49515
2747,48488
2748,59743
2749,270666
2750,35805
2751,121115
2752,289998
2753,101657
2754,623575
2755,76373
2756,18875
2757,43966
2758,139993
2759,92039
2760,136905
2761,37874
2762,71260
2763,31394
2764,110248
2765,36266
2766,326537
2767,123700
2768,95416
2769,11410
2770,108307
2771,97582
2772,83494
2773,16327
2774,81096
2775,97237
2776,856183
2777,703785
2778,98881
2779,26369
2780,401021
2781,148275
2782,275063
2783,19812
2784,50804
2785,891467
2786,308567
2787,213778
2788,82495
2789,35205
2790,16163
2791,92258
2792,84377
2793,23812
2794,251237
2795,131778
2796,65372
2797,239166
2798,66412
2799,615229
2800,122914
2801,266773
2802,37971
2803,121122
2804,25738
2805,55773
2806,72249
2807,33123
2808,21830
2809,137124
2810,80547
2811,33491
2812,15178
2813,227472
2814,42575
2815,138013
2816,571507
2817,147929
2818,102380
2819,115116
2820,16259
2821,598760
2822,95402
2823,129832
2824,226225
2825,405433
2826,112814
2827,84565
2828,949090
2829,72620
2830,104343
2831,318894
2832,397220
2833,149216
2834,281621
2835,337776
2836,373432
2837,951656
2838,71890
2839,132285
2840,62752
2841,94965
2842,12363
2843,39898
2844,418590
2845,72522
2846,39494
2847,13474
2848,948674
2849,71874
2850,116255
2851,97002
2852,277281
2853,90363
2854,24438
2855,51199
2856,13652
2857,78934
2858,109546
2859,299837
2860,141450
2861,401621
2862,53506
2863,376072
2864,108279
2865,61939
2866,11414
2867,331952
2868,78415
2869,41590
2870,83453
2871,74025
2872,18437
2873,23925
2874,148169
2875,105195
2876,114432
2877,99573
2878,18273
2879,253011
2880,35442
2881,118654
2882,55156
2883,88708
2884,136824
2885,133008
2886,33256
2887,353340
2888,32183
2889,355616
2890,823148
2891,116209
2892,77577
2893,379170
2894,15849
2895,90695
2896,443976
2897,137259
2898,20505
2899,789775
2900,643713
2901,139645
2902,13312
2903,125410
2904,109603
2905,46319
2906,248493
2907,67920
2908,986097
2909,978831
2910,77170
2911,590160
2912,86899
2913,126790
2914,147025
2915,21847
2916,820396
2917,387936
2918,134463
2919,25808
2920,227939
2921,134991
2922,579515
2923,109487
2924,13604
2925,34773
2926,95789
2927,15028
2928,94998
2929,258695
2930,83289
2931,89654
2932,112445
2933,93799
2934,130154
2935,930858
2936,51112
2937,205017
2938,103260
2939,74921
2940,16368
2941,20573
2942,56603
2943,53227
2944,116430
2945,75498
2946,104376
2947,23684
2948,905958
2949,106098
2950,222618
2951,74801
2952,83247
2953,967236
2954,45958
2955,142761
2956,132767
2957,77802
2958,19586
2959,223095
2960,71584
2961,417587
2962,908344
2963,30549
2964,93482
2965,91271
2966,124351
2967,40432
2968,71355
2969,31783
2970,440215
2971,130731
2972,137595
2973,130024
2974,138521
2975,716307
2976,18831
2977,54060
2978,143683
2979,106511
2980,78714
2981,123330
2982,93853
2983,321133
2984,57402
2985,555048
2986,96427
2987,85420
2988,71431
2989,12082
2990,208433
2991,94288
2992,72633
2993,12028
2994,31862
2995,84648
2996,19779
2997,112711
2998,127344
2999,21388
3000,111620
3001,18726
3002,72465
3003,66940
3004,44988
3005,234183
3006,263890
3007,97426
3008,738014
3009,91201
3010,44744
3011,137026
3012,122531
3013,102817
3014,84755
3015,432985
3016,546838
3017,51304
3018,131705
3019,852147
3020,744550
3021,502624
3022,149273
3023,16886
3024,11820
3025,281017
3026,117097
3027,51862
3028,15118
3029,41565
3030,51007
3031,145375
3032,983820
3033,85595
3034,91481
3035,71575
3036,115944
3037,79795
3038,61516
3039,146577
3040,19525
3041,404398
3042,30067
3043,85700
3044,253290
3045,992589
3046,92236
3047,48222
3048,37350
3049,829312
3050,132374
3051,351007
3052,315458
3053,56712
3054,91280
3055,55819
3056,39632
3057,107338
3058,242255
3059,30570
3060,60008
3061,277610
3062,47030
3063,78892
3064,78115
3065,90198
3066,38189
3067,98470
3068,69430
3069,18365
3070,780451
3071,62771
3072,260051
3073,377818
3074,104233
3075,136164
3076,399617
3077,78883
3078,276171
3079,75926
3080,38411
3081,72370
3082,10939
3083,26062
3084,111997
3085,52173
3086,128136
3087,82843
3088,22728
3089,16278
3090,76948
3091,846406
3092,31059
3093,555630
3094,126291
3095,32456
3096,65791
3097,555588
3098,120823
3099,116646
3100,125360
3101,45133
3102,108638
3103,52116
3104,201734
3105,129848
3106,348713
3107,351019
3108,85288
3109,102159
3110,61253
3111,391282
3112,25310
3113,115951
3114,71205
3115,806162
3116,133147
3117,67863
3118,85946
3119,371002
3120,438090
3121,222843
3122,366931
3123,261724
3124,218497
3125,300024
3126,58230
3127,29969
3128,946911
3129,129324
3130,118599
3131,748857
3132,63968
3133,93648
3134,82084
3135,345451
3136,638628
3137,85516
3138,835970
3139,58979
3140,92442
3141,79836
3142,131515
3143,73410
3144,355621
3145,56392
3146,67646
3147,115426
3148,502742
3149,32481
3150,68916
3151,97792
3152,98585
3153,29108
3154,414839
3155,93312
3156,94847
3157,63177
3158,857954
3159,214459
3160,82554
3161,13076
3162,398384
3163,35086
3164,105185
3165,750378
3166,408715
3167,37724
3168,568009
3169,83142
3170,977428
3171,108728
3172,89879
3173,58985
3174,94554
3175,103865
3176,311581
3177,55798
3178,84785
3179,45660
3180,146905
3181,122061
3182,78717
3183,106952
3184,119949
3185,411537
3186,94370
3187,119225
3188,55692
3189,732675
3190,373167
3191,115642
3192,73607
3193,577765
3194,147624
3195,93688
3196,108014
3197,12721
3198,138201
3199,17357
3200,27524
3201,124978
3202,18752
3203,133804
3204,128148
3205,101042
3206,286584
3207,34368
3208,88722
3209,24309
3210,16567
3211,839002
3212,865567
3213,234543
3214,53867
3215,85421
3216,32555
3217,515942
3218,31865
3219,941553
3220,37664
3221,19062
3222,570894
3223,546131
3224,400673
3225,133091
3226,265368
3227,889250
3228,29900
3229,101107
3230,107749
3231,388636
3232,83501
3233,78343
3234,74892
3235,765092
3236,121083
3237,111181
3238,27803
3239,27007
3240,327621
3241,449066
3242,228102
3243,39072
3244,335835
3245,53155
3246,269825
3247,430228
3248,134597
3249,70486
3250,117642
3251,122590
3252,128511
3253,290139
3254,665361
3255,111126
3256,130845
3257,106797
3258,94952
3259,116560
3260,371633
3261,25642
3262,23138
3263,300130
3264,98958
3265,65000
3266,389339
3267,323955
3268,25185
3269,338734
3270,82744
3271,413292
3272,367712
3273,227923
3274,23210
3275,70726
3276,279421
3277,777768
3278,422774
3279,736131
3280,116692
3281,79026
3282,440285
3283,16228
3284,128329
3285,22755
3286,604314
3287,934760
3288,68266
3289,114139
3290,57427
3291,63397
3292,269859
3293,26854
3294,47261
3295,59789
3296,17995
3297,10527
3298,143801
3299,97570
3300,18998
3301,91349
3302,138676
3303,836742
3304,86234
3305,23288
3306,409732
3307,28615
3308,130913
3309,12318
3310,210929
3311,321297
3312,81268
3313,575306
3314,122873
3315,78153
3316,148948
3317,56433
3318,106266
3319,228285
3320,501951
3321,97211
3322,66037
3323,17312
3324,303493
3325,34789
3326,137669
3327,14885
3328,443231
3329,33694
3330,116920
3331,85042
3332,901706
3333,315709
3334,125466
3335,98478
3336,14908
3337,429401
3338,143842
3339,16970
3340,244577
3341,325195
3342,52850
3343,106965
3344,21931
3345,95549
3346,39598
3347,34809
3348,348742
3349,48600
3350,430997
3351,242075
3352,252883
3353,28330
3354,99392
3355,86299
3356,67601
3357,58389
3358,335616
3359,105821
3360,70061
3361,135841
3362,930549
3363,299485
3364,354229
3365,131915
3366,230101
3367,52649
3368,112150
3369,364481
3370,24069
3371,104893
3372,381876
3373,635895
3374,250544
3375,16883
3376,142845
3377,233128
3378,37899
3379,24854
3380,114779
3381,12271
3382,93932
3383,833577
3384,142799
3385,19412
3386,22091
3387,392697
3388,108360
3389,14866
3390,117079
3391,32781
3392,96257
3393,30245
3394,35699
3395,110362
3396,41580
3397,47198
3398,59843
3399,90513
3400,35250
3401,49453
3402,45490
3403,15732
3404,111802
3405,914310
3406,78944
3407,328129
3408,285894
3409,122862
3410,247233
3411,148542
3412,96655
3413,663447
3414,38371
3415,141623
3416,112202
3417,11345
3418,44094
3419,88635
3420,25230
3421,119079
3422,88841
3423,380472
3424,31119
3425,91507
3426,601995
3427,557337
3428,215295
3429,369874
3430,14045
3431,303985
3432,592737
3433,69389
3434,10507
3435,76457
3436,69431
3437,106173
3438,73697
3439,125434
3440,91096
3441,57249
3442,48821
3443,17084
3444,111412
3445,721695
3446,53375
3447,121627
3448,144076
3449,547744
3450,289450
3451,73269
3452,27283
3453,12902
3454,91162
3455,120445
3456,289223
3457,64913
3458,39909
3459,25502
3460,773886
3461,79557
3462,932439
3463,103791
3464,19888
3465,33843
3466,125948
3467,301852
3468,63109
3469,240092
3470,33336
3471,50962
3472,53910
3473,125867
3474,82846
3475,122040
3476,40136
3477,411152
3478,416661
3479,654743
3480,38195
3481,400788
3482,376589
3483,74295
3484,37034
3485,134612
3486,299112
3487,386706
3488,86478
3489,210394
3490,94486
3491,425803
3492,63603
3493,43066
3494,23951
3495,407816
3496,442539
3497,127154
3498,293632
3499,29809
3500,114341
3501,29830
3502,119855
3503,785400
3504,126677
3505,87619
3506,607140
3507,124680
3508,31894
3509,208478
3510,75685
3511,347374
3512,320065
3513,112624
3514,132775
3515,416522
3516,149822
3517,148250
3518,124230
3519,110259
3520,52086
3521,19029
3522,30349
3523,31040
3524,124632
3525,282785
3526,116399
3527,125751
3528,25155
3529,115444
3530,385295
3531,358682
3532,87139
3533,133753
3534,913706
3535,71779
3536,283857
3537,115542
3538,244240
3539,85368
3540,123105
3541,660204
3542,361299
3543,90295
3544,86147
3545,64447
3546,16897
3547,10116
3548,384245
3549,241079
3550,29992
3551,283976
3552,115334
3553,921983
3554,48267
3555,387853
3556,142132
3557,137626
3558,142298
3559,121624
3560,21240
3561,15999
3562,116284
3563,270358
3564,147401
3565,891055
3566,73842
3567,348841
3568,252015
3569,66175
3570,207241
3571,12930
3572,426626
3573,94022
3574,567712
3575,122326
3576,31526
3577,439811
3578,268999
3579,12672
3580,66206
3581,652087
3582,75099
3583,336265
3584,416534
3585,298222
3586,61083
3587,97999
3588,440853
3589,91918
3590,25019
3591,939402
3592,28767
3593,702293
3594,636635
3595,107131
3596,102281
3597,31542
3598,388875
3599,68085
3600,278096
3601,148938
3602,76491
3603,114038
3604,973430
3605,29243
3606,34469
3607,250601
3608,60997
3609,23768
3610,116996
3611,105888
3612,18958
3613,552122
3614,433728
3615,681828
3616,110768
3617,233845
3618,13096
3619,81049
3620,320418
3621,254516
3622,56815
3623,147713
3624,73135
3625,135103
3626,69251
3627,77630
3628,139571
3629,12961
3630,12240
3631,115483
3632,46880
3633,281259
3634,91874
3635,62573
3636,315676
3637,58449
3638,118311
3639,416838
3640,122581
3641,109073
3642,578376
3643,238020
3644,31805
3645,414121
3646,17103
3647,837055
3648,396444
3649,106319
3650,676552
3651,107855
3652,119531
3653,110366
3654,357472
3655,345490
3656,69830
3657,108398
3658,431254
3659,210214
3660,27064
3661,134778
3662,203514
3663,110464
3664,855731
3665,49181
3666,20510
3667,341092
3668,53142
3669,89870
3670,149874
3671,127468
3672,144073
3673,110383
3674,906527
3675,114346
3676,114815
3677,42044
3678,141275
3679,501224
3680,39748
3681,820482
3682,45429
3683,940008
3684,25435
3685,123325
3686,37251
3687,77580
3688,143803
3689,142208
3690,59293
3691,54847
3692,131946
3693,85349
3694,273460
3695,72741
3696,355799
3697,94273
3698,794999
3699,378203
3700,141457
3701,416804
3702,45861
3703,134453
3704,72418
3705,932941
3706,222706
3707,113822
3708,127125
3709,211686
3710,98085
3711,51941
3712,24746
3713,57529
3714,371411
3715,937609
3716,143333
3717,125665
3718,377042
3719,96115
3720,108836
3721,307581
3722,68334
3723,96452
3724,60153
3725,119740
3726,312105
3727,136197
3728,88831
3729,105470
3730,147608
3731,116701
3732,373440
3733,892955
3734,784527
3735,51899
3736,53087
3737,77843
3738,97795
3739,31175
3740,96320
3741,20342
3742,58752
3743,111151
3744,123132
3745,103094
3746,144982
3747,71306
3748,54694
3749,77384
3750,804865
3751,123364
3752,301657
3753,73637
3754,625461
3755,59349
3756,95760
3757,49099
3758,66138
3759,98255
3760,443629
3761,284313
3762,349360
3763,146229
3764,20536
3765,31105
3766,130747
3767,100208
3768,49446
3769,48587
3770,96734
3771,79923
3772,117806
3773,121144
3774,120400
3775,303904
3776,35773
3777,124265
3778,516419
3779,14399
3780,13659
3781,827127
3782,63160
3783,91190
3784,27662
3785,343380
3786,844126
3787,129100
3788,397049
3789,50034
3790,106059
3791,341540
3792,74558
3793,93080
3794,86823
3795,108966
3796,14423
3797,920821
3798,260702
3799,90044
3800,22139
3801,223709
3802,25063
3803,95013
3804,114184
3805,595712
3806,65432
3807,272975
3808,424392
3809,545344
3810,114734
3811,95459
3812,146406
3813,33901
3814,405208
3815,136402
3816,87584
3817,64286
3818,86238
3819,27386
3820,72381
3821,73982
3822,382775
3823,121857
3824,19522
3825,316326
3826,502384
3827,38963
3828,43250
3829,90563
3830,49113
3831,345906
3832,108457
3833,112579
3834,45546
3835,62205
3836,14627
3837,84680
3838,100913
3839,123992
3840,107272
3841,103233
3842,32366
3843,66284
3844,70526
3845,91768
3846,57509
3847,10136
3848,49575
3849,55223
3850,135926
3851,101387
3852,126586
3853,96590
3854,29179
3855,60343
3856,88818
3857,113359
3858,316886
3859,63115
3860,62583
3861,106217
3862,271433
3863,124513
3864,101717
3865,373903
3866,97559
3867,87443
3868,314739
3869,31051
3870,671203
3871,118719
3872,105961
3873,295153
3874,120926
3875,106206
3876,279292
3877,439105
3878,256596
3879,27228
3880,22228
3881,705802
3882,62862
3883,33152
3884,33316
3885,87087
3886,144412
3887,200131
3888,110495
3889,114941
3890,17609
3891,343805
3892,304399
3893,137633
3894,94119
3895,407431
3896,50632
3897,148187
3898,318679
3899,86228
3900,73503
3901,608748
3902,131005
3903,21935
3904,97317
3905,757893
3906,139669
3907,91456
3908,318901
3909,820045
3910,141477
3911,55590
3912,39225
3913,218382
3914,70167
3915,305325
3916,137942
3917,117661
3918,149022
3919,146818
3920,347375
3921,584747
3922,119068
3923,61909
3924,136789
3925,32950
3926,131860
3927,62116
3928,18692
3929,944443
3930,12970
3931,32998
3932,57512
3933,85057
3934,77400
3935,335066
3936,36550
3937,788133
3938,133060
3939,404544
3940,441351
3941,18218
3942,691027
3943,263535
3944,98707
3945,135697
3946,807164
3947,995698
3948,218229
3949,52831
3950,523028
3951,126137
3952,122210
3953,119570
3954,126661
3955,58915
3956,258358
3957,54990
3958,55934
3959,589210
3960,123537
3961,385663
3962,112544
3963,70499
3964,95487
3965,278705
3966,96565
3967,354103
3968,47865
3969,217947
3970,271674
3971,83635
3972,57121
3973,78387
3974,36359
3975,139385
3976,62652
3977,69335
3978,132967
3979,209836
3980,73626
3981,322902
3982,41977
3983,32762
3984,125500
3985,47687
3986,131483
3987,133555
3988,139864
3989,10619
3990,538359
3991,113863
3992,211298
3993,382683
3994,94747
3995,59162
3996,40080
3997,143102
3998,29469
3999,44249
4000,43831
4001,51761
4002,63898
4003,203428
4004,428163
4005,409874
4006,10100
4007,80390
4008,116251
4009,139122
4010,127434
4011,24409
4012,440780
4013,112954
4014,42112
4015,69972
4016,46419
4017,148063
4018,268346
4019,137549
4020,432217
4021,289526
4022,61740
4023,23770
4024,611162
4025,102071
4026,72629
4027,844559
4028,126767
4029,123503
4030,97994
4031,93056
4032,44763
4033,26681
4034,50667
4035,86992
4036,20061
4037,718466
4038,115469
4039,22555
4040,107280
4041,34753
4042,18967
4043,418812
4044,132989
4045,52985
4046,93952
4047,108958
4048,26418
4049,114804
4050,315689
4051,111709
4052,132267
4053,126634
4054,945831
4055,94963
4056,515241
4057,382830
4058,32101
4059,879882
4060,33215
4061,11792
4062,368394
4063,412293
4064,78093
4065,386611
4066,49469
4067,30226
4068,83990
4069,122324
4070,438122
4071,79792
4072,145478
4073,47090
4074,59674
4075,148040
4076,29116
4077,229499
4078,14564
4079,78208
4080,23755
4081,805454
4082,31165
4083,115313
4084,62322
4085,145390
4086,210233
4087,112343
4088,103739
4089,286067
4090,202335
4091,38566
4092,38667
4093,39003
4094,30207
4095,149886
4096,77744
4097,83105
4098,21413
4099,56146
4100,353512
4101,70868
4102,144125
4103,15334
4104,328430
4105,57527
4106,206394
4107,395677
4108,95512
4109,80367
4110,361362
4111,72878
4112,419405
4113,100725
4114,99324
4115,55478
4116,52092
4117,582962
4118,39335
4119,124823
4120,28547
4121,129689
4122,140006
4123,117994
4124,83310
4125,60063
4126,76564
4127,95567
4128,691107
4129,374890
4130,29059
4131,435370
4132,88193
4133,796142
4134,47058
4135,51119
4136,851411
4137,67370
4138,36014
4139,227998
4140,65101
4141,149918
4142,46478
4143,44170
4144,63744
4145,113147
4146,22314
4147,76540
4148,18938
4149,77904
4150,19110
4151,945375
4152,78102
4153,292205
4154,118935
4155,24125
4156,87652
4157,83170
4158,142630
4159,807731
4160,254332
4161,41395
4162,135797
4163,136165
4164,885834
4165,218230
4166,395823
4167,427063
4168,96774
4169,27211
4170,12974
4171,24111
4172,20817
4173,28521
4174,106137
4175,269109
4176,21309
4177,57169
4178,906093
4179,109420
4180,135074
4181,67467
4182,126459
4183,67051
4184,238547
4185,82787
4186,359280
4187,80373
4188,131896
4189,99169
4190,145442
4191,22023
4192,38145
4193,328899
4194,25217
4195,149456
4196,231063
4197,449031
4198,27069
4199,60903
4200,672834
4201,86302
4202,20506
4203,141271
4204,517785
4205,36859
4206,10036
4207,77885
4208,44791
4209,268172
4210,86959
4211,121009
4212,26938
4213,99649
4214,90097
4215,532367
4216,248806
4217,45243
4218,21626
4219,113458
4220,733278
4221,50923
4222,59197
4223,12967
4224,10314
4225,44704
4226,20494
4227,365297
4228,42097
4229,91746
4230,131422
4231,116648
4232,43425
4233,971188
4234,84080
4235,363479
4236,108665
4237,12322
4238,125716
4239,561790
4240,47098
4241,81930
4242,874293
4243,83537
4244,74578
4245,932966
4246,75427
4247,89453
4248,92193
4249,799378
4250,76170
4251,122785
4252,15639
4253,82692
4254,94626
4255,27678
4256,13948
4257,28424
4258,143755
4259,116414
4260,111251
4261,435538
4262,131232
4263,94875
4264,40252
4265,88802
4266,321359
4267,136707
4268,131081
4269,118384
4270,96936
4271,86076
4272,421777
4273,143949
4274,128602
4275,83949
4276,51011
4277,87420
4278,224852
4279,67823
4280,80925
4281,75456
4282,41259
4283,109819
4284,637148
4285,89506
4286,601287
4287,93069
4288,108803
4289,107255
4290,15450
4291,61317
4292,86630
4293,920918
4294,80763
4295,91644
4296,14845
4297,304276
4298,44590
4299,115257
4300,138947
4301,113971
4302,143050
4303,146253
4304,765979
4305,38876
4306,87744
4307,13283
4308,141613
4309,111228
4310,382989
4311,104035
4312,352784
4313,68526
4314,23184
4315,47458
4316,558371
4317,106538
4318,132320
4319,420818
4320,116754
4321,531863
4322,13742
4323,772763
4324,42050
4325,80041
4326,448943
4327,671303
4328,90136
4329,18357
4330,93954
4331,71829
4332,35864
4333,222945
4334,118383
4335,52169
4336,88137
4337,59866
4338,29004
4339,96041
4340,438358
4341,112839
4342,92814
4343,884251
4344,54772
4345,311216
4346,75473
4347,129411
4348,18775
4349,138484
4350,939566
4351,80944
4352,81170
4353,386331
4354,53867
4355,28833
4356,32739
4357,60742
4358,101055
4359,49173
4360,25393
4361,61873
4362,22961
4363,36552
4364,31695
4365,102990
4366,862869
4367,927965
4368,336718
4369,117949
4370,842594
4371,19563
4372,297889
4373,18991
4374,237222
4375,266074
4376,223690
4377,116184
4378,815218
4379,39570
4380,70951
4381,128934
4382,51242
4383,122784
4384,229082
4385,703613
4386,266994
4387,762412
4388,134718
4389,133491
4390,241914
4391,54303
4392,95598
4393,283988
4394,54820
4395,144427
4396,121933
4397,115944
4398,696779
4399,36286
4400,91686
4401,131410
4402,68193
4403,547895
4404,225545
4405,22349
4406,66037
4407,359230
4408,380615
4409,89300
4410,17669
4411,256050
4412,103448
4413,69749
4414,50824
4415,112764
4416,136582
4417,102350
4418,82210
4419,71980
4420,64169
4421,52428
4422,137677
4423,370474
4424,10815
4425,126219
4426,38409
4427,44700
4428,127079
4429,136225
4430,94351
4431,412510
4432,85374
4433,135164
4434,141005
4435,28730
4436,200847
4437,931711
4438,237140
4439,18756
4440,93282
4441,129668
4442,105181
4443,373661
4444,91538
4445,110435
4446,68619
4447,99579
4448,96153
4449,127105
4450,254772
4451,112309
4452,56818
4453,71688
4454,37310
4455,107219
4456,75576
4457,698097
4458,634487
4459,130241
4460,12020
4461,100676
4462,107312
4463,35250
4464,674280
4465,110132
4466,765902
4467,27636
4468,61085
4469,137222
4470,642325
4471,37563
4472,148704
4473,33670
4474,596470
4475,27852
4476,104565
4477,374140
4478,133581
4479,16402
4480,375161
4481,118714
4482,679306
4483,28072
4484,67303
4485,74765
4486,88019
4487,85949
4488,108244
4489,206885
4490,433771
4491,106915
4492,65402
4493,57849
4494,123779
4495,21451
4496,274661
4497,92613
4498,312313
4499,52584
4500,22497
4501,148071
4502,19604
4503,978224
4504,59959
4505,697928
4506,53488
4507,81574
4508,298782
4509,206998
4510,126192
4511,70265
4512,799468
4513,94683
4514,203691
4515,214129
4516,88551
4517,103896
4518,16820
4519,19239
4520,40397
4521,142872
4522,120323
4523,330284
4524,99003
4525,137380
4526,34767
4527,401041
4528,52317
4529,143661
4530,243449
4531,442400
4532,448308
4533,941240
4534,302734
4535,51975
4536,92497
4537,86123
4538,18423
4539,23853
4540,306087
4541,128330
4542,356865
4543,11429
4544,12635
4545,81959
4546,100843
4547,64873
4548,51156
4549,49427
4550,81485
4551,85250
4552,353925
4553,299616
4554,131210
4555,118360
4556,47107
4557,99359
4558,292655
4559,862637
4560,35657
4561,38459
4562,109778
4563,48376
4564,222213
4565,36572
4566,238470
4567,11243
4568,278642
4569,83460
4570,18488
4571,36566
4572,144643
4573,84588
4574,30211
4575,82764
4576,40763
4577,86306
4578,296109
4579,45775
4580,142753
4581,252140
4582,129911
4583,72092
4584,131772
4585,703683
4586,141440
4587,54221
4588,145888
4589,143713
4590,354854
4591,28504
4592,143972
4593,75697
4594,132641
4595,200372
4596,131079
4597,543729
4598,59365
4599,317514
4600,33958
4601,140961
4602,122592
4603,137394
4604,10398
4605,326874
4606,14622
4607,149118
4608,51044
4609,61680
4610,50371
4611,120595
4612,445334
4613,127912
4614,59492
4615,47198
4616,94582
4617,91579
4618,120805
4619,42147
4620,419236
4621,39574
4622,20185
4623,10337
4624,25586
4625,66943
4626,88094
4627,58807
4628,89489
4629,27212
4630,339123
4631,727787
4632,222588
4633,127379
4634,141250
4635,149204
4636,96999
4637,149968
4638,11440
4639,773914
4640,72158
4641,19606
4642,363063
4643,141835
4644,262315
4645,126509
4646,136502
4647,46703
4648,62801
4649,943957
4650,80391
4651,798618
4652,125823
4653,74658
4654,21931
4655,396315
4656,422104
4657,146019
4658,204376
4659,376706
4660,77671
4661,149055
4662,545183
4663,136662
4664,90909
4665,86064
4666,85964
4667,89422
4668,625321
4669,126865
4670,29434
4671,32435
4672,48028
4673,138549
4674,48303
4675,43901
4676,271936
4677,934081
4678,281186
4679,44817
4680,440516
4681,69385
4682,111959
4683,49340
4684,103111
4685,44638
4686,324455
4687,35619
4688,89158
4689,250672
4690,240257
4691,72026
4692,40473
4693,55646
4694,57006
4695,108714
4696,149305
4697,297039
4698,68599
4699,139410
4700,145012
4701,39908
4702,25155
4703,73380
4704,17192
4705,33289
4706,113192
4707,92478
4708,348379
4709,730569
4710,98528
4711,294998
4712,97969
4713,39636
4714,445213
4715,852401
4716,82091
4717,62521
4718,138684
4719,140498
4720,113039
4721,10473
4722,125096
4723,105359
4724,146974
4725,74543
4726,11700
4727,318460
4728,127555
4729,760306
4730,60750
4731,53837
4732,389600
4733,323727
4734,82310
4735,317952
4736,12186
4737,124306
4738,107414
4739,13901
4740,136778
4741,381190
4742,54842
4743,140334
4744,305711
4745,145925
4746,137700
4747,98950
4748,216029
4749,108021
4750,10950
4751,346163
4752,92818
4753,139147
4754,16093
4755,541544
4756,414023
4757,42350
4758,74150
4759,57444
4760,13903
4761,105091
4762,73127
4763,110059
4764,126441
4765,146585
4766,31140
4767,317563
4768,358768
4769,302032
4770,31356
4771,333106
4772,78087
4773,239125
4774,360593
4775,20904
4776,73148
4777,136525
4778,348448
4779,981730
4780,921833
4781,136934
4782,387083
4783,50505
4784,250614
4785,140988
4786,289588
4787,357575
4788,24767
4789,114100
4790,428276
4791,110835
4792,34491
4793,987334
4794,280218
4795,97487
4796,933877
4797,104155
4798,47793
4799,106339
4800,950025
4801,399591
4802,113736
4803,893422
4804,300773
4805,304738
4806,135075
4807,105171
4808,32175
4809,76494
4810,121813
4811,77935
4812,81356
4813,644694
4814,113998
4815,90203
4816,121899
4817,41716
4818,19968
4819,66673
4820,713315
4821,240405
4822,399412
4823,227806
4824,419170
4825,835502
4826,73188
4827,408879
4828,278901
4829,24496
4830,133697
4831,28780
4832,94239
4833,142006
4834,503477
4835,145306
4836,123265
4837,230258
4838,845254
4839,18342
4840,352856
4841,37055
4842,49494
4843,105684
4844,27445
4845,84850
4846,77479
4847,26979
4848,17569
4849,145559
4850,334874
4851,61877
4852,44471
4853,77940
4854,149388
4855,130354
4856,148700
4857,441730
4858,72213
4859,40170
4860,103985
4861,19628
4862,14936
4863,683425
4864,95862
4865,104836
4866,106569
4867,329785
4868,256161
4869,93899
4870,263614
4871,119954
4872,119074
4873,696302
4874,18846
4875,81208
4876,71377
4877,80236
4878,98392
4879,88541
4880,60622
4881,552216
4882,73656
4883,238651
4884,149836
4885,666438
4886,233760
4887,142894
4888,429417
4889,888494
4890,52895
4891,78923
4892,879563
4893,307976
4894,21632
4895,48631
4896,585702
4897,324681
4898,200845
4899,142510
4900,124645
4901,107870
4902,106713
4903,73238
4904,123967
4905,11887
4906,108839
4907,32456
4908,33781
4909,10549
4910,53636
4911,43635
4912,26878
4913,28260
4914,27294
4915,914233
4916,67138
4917,380539
4918,131707
4919,890324
4920,133546
4921,81807
4922,864705
4923,516541
4924,203171
4925,136194
4926,147308
4927,130882
4928,32010
4929,58466
4930,138470
4931,91926
4932,106670
4933,87824
4934,635588
4935,730376
4936,56732
4937,296034
4938,94112
4939,417188
4940,643924
4941,92627
4942,63204
4943,11431
4944,203735
4945,418695
4946,387332
4947,106495
4948,117547
4949,129228
4950,239659
4951,143408
4952,40179
4953,932386
4954,62123
4955,97632
4956,878179
4957,123642
4958,88270
4959,206257
4960,62885
4961,63590
4962,71544
4963,64336
4964,30884
4965,62717
4966,378636
4967,122514
4968,108284
4969,500901
4970,44355
4971,104534
4972,50951
4973,55636
4974,109561
4975,10890
4976,51320
4977,49239
4978,109844
4979,15738
4980,256176
4981,940884
4982,337763
4983,16244
4984,98786
4985,91520
4986,235521
4987,46568
4988,78099
4989,136660
4990,122983
4991,665617
4992,128599
4993,394116
4994,135261
4995,852870
4996,449224
4997,610252
4998,75581
4999,127847
5000,53376
5001,53957
5002,83681
5003,39996
5004,79521
5005,90453
5006,77014
5007,70142
5008,18302
5009,35946
5010,129729
5011,146619
5012,17872
5013,110278
5014,74942
5015,65312
5016,330895
5017,45846
5018,318770
5019,137770
5020,31330
5021,25493
5022,238290
5023,123217
5024,216955
5025,320338
5026,252033
5027,19417
5028,123278
5029,119343
5030,148633
5031,22290
5032,129971
5033,324919
5034,149998
5035,323570
5036,276647
5037,119037
5038,309092
5039,55859
5040,767257
5041,24717
5042,115821
5043,31755
5044,143763
5045,119664
5046,316214
5047,942896
5048,40560
5049,549392
5050,354563
5051,54624
5052,71330
5053,56159
5054,114552
5055,380352
5056,53661
5057,12664
5058,36024
5059,144672
5060,40250
5061,241620
5062,13971
5063,446788
5064,816494
5065,45091
5066,34386
5067,105077
5068,80579
5069,43803
5070,37914
5071,62636
5072,289523
5073,11810
5074,12397
5075,347964
5076,53457
5077,404199
5078,87482
5079,111002
5080,49672
5081,863305
5082,137458
5083,881983
5084,521582
5085,39817
5086,384815
5087,59282
5088,136303
5089,46370
5090,121469
5091,96836
5092,35753
5093,105427
5094,136506
5095,107889
5096,121832
5097,87375
5098,120479
5099,131686
5100,83799
5101,426791
5102,83575
5103,364924
5104,130237
5105,230337
5106,86127
5107,307334
5108,742902
5109,99262
5110,721017
5111,39585
5112,121396
5113,970131
5114,18887
5115,130395
5116,441040
5117,971967
5118,89117
5119,119620
5120,79117
5121,250956
5122,73102
5123,398815
5124,51472
5125,352190
5126,120643
5127,132988
5128,103459
5129,75349
5130,224688
5131,420671
5132,875520
5133,30091
5134,93509
5135,73579
5136,57351
5137,365883
5138,406153
5139,111514
5140,24585
5141,140871
5142,127213
5143,337631
5144,356275
5145,326590
5146,72123
5147,55758
5148,118609
5149,12734
5150,41287
5151,104915
5152,59671
5153,881282
5154,50009
5155,86123
5156,14880
5157,148473
5158,998818
5159,73830
5160,148061
5161,137468
5162,31276
5163,209236
5164,117820
5165,83111
5166,274770
5167,10898
5168,287934
5169,837229
5170,39929
5171,42311
5172,663610
5173,211746
5174,110955
5175,94165
5176,110208
5177,141413
5178,59429
5179,887221
5180,137705
5181,14416
5182,339802
5183,18803
5184,100773
5185,85580
5186,72103
5187,11052
5188,18616
5189,66544
5190,45117
5191,68826
5192,254077
5193,719540
5194,20353
5195,140147
5196,105028
5197,350102
5198,80913
5199,54333
5200,447516
5201,886089
5202,39671
5203,34322
5204,234243
5205,385866
5206,98536
5207,104321
5208,61434
5209,49101
5210,53430
5211,77696
5212,142747
5213,72688
5214,336045
5215,226836
5216,109850
5217,95857
5218,59498
5219,37258
5220,324752
5221,115810
5222,146150
5223,93834
5224,124237
5225,206715
5226,58628
5227,254985
5228,59363
5229,375467
5230,60352
5231,138695
5232,240088
5233,969527
5234,114655
5235,15335
5236,808555
5237,10770
5238,142695
5239,277038
5240,329104
5241,133205
5242,283010
5243,593569
5244,133284
5245,65063
5246,88195
5247,136813
5248,286289
5249,54136
5250,506757
5251,390227
5252,39706
5253,525003
5254,781882
5255,71536
5256,82865
5257,128774
5258,23091
5259,302493
5260,864903
5261,374574
5262,86754
5263,102962
5264,131447
5265,275755
5266,314518
5267,286568
5268,42785
5269,123064
5270,32858
5271,17738
5272,12428
5273,35692
5274,253686
5275,129237
5276,704678
5277,307942
5278,367981
5279,46235
5280,20976
5281,12037
5282,47933
5283,120672
5284,22537
5285,34590
5286,371404
5287,120818
5288,97326
5289,214923
5290,59534
5291,356468
5292,22942
5293,397640
5294,92902
5295,79659
5296,79338
5297,138637
5298,145991
5299,309993
5300,229714
5301,135823
5302,243784
5303,46110
5304,139354
5305,80634
5306,124121
5307,74169
5308,40641
5309,58520
5310,139469
5311,73608
5312,733371
5313,135617
5314,24599
5315,90912
5316,281072
5317,106162
5318,85615
5319,371672
5320,264935
5321,91146
5322,61918
5323,299781
5324,286896
5325,50591
5326,230665
5327,44227
5328,22291
5329,86904
5330,36143
5331,630798
5332,58606
5333,91705
5334,88605
5335,408069
5336,117877
5337,123572
5338,282983
5339,119796
5340,264804
5341,430544
5342,95333
5343,16847
5344,61073
5345,114750
5346,136574
5347,302220
5348,107385
5349,91791
5350,237906
5351,26900
5352,105683
5353,131934
5354,131756
5355,723900
5356,654313
5357,65911
5358,32914
5359,64403
5360,98280
5361,72524
5362,87889
5363,567717
5364,41057
5365,80544
5366,130858
5367,524509
5368,413302
5369,80896
5370,346719
5371,35722
5372,206856
5373,111543
5374,87259
5375,362235
5376,39306
5377,383046
5378,115617
5379,285380
5380,128994
5381,23415
5382,362032
5383,126844
5384,87325
5385,111052
5386,57477
5387,74094
5388,444132
5389,149258
5390,67818
5391,129591
5392,56456
5393,28677
5394,61292
5395,86849
5396,87469
5397,68727
5398,416443
5399,54054
5400,327762
5401,39221
5402,276531
5403,292391
5404,128817
5405,421564
5406,64878
5407,106876
5408,275091
5409,587564
5410,378469
5411,148300
5412,91519
5413,74214
5414,335600
5415,23398
5416,39044
5417,206680
5418,656483
5419,130981
5420,124948
5421,702971
5422,83296
5423,396854
5424,136531
5425,35796
5426,12561
5427,140745
5428,970695
5429,447440
5430,419910
5431,438200
5432,67046
5433,333500
5434,66199
5435,37198
5436,32073
5437,133211
5438,416476
5439,41904
5440,21561
5441,58364
5442,23595
5443,51281
5444,26418
5445,107976
5446,203326
5447,739552
5448,143683
5449,89530
5450,101172
5451,98498
5452,18684
5453,37794
5454,63854
5455,57212
5456,128142
5457,10946
5458,53419
5459,72694
5460,17839
5461,87676
5462,13112
5463,446315
5464,123595
5465,132699
5466,45194
5467,715652
5468,119154
5469,53103
5470,22122
5471,375053
5472,69707
5473,258818
5474,115822
5475,55618
5476,64689
5477,68483
5478,36184
5479,100829
5480,58539
5481,399296
5482,124999
5483,15414
5484,143086
5485,143639
5486,66467
5487,71173
5488,378990
5489,811411
5490,110482
5491,115711
5492,138637
5493,138346
5494,79844
5495,137888
5496,132993
5497,36571
5498,445681
5499,339084
5500,39675
5501,104927
5502,406325
5503,111825
5504,137351
5505,57826
5506,60450
5507,15819
5508,56244
5509,88880
5510,68569
5511,29445
5512,74755
5513,96192
5514,35169
5515,73493
5516,17066
5517,213504
5518,119955
5519,792682
5520,715835
5521,724964
5522,104630
5523,904101
5524,35821
5525,26918
5526,133777
5527,79956
5528,140561
5529,117635
5530,115212
5531,332124
5532,136702
5533,593754
5534,120993
5535,133720
5536,549011
5537,72682
5538,370104
5539,21425
5540,29283
5541,41049
5542,342962
5543,28907
5544,36679
5545,31925
5546,45353
5547,26869
5548,82681
5549,73851
5550,404207
5551,97918
5552,84421
5553,21534
5554,130386
5555,357277
5556,69005
5557,43162
5558,66407
5559,337038
5560,873296
5561,14246
5562,206107
5563,90028
5564,335923
5565,325745
5566,138889
5567,77373
5568,406785
5569,301074
5570,131357
5571,336391
5572,342278
5573,64989
5574,275798
5575,45772
5576,81250
5577,341475
5578,12395
5579,434693
5580,64489
5581,77245
5582,572519
5583,85366
5584,75307
5585,20159
5586,316588
5587,222589
5588,696979
5589,235085
5590,39668
5591,371614
5592,125374
5593,51234
5594,130403
5595,977762
5596,56000
5597,335554
5598,99927
5599,59053
5600,741682
5601,137497
5602,112558
5603,118399
5604,40326
5605,118186
5606,57654
5607,56548
5608,117366
5609,119676
5610,245868
5611,622044
5612,924762
5613,92317
5614,18405
5615,37881
5616,419657
5617,109704
5618,79271
5619,107499
5620,57959
5621,51121
5622,370197
5623,30542
5624,105260
5625,89278
5626,36590
5627,118808
5628,264292
5629,45735
5630,34460
5631,97007
5632,49922
5633,51471
5634,208488
5635,565568
5636,120557
5637,84990
5638,117100
5639,596671
5640,441537
5641,55391
5642,76540
5643,92604
5644,83717
5645,581600
5646,118605
5647,35716
5648,133621
5649,123882
5650,14027
5651,61087
5652,47214
5653,83882
5654,104269
5655,336729
5656,27348
5657,54277
5658,24023
5659,113897
5660,702586
5661,301416
5662,121877
5663,326498
5664,89007
5665,52199
5666,115290
5667,119662
5668,65477
5669,25990
5670,51080
5671,71865
5672,15883
5673,215004
5674,427801
5675,84097
5676,882771
5677,51204
5678,109570
5679,85170
5680,58798
5681,322618
5682,82396
5683,39096
5684,38192
5685,125153
5686,126043
5687,104080
5688,85210
5689,46732
5690,25727
5691,142365
5692,39079
5693,59255
5694,29965
5695,20884
5696,16620
5697,130294
5698,293465
5699,77610
5700,125366
5701,147392
5702,339538
5703,619810
5704,236190
5705,200042
5706,543051
5707,65271
5708,137654
5709,87705
5710,392968
5711,87958
5712,244861
5713,141658
5714,17732
5715,53797
5716,326815
5717,22460
5718,128070
5719,627633
5720,32186
5721,31117
5722,75088
5723,101472
5724,385151
5725,125939
5726,314828
5727,527086
5728,29075
5729,132687
5730,34283
5731,287122
5732,125036
5733,70385
5734,64456
5735,543470
5736,138907
5737,218268
5738,73331
5739,21368
5740,92879
5741,892884
5742,98313
5743,90591
5744,798149
5745,612358
5746,366576
5747,83427
5748,235781
5749,437515
5750,115100
5751,116341
5752,60770
5753,85251
5754,65228
5755,21785
5756,10223
5757,381569
5758,137622
5759,90861
5760,36679
5761,507142
5762,323353
5763,100432
5764,63218
5765,290230
5766,23197
5767,94622
5768,398454
5769,137033
5770,350270
5771,125628
5772,149339
5773,132473
5774,11398
5775,113748
5776,68445
5777,17060
5778,91558
5779,41564
5780,143210
5781,83050
5782,38574
5783,579284
5784,141976
5785,89681
5786,68377
5787,36558
5788,247910
5789,132708
5790,129183
5791,998195
5792,123106
5793,75925
5794,13632
5795,89803
5796,11933
5797,17117
5798,113915
5799,278536
5800,44494
5801,353310
5802,771669
5803,148660
5804,577325
5805,85545
5806,144614
5807,121652
5808,57637
5809,87198
5810,331629
5811,26503
5812,141463
5813,37266
5814,115994
5815,110513
5816,64720
5817,391159
5818,95252
5819,71104
5820,149455
5821,126029
5822,550565
5823,100494
5824,24772
5825,116595
5826,223550
5827,13570
5828,15867
5829,973432
5830,71907
5831,305187
5832,24117
5833,88901
5834,148805
5835,127822
5836,41946
5837,25129
5838,30847
5839,933722
5840,255555
5841,217394
5842,148916
5843,10626
5844,88080
5845,303821
5846,236249
5847,394181
5848,35191
5849,121472
5850,134429
5851,92169
5852,131246
5853,358551
5854,43000
5855,98476
5856,10215
5857,749853
5858,140690
5859,67177
5860,417400
5861,71757
5862,97599
5863,93003
5864,122095
5865,34544
5866,99634
5867,56593
5868,119236
5869,51960
5870,27959
5871,42555
5872,60727
5873,968087
5874,83729
5875,342471
5876,148073
5877,733317
5878,89245
5879,83983
5880,211123
5881,47914
5882,51718
5883,77307
5884,51923
5885,97655
5886,130818
5887,95038
5888,79462
5889,35158
5890,443139
5891,64223
5892,47703
5893,826678
5894,55918
5895,114207
5896,845912
5897,372656
5898,72750
5899,133951
5900,18790
5901,10980
5902,98153
5903,26094
5904,119525
5905,45421
5906,11481
5907,32665
5908,67552
5909,262577
5910,144773
5911,400623
5912,46695
5913,327795
5914,641230
5915,124261
5916,230631
5917,38190
5918,136753
5919,339523
5920,143409
5921,439114
5922,557393
5923,105834
5924,830976
5925,39700
5926,75665
5927,124150
5928,275964
5929,979094
5930,429726
5931,33740
5932,274133
5933,20718
5934,409555
5935,314657
5936,81102
5937,104321
5938,141640
5939,343175
5940,53109
5941,216823
5942,52387
5943,128337
5944,140853
5945,57211
5946,986829
5947,140328
5948,117922
5949,94228
5950,133353
5951,345440
5952,63194
5953,69845
5954,12731
5955,130039
5956,65750
5957,518081
5958,28892
5959,87539
5960,815627
5961,40022
5962,63487
5963,134060
5964,143321
5965,22655
5966,368877
5967,109461
5968,128983
5969,35899
5970,109192
5971,124818
5972,380690
5973,65899
5974,130532
5975,24207
5976,47736
5977,128613
5978,75788
5979,91743
5980,342700
5981,107248
5982,35949
5983,103769
5984,109576
5985,67951
5986,295807
5987,21144
5988,519880
5989,26163
5990,130279
5991,274163
5992,68051
5993,932425
5994,48484
5995,336827
5996,208045
5997,30610
5998,220179
5999,94213
6000,106000
6001,134302
6002,421450
6003,140045
6004,87452
6005,106593
6006,79964
6007,149359
6008,930470
6009,599561
6010,26475
6011,384017
6012,205137
6013,115748
6014,62030
6015,78374
6016,22303
6017,113882
6018,40918
6019,139111
6020,99672
6021,50971
6022,136504
6023,115110
6024,69091
6025,632548
6026,69274
6027,46145
6028,675438
6029,100107
6030,272983
6031,139993
6032,113664
6033,119048
6034,80245
6035,109664
6036,126179
6037,27669
6038,143129
6039,109701
6040,145949
6041,297924
6042,120985
6043,56474
6044,20016
6045,623646
6046,716474
6047,32388
6048,29494
6049,13365
6050,30573
6051,28927
6052,13904
6053,522116
6054,770072
6055,118457
6056,112234
6057,80336
6058,55288
6059,79711
6060,908436
6061,17752
6062,27832
6063,667403
6064,131544
6065,332884
6066,55675
6067,87192
6068,998627
6069,709715
6070,224167
6071,147033
6072,123595
6073,16423
6074,35415
6075,21304
6076,67351
6077,94533
6078,21624
6079,16172
6080,47009
6081,309950
6082,364264
6083,307115
6084,21767
6085,46650
6086,56435
6087,32329
6088,201433
6089,34740
6090,69132
6091,950542
6092,109920
6093,110611
6094,47331
6095,545871
6096,56636
6097,48810
6098,237682
6099,35237
6100,37363
6101,92140
6102,45125
6103,411454
6104,125355
6105,36039
6106,18721
6107,259395
6108,113099
6109,202308
6110,518836
6111,82693
6112,137827
6113,82488
6114,67236
6115,45453
6116,13804
6117,14653
6118,67878
6119,705125
6120,396577
6121,35484
6122,65959
6123,15422
6124,147376
6125,95582
6126,84483
6127,133191
6128,22744
6129,64144
6130,19719
6131,74875
6132,85752
6133,383036
6134,310115
6135,317040
6136,144759
6137,12937
6138,346603
6139,63875
6140,212582
6141,35230
6142,51426
6143,390884
6144,131420
6145,138292
6146,325842
6147,91655
6148,106974
6149,69379
6150,118384
6151,331796
6152,116697
6153,78258
6154,72845
6155,37974
6156,324233
6157,233519
6158,33745
6159,89866
6160,19853
6161,45208
6162,116485
6163,244678
6164,302162
6165,125923
6166,106097
6167,134129
6168,146364
6169,862829
6170,88346
6171,39860
6172,432015
6173,30570
6174,68978
6175,85083
6176,761164
6177,38730
6178,883220
6179,374002
6180,124023
6181,46239
6182,85257
6183,120174
6184,17978
6185,138666
6186,339576
6187,34128
6188,289241
6189,134865
6190,28297
6191,503096
6192,73500
6193,19047
6194,117498
6195,399646
6196,377946
6197,79456
6198,49935
6199,123271
6200,105124
6201,255496
6202,380810
6203,52491
6204,122799
6205,208586
6206,125235
6207,144293
6208,33528
6209,100493
6210,14162
6211,438509
6212,276542
6213,136263
6214,260816
6215,83345
6216,754812
6217,141595
6218,398138
6219,13454
6220,239413
6221,76511
6222,59414
6223,119610
6224,144157
6225,94337
6226,890630
6227,47941
6228,246121
6229,397235
6230,545101
6231,64828
6232,45769
6233,144442
6234,14968
6235,136977
6236,46409
6237,128086
6238,15282
6239,51662
6240,47828
6241,146583
6242,67694
6243,92058
6244,85949
6245,15464
6246,232086
6247,427820
6248,438726
6249,70596
6250,90323
6251,134145
6252,48724
6253,620312
6254,210424
6255,14302
6256,26594
6257,10755
6258,429690
6259,122126
6260,102734
6261,985483
6262,120939
6263,204998
6264,328891
6265,108080
6266,143374
6267,111835
6268,50582
6269,42561
6270,11363
6271,870765
6272,115218
6273,35698
6274,94116
6275,75606
6276,99646
6277,314693
6278,67176
6279,113956
6280,80715
6281,77254
6282,440670
6283,382832
6284,31556
6285,223359
6286,143155
6287,37325
6288,341557
6289,88363
6290,11022
6291,98382
6292,60958
6293,274974
6294,38318
6295,545334
6296,595554
6297,51111
6298,109461
6299,108266
6300,93585
6301,51794
6302,62253
6303,246835
6304,48257
6305,51604
6306,28600
6307,136922
6308,385021
6309,126671
6310,88240
6311,39757
6312,915578
6313,30566
6314,435049
6315,31738
6316,90324
6317,266896
6318,103173
6319,909278
6320,656066
6321,76974
6322,130980
6323,406165
6324,242979
6325,123109
6326,332641
6327,120909
6328,39800
6329,315629
6330,94710
6331,395595
6332,131507
6333,60108
6334,383275
6335,12611
6336,82253
6337,32508
6338,104649
6339,68122
6340,50168
6341,80028
6342,93471
6343,374718
6344,72145
6345,46313
6346,106367
6347,32510
6348,142294
6349,25056
6350,133293
6351,660578
6352,13815
6353,841180
6354,90930
6355,522037
6356,137984
6357,21609
6358,103775
6359,134105
6360,448018
6361,91695
6362,48457
6363,110332
6364,17633
6365,111977
6366,142471
6367,421929
6368,74625
6369,40434
6370,53466
6371,750354
6372,53676
6373,621506
6374,60307
6375,86015
6376,987659
6377,36439
6378,935807
6379,141128
6380,345739
6381,128925
6382,105886
6383,119551
6384,55369
6385,91482
6386,120697
6387,283634
6388,100351
6389,16971
6390,76571
6391,744927
6392,375445
6393,733849
6394,147278
6395,126166
6396,101821
6397,81390
6398,300684
6399,324163
6400,368374
6401,50597
6402,123339
6403,71902
6404,856829
6405,20239
6406,397653
6407,407875
6408,74374
6409,357899
6410,959149
6411,819706
6412,447663
6413,66334
6414,127667
6415,111169
6416,209441
6417,130156
6418,146869
6419,426046
6420,139920
6421,115229
6422,16620
6423,413648
6424,339514
6425,570942
6426,134353
6427,122727
6428,149871
6429,61237
6430,53026
6431,63018
6432,91029
6433,681362
6434,430363
6435,20105
6436,769438
6437,11505
6438,40420
6439,588773
6440,353860
6441,64655
6442,52228
6443,34476
6444,29567
6445,232385
6446,19070
6447,133661
6448,81051
6449,44135
6450,112177
6451,136778
6452,25916
6453,232755
6454,11440
6455,574967
6456,225312
6457,98214
6458,58852
6459,316538
6460,330191
6461,276203
6462,440104
6463,105124
6464,114868
6465,60711
6466,101026
6467,88187
6468,46998
6469,131262
6470,98575
6471,80263
6472,27521
6473,238946
6474,124952
6475,147049
6476,388020
6477,814777
6478,53626
6479,11293
6480,130075
6481,52631
6482,14868
6483,40355
6484,356109
6485,402816
6486,399084
6487,621732
6488,319308
6489,112862
6490,35303
6491,87953
6492,16749
6493,74504
6494,15522
6495,141339
6496,35452
6497,141431
6498,85180
6499,35904
6500,538750
6501,12936
6502,444358
6503,403545
6504,138528
6505,50225
6506,941813
6507,121901
6508,91296
6509,82480
6510,17333
6511,98125
6512,49075
6513,255108
6514,339431
6515,41230
6516,258462
6517,132869
6518,139528
6519,77522
6520,110613
6521,124491
6522,142972
6523,761769
6524,21287
6525,132550
6526,420032
6527,131635
6528,790773
6529,44673
6530,141814
6531,28666
6532,239613
6533,252360
6534,68906
6535,149205
6536,73093
6537,93274
6538,396235
6539,76693
6540,106774
6541,39012
6542,88035
6543,127384
6544,655185
6545,89421
6546,139221
6547,93655
6548,58778
6549,102209
6550,50020
6551,76411
6552,13672
6553,791099
6554,45229
6555,274043
6556,217603
6557,49030
6558,116075
6559,235427
6560,99767
6561,112242
6562,55230
6563,631827
6564,144474
6565,51950
6566,99839
6567,90304
6568,148342
6569,26738
6570,995349
6571,111463
6572,385802
6573,106667
6574,34792
6575,219356
6576,26659
6577,224395
6578,149334
6579,21596
6580,50426
6581,753626
6582,68483
6583,131750
6584,16985
6585,129416
6586,148937
6587,19695
6588,376104
6589,131934
6590,33532
6591,241091
6592,55249
6593,947784
6594,83064
6595,424071
6596,78860
6597,20467
6598,555199
6599,82238
6600,421401
6601,428908
6602,68494
6603,137989
6604,47955
6605,54831
6606,355829
6607,138185
6608,119581
6609,83065
6610,240144
6611,48111
6612,89919
6613,91506
6614,397991
6615,29797
6616,33822
6617,289632
6618,103811
6619,21659
6620,35922
6621,24393
6622,25310
6623,130816
6624,29729
6625,24147
6626,210088
6627,92990
6628,93524
6629,12008
6630,61700
6631,149915
6632,417309
6633,126354
6634,110195
6635,129177
6636,145210
6637,347729
6638,625274
6639,126402
6640,89907
6641,50614
6642,95118
6643,64725
6644,36224
6645,357278
6646,22967
6647,291878
6648,119102
6649,755956
6650,827881
6651,66836
6652,81694
6653,728797
6654,60785
6655,74899
6656,71567
6657,667141
6658,55402
6659,141214
6660,259033
6661,218879
6662,657198
6663,37565
6664,279421
6665,50502
6666,86637
6667,340043
6668,143790
6669,138788
6670,284287
6671,996939
6672,41508
6673,62177
6674,95464
6675,20800
6676,944314
6677,116672
6678,79720
6679,11621
6680,88766
6681,36887
6682,76489
6683,109889
6684,116805
6685,42493
6686,393511
6687,636654
6688,104986
6689,149156
6690,16192
6691,658753
6692,885178
6693,76397
6694,76721
6695,18120
6696,335811
6697,217515
6698,131956
6699,19004
6700,22301
6701,70022
6702,683312
6703,16104
6704,43811
6705,15870
6706,122882
6707,32916
6708,75016
6709,44166
6710,144656
6711,376080
6712,394924
6713,83500
6714,222153
6715,20041
6716,293653
6717,54503
6718,84869
6719,74643
6720,377603
6721,103978
6722,294136
6723,853232
6724,259724
6725,75334
6726,52386
6727,22586
6728,20234
6729,22737
6730,40959
6731,241849
6732,39365
6733,862148
6734,53241
6735,132403
6736,31170
6737,363296
6738,77248
6739,74245
6740,13444
6741,47735
6742,79235
6743,512355
6744,336414
6745,832603
6746,34468
6747,858759
6748,306259
6749,991275
6750,74892
6751,410495
6752,19067
6753,965525
6754,271208
6755,72057
6756,360601
6757,28225
6758,71208
6759,234678
6760,965310
6761,36411
6762,148501
6763,42858
6764,72982
6765,105229
6766,136198
6767,67944
6768,400443
6769,713054
6770,411308
6771,83921
6772,270213
6773,114229
6774,72233
6775,49383
6776,25734
6777,90743
6778,67319
6779,127588
6780,137941
6781,101140
6782,50190
6783,363012
6784,613913
6785,23034
6786,900551
6787,12041
6788,255937
6789,30275
6790,10382
6791,33902
6792,138316
6793,949969
6794,108860
6795,146410
6796,749681
6797,40516
6798,432669
6799,301442
6800,359618
6801,41633
6802,55171
6803,318607
6804,125868
6805,217051
6806,119112
6807,51086
6808,30975
6809,124035
6810,114715
6811,60598
6812,16158
6813,106133
6814,139051
6815,57050
6816,431055
6817,11878
6818,52983
6819,127020
6820,114905
6821,90428
6822,133482
6823,17514
6824,134638
6825,44047
6826,55111
6827,40598
6828,135046
6829,222065
6830,81851
6831,247524
6832,446398
6833,286191
6834,125441
6835,380240
6836,69292
6837,138027
6838,61397
6839,243148
6840,13802
6841,52796
6842,108893
6843,859628
6844,80384
6845,243190
6846,115667
6847,662767
6848,65742
6849,416358
6850,124127
6851,14557
6852,120636
6853,100741
6854,149830
6855,57313
6856,17157
6857,79935
6858,78502
6859,108682
6860,50788
6861,101301
6862,62780
6863,77902
6864,55865
6865,49575
6866,14835
6867,895526
6868,48150
6869,203197
6870,46052
6871,24475
6872,23179
6873,28293
6874,360634
6875,100525
6876,114038
6877,107096
6878,962554
6879,124876
6880,107261
6881,138979
6882,45052
6883,40998
6884,10514
6885,85762
6886,93873
6887,15303
6888,40741
6889,149173
6890,127828
6891,130036
6892,116425
6893,102733
6894,29965
6895,33505
6896,92666
6897,84080
6898,106438
6899,22605
6900,52726
6901,432410
6902,144857
6903,27517
6904,440568
6905,52638
6906,209348
6907,143539
6908,47115
6909,26178
6910,94728
6911,89949
6912,141747
6913,56624
6914,382689
6915,50838
6916,303492
6917,31901
6918,84563
6919,67817
6920,229626
6921,938619
6922,638600
6923,89536
6924,213391
6925,16245
6926,94632
6927,17927
6928,305715
6929,58184
6930,130102
6931,106099
6932,315009
6933,128961
6934,113774
6935,137801
6936,120054
6937,88169
6938,394069
6939,53377
6940,424202
6941,61644
6942,270482
6943,364547
6944,97869
6945,428489
6946,128888
6947,593220
6948,373501
6949,136810
6950,84724
6951,114885
6952,101619
6953,136821
6954,43457
6955,146929
6956,135189
6957,369667
6958,11727
6959,845402
6960,76837
6961,85543
6962,256818
6963,23031
6964,982323
6965,60011
6966,132333
6967,339679
6968,86222
6969,26819
6970,70216
6971,205783
6972,20612
6973,41974
6974,15313
6975,48551
6976,422396
6977,959882
6978,438618
6979,105717
6980,72498
6981,322770
6982,80432
6983,29612
6984,37827
6985,41445
6986,449044
6987,46207
6988,45679
6989,35168
6990,59292
6991,25825
6992,372992
6993,46443
6994,63096
6995,16797
6996,96378
6997,40386
6998,143001
6999,59435
7000,55033
7001,79500
7002,85136
7003,125254
7004,28249
7005,23298
7006,408237
7007,81353
7008,120294
7009,407466
7010,70553
7011,588892
7012,77874
7013,842783
7014,120389
7015,47555
7016,417283
7017,30598
7018,139566
7019,64986
7020,359896
7021,105176
7022,813706
7023,825089
7024,89920
7025,117177
7026,20336
7027,274567
7028,533325
7029,31849
7030,30557
7031,89243
7032,92445
7033,263331
7034,133467
7035,820948
7036,88491
7037,118762
7038,119878
7039,27222
7040,347588
7041,28004
7042,148282
7043,74478
7044,228772
7045,26110
7046,75297
7047,593197
7048,123470
7049,141226
7050,120918
7051,143878
7052,61103
7053,804316
7054,235210
7055,107238
7056,75257
7057,39412
7058,84204
7059,62612
7060,224026
7061,822197
7062,327627
7063,41951
7064,321324
7065,399460
7066,890503
7067,65199
7068,54810
7069,267690
7070,725540
7071,56687
7072,17499
7073,22113
7074,139376
7075,80370
7076,708301
7077,15500
7078,97235
7079,549330
7080,76713
7081,92686
7082,14478
7083,424760
7084,920807
7085,318790
7086,118508
7087,77934
7088,130226
7089,69577
7090,109008
7091,63778
7092,136272
7093,104726
7094,43274
7095,428139
7096,224827
7097,32275
7098,289964
7099,390071
7100,548218
7101,86046
7102,25383
7103,349114
7104,851709
7105,335404
7106,69731
7107,258667
7108,83287
7109,233249
7110,99032
7111,29863
7112,137505
7113,353789
7114,14376
7115,663142
7116,927429
7117,824398
7118,268527
7119,134504
7120,99600
7121,108226
7122,92073
7123,118763
7124,62656
7125,87423
7126,143937
7127,328786
7128,114987
7129,117750
7130,127066
7131,145208
7132,93054
7133,53639
7134,15806
7135,64037
7136,558349
7137,370140
7138,127944
7139,55998
7140,136817
7141,47428
7142,73640
7143,33352
7144,13904
7145,403283
7146,67288
7147,49173
7148,128520
7149,235144
7150,83460
7151,245765
7152,64953
7153,89417
7154,73114
7155,29539
7156,64211
7157,830450
7158,11241
7159,15135
7160,266961
7161,44521
7162,122113
7163,88931
7164,123531
7165,125663
7166,904672
7167,146634
7168,38323
7169,124797
7170,144693
7171,147025
7172,101145
7173,50748
7174,133518
7175,82712
7176,135307
7177,18675
7178,51812
7179,759628
7180,37457
7181,63825
7182,409364
7183,126662
7184,104046
7185,343017
7186,33612
7187,145920
7188,530856
7189,627880
7190,864852
7191,60912
7192,269226
7193,243242
7194,79847
7195,253969
7196,55938
7197,100991
7198,85810
7199,40994
7200,77547
7201,36276
7202,52107
7203,370861
7204,114292
7205,123642
7206,928550
7207,125071
7208,11820
7209,23385
7210,97845
7211,52467
7212,80239
7213,204646
7214,41929
7215,269640
7216,50187
7217,19438
7218,318201
7219,74933
7220,216294
7221,260645
7222,112224
7223,16945
7224,76521
7225,419738
7226,227822
7227,318315
7228,91605
7229,71767
7230,39638
7231,57551
7232,687019
7233,108554
7234,63148
7235,13622
7236,59446
7237,146786
7238,112652
7239,877269
7240,798707
7241,50004
7242,65956
7243,33955
7244,130620
7245,103305
7246,849336
7247,109453
7248,345755
7249,148287
7250,43994
7251,50199
7252,133701
7253,143990
7254,588964
7255,23495
7256,138264
7257,41230
7258,14983
7259,88138
7260,31555
7261,867076
7262,138905
7263,372937
7264,75752
7265,116783
7266,10977
7267,73776
7268,24330
7269,264008
7270,88697
7271,409037
7272,930055
7273,69230
7274,988436
7275,111251
7276,577629
7277,379572
7278,329756
7279,413628
7280,110900
7281,98462
7282,120048
7283,61302
7284,24627
7285,142566
7286,219647
7287,112958
7288,272582
7289,62292
7290,241896
7291,30284
7292,210509
7293,110842
7294,244420
7295,88894
7296,124673
7297,203232
7298,88339
7299,19726
7300,60588
7301,40848
7302,293464
7303,38828
7304,272580
7305,79797
7306,60302
7307,66439
7308,662450
7309,25705
7310,326944
7311,115312
7312,144247
7313,722045
7314,26650
7315,103169
7316,107770
7317,115418
7318,87976
7319,39241
7320,38845
7321,347329
7322,35532
7323,29796
7324,143136
7325,14153
7326,35348
7327,142577
7328,39463
7329,29548
7330,265942
7331,65085
7332,83148
7333,281366
7334,74164
7335,66617
7336,433984
7337,742319
7338,75414
7339,48980
7340,101899
7341,26156
7342,53920
7343,85815
7344,140948
7345,121381
7346,262038
7347,145440
7348,274943
7349,106698
7350,569173
7351,87141
7352,735491
7353,10233
7354,124198
7355,317558
7356,89669
7357,81691
7358,24028
7359,660715
7360,312859
7361,100353
7362,76769
7363,581668
7364,49605
7365,106877
7366,100503
7367,31683
7368,105863
7369,26318
7370,305547
7371,125077
7372,18514
7373,24789
7374,107582
7375,43378
7376,142718
7377,117178
7378,312992
7379,101846
7380,322170
7381,98362
7382,14154
7383,61716
7384,62271
7385,65319
7386,30317
7387,128988
7388,129044
7389,204598
7390,59905
7391,70878
7392,825291
7393,98396
7394,145593
7395,24864
7396,139595
7397,134155
7398,92818
7399,236129
7400,336419
7401,104296
7402,125938
7403,373317
7404,59754
7405,59313
7406,123470
7407,82535
7408,43076
7409,139162
7410,780715
7411,79586
7412,20032
7413,119541
7414,66124
7415,356541
7416,144845
7417,994461
7418,131989
7419,90666
7420,51390
7421,35446
7422,136623
7423,221259
7424,324629
7425,91042
7426,38206
7427,111022
7428,94167
7429,108634
7430,17070
7431,401418
7432,432525
7433,390017
7434,17386
7435,82746
7436,86299
7437,121643
7438,740429
7439,79486
7440,46725
7441,24807
7442,260405
7443,68696
7444,60842
7445,75918
7446,103253
7447,68688
7448,56681
7449,40533
7450,93919
7451,651621
7452,42784
7453,249711
7454,328315
7455,136133
7456,86890
7457,232542
7458,95870
7459,215740
7460,95161
7461,437124
7462,33096
7463,23598
7464,140622
7465,221779
7466,327197
7467,369352
7468,24463
7469,409426
7470,78593
7471,81477
7472,996140
7473,38846
7474,268234
7475,51431
7476,75344
7477,961079
7478,391220
7479,116890
7480,136204
7481,82082
7482,26799
7483,125500
7484,24622
7485,95559
7486,211947
7487,27344
7488,325310
7489,131814
7490,135676
7491,82619
7492,104582
7493,39708
7494,385687
7495,49951
7496,807158
7497,263359
7498,967573
7499,20273
7500,45570
7501,24675
7502,129840
7503,136173
7504,34844
7505,142639
7506,408076
7507,111635
7508,87891
7509,16004
7510,72092
7511,62124
7512,372513
7513,544923
7514,106683
7515,129885
7516,112997
7517,22059
7518,874969
7519,64428
7520,77061
7521,25003
7522,271281
7523,348375
7524,260665
7525,102470
7526,85448
7527,111608
7528,49212
7529,763392
7530,369560
7531,962931
7532,45326
7533,44624
7534,26084
7535,121028
7536,98993
7537,103551
7538,118423
7539,403779
7540,32063
7541,600759
7542,85073
7543,71387
7544,95238
7545,109853
7546,54355
7547,124000
7548,98072
7549,37810
7550,82780
7551,80753
7552,53961
7553,101677
7554,406195
7555,372385
7556,113793
7557,123513
7558,85201
7559,100147
7560,116930
7561,97523
7562,146250
7563,86438
7564,103195
7565,109622
7566,94192
7567,132671
7568,84537
7569,24326
7570,137841
7571,144026
7572,70041
7573,202438
7574,44505
7575,68188
7576,383866
7577,79460
7578,14715
7579,93919
7580,43457
7581,39677
7582,37612
7583,43547
7584,125653
7585,95783
7586,103156
7587,134292
7588,132792
7589,54020
7590,42332
7591,138350
7592,109056
7593,79731
7594,41528
7595,229749
7596,101777
7597,83248
7598,112249
7599,36270
7600,102704
7601,32464
7602,52346
7603,96229
7604,71986
7605,225943
7606,714040
7607,121922
7608,798418
7609,104054
7610,36143
7611,62778
7612,45584
7613,929643
7614,127949
7615,23265
7616,24656
7617,30715
7618,57135
7619,112097
7620,137382
7621,868872
7622,952441
7623,129570
7624,410844
7625,25094
7626,272638
7627,77965
7628,264603
7629,19540
7630,48935
7631,423063
7632,112151
7633,109596
7634,759016
7635,226218
7636,316799
7637,139569
7638,131334
7639,137247
7640,73057
7641,62759
7642,109884
7643,60146
7644,133080
7645,27458
7646,12533
7647,22973
7648,120611
7649,269075
7650,207619
7651,998105
7652,141017
7653,285873
7654,138221
7655,444846
7656,48426
7657,252660
7658,389531
7659,139155
7660,103389
7661,132370
7662,102903
7663,18987
7664,98343
7665,60853
7666,141354
7667,292513
7668,261688
7669,80529
7670,88507
7671,103458
7672,341353
7673,70552
7674,69413
7675,790712
7676,26141
7677,13455
7678,19767
7679,87715
7680,59648
7681,100086
7682,133489
7683,79079
7684,33565
7685,936009
7686,987182
7687,123611
7688,389106
7689,569044
7690,615239
7691,431302
7692,327964
7693,64813
7694,257402
7695,75539
7696,383791
7697,44249
7698,13576
7699,117868
7700,49741
7701,43005
7702,10434
7703,63864
7704,80574
7705,231481
7706,49818
7707,107102
7708,521119
7709,64490
7710,703862
7711,133891
7712,63767
7713,52896
7714,625693
7715,407365
7716,254793
7717,55150
7718,306423
7719,100390
7720,989234
7721,90948
7722,94726
7723,148257
7724,235485
7725,887619
7726,83376
7727,57663
7728,241231
7729,120054
7730,95079
7731,130340
7732,230021
7733,103518
7734,74663
7735,85159
7736,66422
7737,148790
7738,107173
7739,112375
7740,549503
7741,821532
7742,120316
7743,58633
7744,130212
7745,82022
7746,10603
7747,598951
7748,689991
7749,383560
7750,84373
7751,56857
7752,411189
7753,59947
7754,59845
7755,63754
7756,136918
7757,103148
7758,345365
7759,33874
7760,20973
7761,325291
7762,32261
7763,583187
7764,808678
7765,48891
7766,46675
7767,86802
7768,45592
7769,92800
7770,392697
7771,425490
7772,682662
7773,793521
7774,796758
7775,129181
7776,70840
7777,745333
7778,121143
7779,32205
7780,425834
7781,145501
7782,114957
7783,19866
7784,115782
7785,40602
7786,124002
7787,143063
7788,309055
7789,145609
7790,38508
7791,77479
7792,143009
7793,117480
7794,21417
7795,146761
7796,43492
7797,627231
7798,19270
7799,90389
7800,593292
7801,51781
7802,98197
7803,61166
7804,127999
7805,35094
7806,26188
7807,112252
7808,111509
7809,39829
7810,57815
7811,68653
7812,49769
7813,78126
7814,204587
7815,33097
7816,134414
7817,804367
7818,312497
7819,416457
7820,431011
7821,359956
7822,43810
7823,95953
7824,926113
7825,352296
7826,446619
7827,26119
7828,56499
7829,49268
7830,578335
7831,49025
7832,114575
7833,20573
7834,103313
7835,12099
7836,868211
7837,54282
7838,917557
7839,331114
7840,91436
7841,37418
7842,379607
7843,353769
7844,770261
7845,29261
7846,14805
7847,126430
7848,77250
7849,73526
7850,576546
7851,70622
7852,66969
7853,74789
7854,132652
7855,80315
7856,113053
7857,76618
7858,443800
7859,111458
7860,66929
7861,656432
7862,110216
7863,96708
7864,245380
7865,46117
7866,127019
7867,46183
7868,867664
7869,96051
7870,108491
7871,116503
7872,62588
7873,47888
7874,356648
7875,23041
7876,323945
7877,140614
7878,85013
7879,145319
7880,553465
7881,142018
7882,328709
7883,930129
7884,16555
7885,126451
7886,424946
7887,730374
7888,109833
7889,13641
7890,430178
7891,524849
7892,304664
7893,682146
7894,25101
7895,356597
7896,110372
7897,56826
7898,140941
7899,399932
7900,51234
7901,595863
7902,69413
7903,112902
7904,269725
7905,61487
7906,105235
7907,106688
7908,214731
7909,407820
7910,91664
7911,964883
7912,145213
7913,53363
7914,25249
7915,15933
7916,67685
7917,333199
7918,449410
7919,440630
7920,57060
7921,953675
7922,114829
7923,40265
7924,17103
7925,49824
7926,32394
7927,246213
7928,127838
7929,111962
7930,133935
7931,68787
7932,957969
7933,311824
7934,112839
7935,51015
7936,336403
7937,648763
7938,371759
7939,82444
7940,80881
7941,82615
7942,127730
7943,55706
7944,31952
7945,95765
7946,118192
7947,57887
7948,116175
7949,762332
7950,14002
7951,68960
7952,420214
7953,85329
7954,110691
7955,506670
7956,149066
7957,85777
7958,72081
7959,124171
7960,92221
7961,91011
7962,11469
7963,389636
7964,70149
7965,922319
7966,105956
7967,805691
7968,121050
7969,84394
7970,140098
7971,113234
7972,881352
7973,36622
7974,130061
7975,120365
7976,144877
7977,329168
7978,134444
7979,61942
7980,655269
7981,110858
7982,52938
7983,146072
7984,97756
7985,134349
7986,853576
7987,104468
7988,41632
7989,200525
7990,87715
7991,73863
7992,123328
7993,83054
7994,280358
7995,223724
7996,48520
7997,106855
7998,139361
7999,147119
8000,270934
8001,147655
8002,722585
8003,58883
8004,105585
8005,56311
8006,287062
8007,115647
8008,28760
8009,537393
8010,103217
8011,117990
8012,86047
8013,117587
8014,420609
8015,45448
8016,29441
8017,46521
8018,77792
8019,829849
8020,51795
8021,378768
8022,65786
8023,44015
8024,75744
8025,318127
8026,121340
8027,28086
8028,119575
8029,139215
8030,146430
8031,91178
8032,602540
8033,397683
8034,53420
8035,145496
8036,56480
8037,79585
8038,76538
8039,45507
8040,32838
8041,754402
8042,68769
8043,149545
8044,731187
8045,408490
8046,911945
8047,246873
8048,86753
8049,20286
8050,149988
8051,308567
8052,353158
8053,106637
8054,316245
8055,272892
8056,428928
8057,702523
8058,828701
8059,390961
8060,73614
8061,133123
8062,329817
8063,47842
8064,143310
8065,23493
8066,138522
8067,94828
8068,47559
8069,23709
8070,232385
8071,105725
8072,90183
8073,148717
8074,413901
8075,23115
8076,134134
8077,63180
8078,324513
8079,116798
8080,126752
8081,99464
8082,102778
8083,45385
8084,108373
8085,370245
8086,26141
8087,76986
8088,32951
8089,28848
8090,102750
8091,133866
8092,44383
8093,22771
8094,105230
8095,682265
8096,67184
8097,126054
8098,46717
8099,73667
8100,125209
8101,244084
8102,39650
8103,93279
8104,37079
8105,69427
8106,58741
8107,741377
8108,111986
8109,142771
8110,129288
8111,123964
8112,24551
8113,142627
8114,96993
8115,141438
8116,82403
8117,145102
8118,130474
8119,611099
8120,35156
8121,23805
8122,62623
8123,29951
8124,128452
8125,18121
8126,275001
8127,303415
8128,41741
8129,321158
8130,254329
8131,103200
8132,690996
8133,247569
8134,137933
8135,75724
8136,311422
8137,41657
8138,611758
8139,113584
8140,268809
8141,141886
8142,107217
8143,122536
8144,132695
8145,72478
8146,16481
8147,103359
8148,108008
8149,231464
8150,100087
8151,266147
8152,32241
8153,29276
8154,73661
8155,112715
8156,144582
8157,515282
8158,41264
8159,446856
8160,25507
8161,137163
8162,124765
8163,565690
8164,103460
8165,121171
8166,449933
8167,80563
8168,355299
8169,24860
8170,520132
8171,62860
8172,75902
8173,301286
8174,988136
8175,94594
8176,680480
8177,125227
8178,67483
8179,114021
8180,132062
8181,126762
8182,26787
8183,726019
8184,123288
8185,269306
8186,140104
8187,591010
8188,93109
8189,120871
8190,90934
8191,73757
8192,548213
8193,20470
8194,337389
8195,47367
8196,12654
8197,96755
8198,22217
8199,695096
8200,32961
8201,412544
8202,935351
8203,813083
8204,598140
8205,902422
8206,536344
8207,48889
8208,113600
8209,396357
8210,885720
8211,296668
8212,427759
8213,814087
8214,434946
8215,82343
8216,98397
8217,327112
8218,77798
8219,26766
8220,55313
8221,71419
8222,17952
8223,884173
8224,408225
8225,417531
8226,352855
8227,120769
8228,104361
8229,18101
8230,140052
8231,23443
8232,143259
8233,225087
8234,91496
8235,607542
8236,338007
8237,123744
8238,18938
8239,130215
8240,72976
8241,128019
8242,17185
8243,327905
8244,42910
8245,848267
8246,207129
8247,414483
8248,38071
8249,89761
8250,113581
8251,534420
8252,795703
8253,32715
8254,598828
8255,43503
8256,130955
8257,132186
8258,40230
8259,754100
8260,212562
8261,15535
8262,107072
8263,823632
8264,344334
8265,568285
8266,26522
8267,31572
8268,29343
8269,21859
8270,12283
8271,28783
8272,74680
8273,222101
8274,279814
8275,81017
8276,21466
8277,102120
8278,131552
8279,55244
8280,72588
8281,381946
8282,84646
8283,41101
8284,146859
8285,14198
8286,366474
8287,55499
8288,954617
8289,28880
8290,130519
8291,544052
8292,13678
8293,124371
8294,261621
8295,137202
8296,814625
8297,102084
8298,119118
8299,328631
8300,57070
8301,522506
8302,47002
8303,69602
8304,89035
8305,147010
8306,20089
8307,12786
8308,120747
8309,58083
8310,119057
8311,447393
8312,141372
8313,88262
8314,249861
8315,41471
8316,77865
8317,391652
8318,767510
8319,301741
8320,30360
8321,144895
8322,95732
8323,128811
8324,41204
8325,114285
8326,716398
8327,61075
8328,146329
8329,781508
8330,80845
8331,39479
8332,92634
8333,103054
8334,106729
8335,685161
8336,100041
8337,558121
8338,757805
8339,112762
8340,21890
8341,90781
8342,38006
8343,142304
8344,32371
8345,865335
8346,129451
8347,438836
8348,404703
8349,333836
8350,89526
8351,90206
8352,78267
8353,851036
8354,64087
8355,85085
8356,49816
8357,531052
8358,678322
8359,136318
8360,15005
8361,383267
8362,32064
8363,119267
8364,844067
8365,622080
8366,11316
8367,108231
8368,144757
8369,207643
8370,128447
8371,31480
8372,59010
8373,144014
8374,145960
8375,19729
8376,398996
8377,395535
8378,834840
8379,52988
8380,834998
8381,859613
8382,749374
8383,299459
8384,131862
8385,327804
8386,42133
8387,25070
8388,32383
8389,104130
8390,102883
8391,92582
8392,21188
8393,123584
8394,897536
8395,33499
8396,521413
8397,37211
8398,16213
8399,207852
8400,72670
8401,979531
8402,332771
8403,63572
8404,138574
8405,99386
8406,95916
8407,124275
8408,11692
8409,136867
8410,33221
8411,442297
8412,448561
8413,108324
8414,53809
8415,381361
8416,332346
8417,31056
8418,94124
8419,327606
8420,63813
8421,962899
8422,124932
8423,315131
8424,746087
8425,147926
8426,980935
8427,325720
8428,146302
8429,124497
8430,11837
8431,98276
8432,145075
8433,814231
8434,347805
8435,137135
8436,58774
8437,227992
8438,353016
8439,149034
8440,112907
8441,382555
8442,77469
8443,39142
8444,51221
8445,101133
8446,84148
8447,72894
8448,270510
8449,389754
8450,363197
8451,732484
8452,60430
8453,66022
8454,66063
8455,50918
8456,215205
8457,117432
8458,145123
8459,133700
8460,148210
8461,22604
8462,903396
8463,39465
8464,94443
8465,15052
8466,133340
8467,63103
8468,376622
8469,148217
8470,107279
8471,86114
8472,967427
8473,224379
8474,102728
8475,100844
8476,136230
8477,51303
8478,320610
8479,51142
8480,123307
8481,99267
8482,81716
8483,44350
8484,99347
8485,105486
8486,60137
8487,64547
8488,628910
8489,118787
8490,239274
8491,31983
8492,18308
8493,71680
8494,267920
8495,108609
8496,438941
8497,42352
8498,61835
8499,64629
8500,924104
8501,118265
8502,26248
8503,56008
8504,952872
8505,128789
8506,141215
8507,17836
8508,45890
8509,109290
8510,94096
8511,93489
8512,141150
8513,514615
8514,781127
8515,315178
8516,249715
8517,30737
8518,54263
8519,61063
8520,82804
8521,82965
8522,40249
8523,108095
8524,138194
8525,84831
8526,78666
8527,212088
8528,66124
8529,23392
8530,69553
8531,46456
8532,374862
8533,102381
8534,141102
8535,136975
8536,773754
8537,94271
8538,501796
8539,228747
8540,36568
8541,23191
8542,106701
8543,22219
8544,138205
8545,136079
8546,111208
8547,409101
8548,383445
8549,114505
8550,411037
8551,429677
8552,84266
8553,243928
8554,69909
8555,38497
8556,278296
8557,17492
8558,215875
8559,144804
8560,63660
8561,27687
8562,22677
8563,404091
8564,768863
8565,51799
8566,52652
8567,54406
8568,100539
8569,85079
8570,653231
8571,39921
8572,251252
8573,88129
8574,40401
8575,836083
8576,108656
8577,380817
8578,383192
8579,149348
8580,139745
8581,118876
8582,113626
8583,355704
8584,79938
8585,61360
8586,145418
8587,72649
8588,55003
8589,76812
8590,64597
8591,112734
8592,373858
8593,607602
8594,61661
8595,586366
8596,48282
8597,91809
8598,113404
8599,414661
8600,239483
8601,33915
8602,280071
8603,41277
8604,389594
8605,135616
8606,91776
8607,39764
8608,262595
8609,45727
8610,70206
8611,43487
8612,112911
8613,838144
8614,656111
8615,107967
8616,72492
8617,143327
8618,35015
8619,22383
8620,94538
8621,131017
8622,142897
8623,149131
8624,116227
8625,70366
8626,80596
8627,756769
8628,112357
8629,71123
8630,66924
8631,132181
8632,77909
8633,573506
8634,407527
8635,49199
8636,85687
8637,689067
8638,68310
8639,53059
8640,117693
8641,55029
8642,14743
8643,56153
8644,103913
8645,120861
8646,364825
8647,902463
8648,77185
8649,122366
8650,130118
8651,71277
8652,374695
8653,358561
8654,91491
8655,325857
8656,136690
8657,122176
8658,630683
8659,132284
8660,140291
8661,345101
8662,67217
8663,83373
8664,116750
8665,11353
8666,39794
8667,782697
8668,389545
8669,82528
8670,127770
8671,20448
8672,13986
8673,798291
8674,306398
8675,47760
8676,540992
8677,242588
8678,143388
8679,123067
8680,21237
8681,91504
8682,84685
8683,260767
8684,650510
8685,58662
8686,118057
8687,140563
8688,101987
8689,545858
8690,39149
8691,959531
8692,61595
8693,55902
8694,214468
8695,91483
8696,29098
8697,148353
8698,110581
8699,222180
8700,68017
8701,131335
8702,117579
8703,140377
8704,97838
8705,295988
8706,307474
8707,21878
8708,70748
8709,56941
8710,110458
8711,90127
8712,295004
8713,84305
8714,114602
8715,735141
8716,335716
8717,78348
8718,139610
8719,99827
8720,202739
8721,92522
8722,449170
8723,112211
8724,51885
8725,289827
8726,580661
8727,250384
8728,523015
8729,118927
8730,115184
8731,316888
8732,92722
8733,120205
8734,34194
8735,62643
8736,639364
8737,299718
8738,224049
8739,94604
8740,347596
8741,19672
8742,228357
8743,113597
8744,311337
8745,44241
8746,57050
8747,21774
8748,48559
8749,44160
8750,101888
8751,315656
8752,110306
8753,133637
8754,821996
8755,91286
8756,204023
8757,80629
8758,650841
8759,108665
8760,80677
8761,55020
8762,237857
8763,377296
8764,111997
8765,43255
8766,62478
8767,117777
8768,22553
8769,86848
8770,147174
8771,43936
8772,23292
8773,37190
8774,40270
8775,81281
8776,88031
8777,74075
8778,109884
8779,914821
8780,58982
8781,50366
8782,215577
8783,77296
8784,339649
8785,100231
8786,123945
8787,380110
8788,28643
8789,761971
8790,26561
8791,681027
8792,63459
8793,92552
8794,76586
8795,148859
8796,137278
8797,337941
8798,660985
8799,26416
8800,921669
8801,110148
8802,69253
8803,119155
8804,726068
8805,59633
8806,51872
8807,68431
8808,79064
8809,125225
8810,237509
8811,11903
8812,135819
8813,88567
8814,11417
8815,907559
8816,99437
8817,67356
8818,23709
8819,578107
8820,131227
8821,422535
8822,92385
8823,34277
8824,105603
8825,60788
8826,49033
8827,72442
8828,29069
8829,40962
8830,131789
8831,128679
8832,49189
8833,84808
8834,127233
8835,30188
8836,704374
8837,121504
8838,25928
8839,27127
8840,123100
8841,107149
8842,17738
8843,49969
8844,354242
8845,212624
8846,68117
8847,66104
8848,364096
8849,60441
8850,51534
8851,70585
8852,53777
8853,89631
8854,53213
8855,100940
8856,126446
8857,11719
8858,697653
8859,967796
8860,96323
8861,104578
8862,18950
8863,349174
8864,294490
8865,34967
8866,445705
8867,248210
8868,258767
8869,237575
8870,34058
8871,35646
8872,228578
8873,136713
8874,46205
8875,68653
8876,16092
8877,90265
8878,83186
8879,117678
8880,36519
8881,24671
8882,108145
8883,67995
8884,113046
8885,122014
8886,118621
8887,93070
8888,143221
8889,49433
8890,40801
8891,919603
8892,210380
8893,19042
8894,710007
8895,148200
8896,358895
8897,234288
8898,45148
8899,746232
8900,10859
8901,252862
8902,13631
8903,127842
8904,61226
8905,338520
8906,272682
8907,23007
8908,410570
8909,88000
8910,247474
8911,126172
8912,146688
8913,74362
8914,293358
8915,19180
8916,410957
8917,133193
8918,103619
8919,133322
8920,30440
8921,216951
8922,994844
8923,915721
8924,933953
8925,209727
8926,38866
8927,67475
8928,59244
8929,149907
8930,142409
8931,24169
8932,133620
8933,860825
8934,87144
8935,122516
8936,29179
8937,119538
8938,366196
8939,104208
8940,21687
8941,910561
8942,241507
8943,101218
8944,249248
8945,257735
8946,307272
8947,42684
8948,19877
8949,970624
8950,28029
8951,260697
8952,119261
8953,250549
8954,532100
8955,832046
8956,93944
8957,84407
8958,380934
8959,123158
8960,137052
8961,42669
8962,88967
8963,287438
8964,65150
8965,31033
8966,256413
8967,12796
8968,136612
8969,339219
8970,32074
8971,148925
8972,83488
8973,60024
8974,62436
8975,44115
8976,115555
8977,149281
8978,279320
8979,69893
8980,414652
8981,112914
8982,15867
8983,16381
8984,116868
8985,42512
8986,39089
8987,142638
8988,19611
8989,85428
8990,347113
8991,73396
8992,16621
8993,145646
8994,20871
8995,97153
8996,110199
8997,318854
8998,67847
8999,75512
9000,55984
9001,73107
9002,222816
9003,233396
9004,135047
9005,25673
9006,37155
9007,57206
9008,87530
9009,133161
9010,551288
9011,350728
9012,434871
9013,706043
9014,279832
9015,536387
9016,406860
9017,38337
9018,131838
9019,140392
9020,110316
9021,425520
9022,202976
9023,112070
9024,240020
9025,118930
9026,39998
9027,29458
9028,438720
9029,145166
9030,100033
9031,140566
9032,333652
9033,69518
9034,95914
9035,252374
9036,33094
9037,117334
9038,113488
9039,33251
9040,120352
9041,58556
9042,114452
9043,434678
9044,96108
9045,52493
9046,35060
9047,52867
9048,123539
9049,70989
9050,75570
9051,50162
9052,132560
9053,22418
9054,21573
9055,138167
9056,88500
9057,728344
9058,113425
9059,383720
9060,70055
9061,980017
9062,134898
9063,120309
9064,65203
9065,95404
9066,147269
9067,30219
9068,128750
9069,759883
9070,29993
9071,44806
9072,40171
9073,146055
9074,64139
9075,355512
9076,15436
9077,108378
9078,713420
9079,109011
9080,141466
9081,278611
9082,103358
9083,134189
9084,16917
9085,146255
9086,211896
9087,145153
9088,392780
9089,122772
9090,112812
9091,100083
9092,436937
9093,825681
9094,131191
9095,118921
9096,401614
9097,22006
9098,127046
9099,313894
9100,46887
9101,131444
9102,127072
9103,33595
9104,71822
9105,41623
9106,97138
9107,97906
9108,79604
9109,100458
9110,113313
9111,999021
9112,552326
9113,18712
9114,364971
9115,92395
9116,37408
9117,96638
9118,93021
9119,50352
9120,122220
9121,67608
9122,421018
9123,48741
9124,23230
9125,131177
9126,639416
9127,121778
9128,147005
9129,366039
9130,79247
9131,14793
9132,406277
9133,63916
9134,407760
9135,59885
9136,38190
9137,45984
9138,120801
9139,80092
9140,106682
9141,107270
9142,141304
9143,721445
9144,237544
9145,331136
9146,73315
9147,11761
9148,503124
9149,18180
9150,231514
9151,84320
9152,70470
9153,70061
9154,115241
9155,10945
9156,81016
9157,128129
9158,29311
9159,838690
9160,854104
9161,103770
9162,610894
9163,963516
9164,55150
9165,81195
9166,10029
9167,131863
9168,99595
9169,103990
9170,45500
9171,233834
9172,12089
9173,110155
9174,270977
9175,357328
9176,30789
9177,143043
9178,29680
9179,55706
9180,36352
9181,537979
9182,17820
9183,289675
9184,79007
9185,60562
9186,18868
9187,142561
9188,32406
9189,13303
9190,13016
9191,143990
9192,102944
9193,110972
9194,82178
9195,26404
9196,38195
9197,54122
9198,679677
9199,35008
9200,93159
9201,53997
9202,103998
9203,339718
9204,410675
9205,830816
9206,114474
9207,44915
9208,105798
9209,393265
9210,37241
9211,206167
9212,114451
9213,446922
9214,20475
9215,259265
9216,30621
9217,127737
9218,148379
9219,112604
9220,822063
9221,405038
9222,680909
9223,368704
9224,366663
9225,81726
9226,64275
9227,52798
9228,128308
9229,276339
9230,58715
9231,141469
9232,936382
9233,17240
9234,50823
9235,377833
9236,122597
9237,59758
9238,50502
9239,133346
9240,28925
9241,64915
9242,113371
9243,109415
9244,46723
9245,305851
9246,71579
9247,39729
9248,33974
9249,67775
9250,710526
9251,52622
9252,72899
9253,301858
9254,111603
9255,30214
9256,145966
9257,93079
9258,100287
9259,106984
9260,927789
9261,245913
9262,25496
9263,119438
9264,85538
9265,337876
9266,41646
9267,41806
9268,19676
9269,47538
9270,31413
9271,117688
9272,143448
9273,143622
9274,407906
9275,418854
9276,35045
9277,25075
9278,263405
9279,373339
9280,42968
9281,53811
9282,46581
9283,106063
9284,261256
9285,79935
9286,224090
9287,113213
9288,86586
9289,31365
9290,242548
9291,116227
9292,56916
9293,819992
9294,889268
9295,22525
9296,248216
9297,532246
9298,112654
9299,254137
9300,97796
9301,275474
9302,28726
9303,803560
9304,142416
9305,28840
9306,115128
9307,105788
9308,20988
9309,99759
9310,114416
9311,616239
9312,593296
9313,45296
9314,374092
9315,117656
9316,32663
9317,565948
9318,31571
9319,831864
9320,289995
9321,121580
9322,251002
9323,16413
9324,241784
9325,28333
9326,115026
9327,119137
9328,44673
9329,38820
9330,324864
9331,16501
9332,89765
9333,785395
9334,933121
9335,658807
9336,339333
9337,429308
9338,267726
9339,115318
9340,145195
9341,270416
9342,777206
9343,52977
9344,55952
9345,37373
9346,77467
9347,22778
9348,20165
9349,71959
9350,778935
9351,115619
9352,826561
9353,666977
9354,812768
9355,141427
9356,51673
9357,102550
9358,146246
9359,21846
9360,254157
9361,113089
9362,138801
9363,230502
9364,685689
9365,245532
9366,24578
9367,408574
9368,31004
9369,688934
9370,436405
9371,140044
9372,86752
9373,381428
9374,201713
9375,550125
9376,375605
9377,236163
9378,41250
9379,355073
9380,132289
9381,73481
9382,41711
9383,43781
9384,41956
9385,87328
9386,42752
9387,72521
9388,12314
9389,782011
9390,612617
9391,56769
9392,148799
9393,58093
9394,295122
9395,103495
9396,242622
9397,12477
9398,500796
9399,941409
9400,271379
9401,74972
9402,64555
9403,20923
9404,82571
9405,134531
9406,66194
9407,49624
9408,61905
9409,138584
9410,101914
9411,766622
9412,117174
9413,129211
9414,96782
9415,334751
9416,111793
9417,10531
9418,14149
9419,147701
9420,43409
9421,270972
9422,65357
9423,112943
9424,230972
9425,305757
9426,769039
9427,81271
9428,17131
9429,82102
9430,298627
9431,881077
9432,201473
9433,118758
9434,88342
9435,414909
9436,408493
9437,372575
9438,50354
9439,121256
9440,107395
9441,433642
9442,140233
9443,149808
9444,85003
9445,117815
9446,12821
9447,206534
9448,428118
9449,119751
9450,79371
9451,237655
9452,119927
9453,31899
9454,117162
9455,31695
9456,553691
9457,130373
9458,94381
9459,926442
9460,55248
9461,72798
9462,21438
9463,27615
9464,228765
9465,287939
9466,14889
9467,81518
9468,449973
9469,125872
9470,115133
9471,812217
9472,97043
9473,995283
9474,421541
9475,439364
9476,409595
9477,785095
9478,123837
9479,406616
9480,974823
9481,656827
9482,132943
9483,82302
9484,103095
9485,247572
9486,645466
9487,950096
9488,102113
9489,123315
9490,96578
9491,19727
9492,401411
9493,855523
9494,24868
9495,116840
9496,74393
9497,71642
9498,274914
9499,97818
9500,58879
9501,89053
9502,106254
9503,348158
9504,439200
9505,16332
9506,670400
9507,136634
9508,738108
9509,97017
9510,392345
9511,92624
9512,106255
9513,26848
9514,75690
9515,65838
9516,59773
9517,128765
9518,420660
9519,79977
9520,448903
9521,77075
9522,114223
9523,76292
9524,24802
9525,223667
9526,15108
9527,63270
9528,252943
9529,645549
9530,13267
9531,436056
9532,281040
9533,81287
9534,222938
9535,28478
9536,363336
9537,999890
9538,61317
9539,367411
9540,105446
9541,21771
9542,281400
9543,48519
9544,141593
9545,354792
9546,134110
9547,822979
9548,221131
9549,126025
9550,106278
9551,78008
9552,231400
9553,137314
9554,334167
9555,226320
9556,136186
9557,20127
9558,261938
9559,63559
9560,30615
9561,140361
9562,57936
9563,229494
9564,389527
9565,65322
9566,56822
9567,19634
9568,22556
9569,739564
9570,343251
9571,37845
9572,699253
9573,844512
9574,131210
9575,432039
9576,117360
9577,947133
9578,59745
9579,68452
9580,227729
9581,128507
9582,61924
9583,34373
9584,26747
9585,877469
9586,42019
9587,755983
9588,41066
9589,91051
9590,38436
9591,363393
9592,140188
9593,142590
9594,29791
9595,80982
9596,239012
9597,130928
9598,72252
9599,66605
9600,287807
9601,353283
9602,64341
9603,667945
9604,340555
9605,82832
9606,10352
9607,75269
9608,877817
9609,77208
9610,148565
9611,983032
9612,10869
9613,68005
9614,65423
9615,311600
9616,299277
9617,19250
9618,11853
9619,84047
9620,112173
9621,120962
9622,383730
9623,57398
9624,64782
9625,47293
9626,56776
9627,143460
9628,146676
9629,44266
9630,64737
9631,23413
9632,81641
9633,404461
9634,57554
9635,94421
9636,63502
9637,897691
9638,929099
9639,74077
9640,275578
9641,29945
9642,20332
9643,68555
9644,433933
9645,356064
9646,52907
9647,84344
9648,10900
9649,217475
9650,55254
9651,18517
9652,500752
9653,138221
9654,55633
9655,97446
9656,123714
9657,969363
9658,30321
9659,340857
9660,137599
9661,57272
9662,60786
9663,127313
9664,138032
9665,788376
9666,57061
9667,445660
9668,97124
9669,361821
9670,286577
9671,136520
9672,134996
9673,830085
9674,57986
9675,87847
9676,141581
9677,140015
9678,11103
9679,396073
9680,136869
9681,975805
9682,228310
9683,130839
9684,402214
9685,143993
9686,695349
9687,761067
9688,38571
9689,138397
9690,64715
9691,78609
9692,33789
9693,248258
9694,17189
9695,128163
9696,73528
9697,255513
9698,142769
9699,107785
9700,941351
9701,426270
9702,73372
9703,509628
9704,63797
9705,94818
9706,47011
9707,93723
9708,253826
9709,430409
9710,211980
9711,76046
9712,44510
9713,98999
9714,570273
9715,661537
9716,700158
9717,81618
9718,87924
9719,100448
9720,794984
9721,127492
9722,116482
9723,109822
9724,115994
9725,135123
9726,140394
9727,356798
9728,129810
9729,110223
9730,372614
9731,149534
9732,420140
9733,132572
9734,82328
9735,12034
9736,50057
9737,27840
9738,54814
9739,147279
9740,299079
9741,26812
9742,135766
9743,337373
9744,101016
9745,89416
9746,261630
9747,43751
9748,119514
9749,335693
9750,142343
9751,149599
9752,50048
9753,123200
9754,23756
9755,124878
9756,389110
9757,57060
9758,770991
9759,395432
9760,144423
9761,307888
9762,275329
9763,139812
9764,382911
9765,231043
9766,81742
9767,132662
9768,210386
9769,112112
9770,50100
9771,29481
9772,127034
9773,386294
9774,617979
9775,72339
9776,79131
9777,79043
9778,99295
9779,95678
9780,10011
9781,32921
9782,313476
9783,114044
9784,35593
9785,243957
9786,105659
9787,120696
9788,352724
9789,11603
9790,117529
9791,116997
9792,10156
9793,140879
9794,13599
9795,27517
9796,42402
9797,45947
9798,56253
9799,30779
9800,53202
9801,17542
9802,82248
9803,50544
9804,134231
9805,80480
9806,41370
9807,409979
9808,36533
9809,260844
9810,33470
9811,301559
9812,304924
9813,709064
9814,518093
9815,10037
9816,13665
9817,54806
9818,755958
9819,118129
9820,66573
9821,120162
9822,27015
9823,104507
9824,422177
9825,391305
9826,135381
9827,92827
9828,29104
9829,108045
9830,214513
9831,110038
9832,43804
9833,102701
9834,40682
9835,39303
9836,35896
9837,61527
9838,398390
9839,72779
9840,75203
9841,328046
9842,96380
9843,287804
9844,11195
9845,18634
9846,147747
9847,95972
9848,107851
9849,70186
9850,90999
9851,131338
9852,29824
9853,371725
9854,13161
9855,209799
9856,78610
9857,40392
9858,11578
9859,76570
9860,72362
9861,77830
9862,46632
9863,90915
9864,885886
9865,124191
9866,114252
9867,12590
9868,139612
9869,60423
9870,139388
9871,122185
9872,362150
9873,99520
9874,443980
9875,109740
9876,96372
9877,671637
9878,39121
9879,141752
9880,80259
9881,49894
9882,31977
9883,427092
9884,14503
9885,104442
9886,21326
9887,346988
9888,427675
9889,26946
9890,125200
9891,129604
9892,105287
9893,13190
9894,47410
9895,100087
9896,134571
9897,628674
9898,130601
9899,144612
9900,31088
9901,56205
9902,139628
9903,13622
9904,142054
9905,64850
9906,111464
9907,20468
9908,46313
9909,120085
9910,82786
9911,98169
9912,308749
9913,15167
9914,540758
9915,44534
9916,117657
9917,70584
9918,62772
9919,209976
9920,118593
9921,97521
9922,67575
9923,82189
9924,33659
9925,135130
9926,71855
9927,79805
9928,962848
9929,149018
9930,15548
9931,593991
9932,13550
9933,113372
9934,110801
9935,356832
9936,110100
9937,114158
9938,228839
9939,230956
9940,65394
9941,145789
9942,137775
9943,300497
9944,77056
9945,148716
9946,13974
9947,331727
9948,123527
9949,30335
9950,114046
9951,420569
9952,755449
9953,146658
9954,392402
9955,113365
9956,661777
9957,97140
9958,318723
9959,37270
9960,126313
9961,20118
9962,112461
9963,333537
9964,561085
9965,71251
9966,26861
9967,47824
9968,885344
9969,365020
9970,73341
9971,69784
9972,39719
9973,53423
9974,921199
9975,126773
9976,419035
9977,296602
9978,898459
9979,76019
9980,365939
9981,48956
9982,16351
9983,31298
9984,97417
9985,52093
9986,21823
9987,20321
9988,431134
9989,74579
9990,102320
9991,14009
9992,74241
9993,685108
9994,101626
9995,52571
9996,108112
9997,73381
9998,26105
9999,88314
10000,99577
